  0
SECTION
  2
HEADER
  9
$ACADVER
  1
AC1014
  9
$INSUNITS
 70
     4
  9
$EXTMIN
 10
-31.308
 20
-49.225
  9
$EXTMAX
 10
72.448
 20
38.825
  9
$LIMMIN
 10
-31.308
 20
-49.225
  9
$LIMMAX
 10
72.448
 20
38.825
  9
$HANDSEED
  5
7FFFFFFF
  0
ENDSEC
  0
SECTION
  2
TABLES
  0
TABLE
  2
VPORT
  5
1
 100
AcDbSymbolTable
 70
2
  0
ENDTAB
  0
TABLE
  2
DIMSTYLE
  5
2
 100
AcDbSymbolTable
 70
2
  0
ENDTAB
  0
TABLE
  2
APPID
  5
3
 100
AcDbSymbolTable
 70
2
  0
APPID
  5
4
 100
AcDbSymbolTableRecord
 100
AcDbRegAppTableRecord
  2
ACAD
 70
0
  0
ENDTAB
  0
TABLE
  2
UCS
  5
5
 100
AcDbSymbolTable
 70
2
  0
ENDTAB
  0
TABLE
  2
BLOCK_RECORD
  5
6
 100
AcDbSymbolTable
 70
2
  0
BLOCK_RECORD
  5
7
 100
AcDbSymbolTableRecord
 100
AcDbBlockTableRecord
  2
*MODEL_SPACE
  0
BLOCK_RECORD
  5
8
 100
AcDbSymbolTableRecord
 100
AcDbBlockTableRecord
  2
*PAPER_SPACE
  0
BLOCK_RECORD
  5
9
 100
AcDbSymbolTableRecord
 100
AcDbBlockTableRecord
  2
_HOLE
  0
ENDTAB
  0
TABLE
  2
VIEW
  5
A
 100
AcDbSymbolTable
 70
2
  0
ENDTAB
  0
TABLE
  2
LTYPE
  5
B
 100
AcDbSymbolTable
 70
2
  0
LTYPE
  5
C
 100
AcDbSymbolTableRecord
 100
AcDbLinetypeTableRecord
  2
BYBLOCK
 70
0
  3

 72
    65
 73
     0
 40
0.00000
  0
LTYPE
  5
D
 100
AcDbSymbolTableRecord
 100
AcDbLinetypeTableRecord
  2
BYLAYER
 70
0
  3

 72
    65
 73
     0
 40
0.00000
  0
LTYPE
  5
E
 100
AcDbSymbolTableRecord
 100
AcDbLinetypeTableRecord
  2
DOTTED
 70
     0
  3
Dotted
 72
    65
 73
     2
 40
0.910
 49
0.300
 74
     0
 49
-0.610
 74
     0
  0
LTYPE
  5
F
 100
AcDbSymbolTableRecord
 100
AcDbLinetypeTableRecord
  2
DASHED
 70
     0
  3
Short Dashed
 72
    65
 73
     2
 40
0.600
 49
0.300
 74
     0
 49
-0.300
 74
     0
  0
ENDTAB
  0
TABLE
  2
LAYER
  5
10
 100
AcDbSymbolTable
 70
2
  0
LAYER
  5
11
 100
AcDbSymbolTableRecord
 100
AcDbLayerTableRecord
  2
0
 70
    64
 62
     7
  6
CONTINUOUS
  0
LAYER
  5
12
 100
AcDbSymbolTableRecord
 100
AcDbLayerTableRecord
  2
SILKSCREEN_TOP
 70
    64
 62
     1
  6
CONTINUOUS
  0
LAYER
  5
13
 100
AcDbSymbolTableRecord
 100
AcDbLayerTableRecord
  2
_THROUGH_HOLE_
 70
    64
 62
     2
  6
CONTINUOUS
  0
LAYER
  5
14
 100
AcDbSymbolTableRecord
 100
AcDbLayerTableRecord
  2
_BOARD
 70
    64
 62
    252
  6
CONTINUOUS
  0
LAYER
  5
15
 100
AcDbSymbolTableRecord
 100
AcDbLayerTableRecord
  2
_DRILL
 70
    64
 62
    251
  6
CONTINUOUS
  0
ENDTAB
  0
TABLE
  2
STYLE
  5
16
 100
AcDbSymbolTable
 70
2
  0
STYLE
  5
17
 100
AcDbSymbolTableRecord
 100
AcDbTextStyleTableRecord
  2
EHAJO
 70
     0
 40
0.00000
 41
1.00000
 50
0.00000
 71
     0
 42
0.30000
  3
C:\Users\Hannes\AppData\Local\Microsoft\Windows\Fonts\eHaJo.ttf
  4

  0
ENDTAB
  0
ENDSEC
  0
SECTION
  2
BLOCKS
  0
BLOCK
  5
18
 100
AcDbEntity
  8
0
 100
AcDbBlockBegin
  2
*MODEL_SPACE
 10
0.00000
 20
0.00000
 30
0.00000
  3
*MODEL_SPACE
  1

  0
ENDBLK
  5
19
 100
AcDbEntity
  8
0
 100
AcDbBlockEnd
  0
BLOCK
  5
1A
 100
AcDbEntity
  8
0
 100
AcDbBlockBegin
  2
*PAPER_SPACE
 10
0.00000
 20
0.00000
 30
0.00000
  3
*PAPER_SPACE
  1

  0
ENDBLK
  5
1B
 100
AcDbEntity
  8
0
 100
AcDbBlockEnd
  0
BLOCK
  5
1C
 100
AcDbEntity
  8
0
 100
AcDbBlockBegin
  2
_HOLE
 70
    64
 10
0.000
 20
0.000
  0
POLYLINE
  5
1D
 100
AcDbEntity
  8
0
 100
AcDb2dPolyline
 66
     1
 10
0.000
 20
0.000
 70
     1
 40
0.50000
 41
0.50000
  0
VERTEX
  5
1E
 100
AcDbEntity
  8
0
 100
AcDbVertex
 100
AcDb2dVertex
 10
0.00000
 20
0.25000
 40
0.50000
 41
0.50000
 42
1.00000
  0
VERTEX
  5
1F
 100
AcDbEntity
  8
0
 100
AcDbVertex
 100
AcDb2dVertex
 10
0.00000
 20
-0.25000
 40
0.50000
 41
0.50000
 42
1.00000
  0
SEQEND
  5
20
 100
AcDbEntity
  8
0
  0
ENDBLK
  5
21
 100
AcDbEntity
  8
0
 100
AcDbBlockEnd
  0
ENDSEC
  0
SECTION
  2
ENTITIES
  0
POLYLINE
  5
22
 100
AcDbEntity
  8
_BOARD
 100
AcDb2dPolyline
 66
     1
 10
0.000
 20
0.000
 70
     1
 40
0.000
 41
0.000
  0
VERTEX
  5
23
 100
AcDbEntity
  8
_BOARD
 100
AcDbVertex
 100
AcDb2dVertex
 10
-18.750
 20
9.925
 40
0.150
 41
0.150
 42
1.00000
  0
VERTEX
  5
24
 100
AcDbEntity
  8
_BOARD
 100
AcDbVertex
 100
AcDb2dVertex
 10
-18.750
 20
10.075
  0
VERTEX
  5
25
 100
AcDbEntity
  8
_BOARD
 100
AcDbVertex
 100
AcDb2dVertex
 10
-18.750
 20
10.000
  0
VERTEX
  5
26
 100
AcDbEntity
  8
_BOARD
 100
AcDbVertex
 100
AcDb2dVertex
 10
-18.750
 20
10.000
 40
0.300
 41
0.300
 42
0.41421
  0
VERTEX
  5
27
 100
AcDbEntity
  8
_BOARD
 100
AcDbVertex
 100
AcDb2dVertex
 10
-19.750
 20
9.000
 40
0.150
 41
0.150
  0
VERTEX
  5
28
 100
AcDbEntity
  8
_BOARD
 100
AcDbVertex
 100
AcDb2dVertex
 10
-19.825
 20
9.000
 40
0.150
 41
0.150
 42
1.00000
  0
VERTEX
  5
29
 100
AcDbEntity
  8
_BOARD
 100
AcDbVertex
 100
AcDb2dVertex
 10
-19.675
 20
9.000
  0
VERTEX
  5
2A
 100
AcDbEntity
  8
_BOARD
 100
AcDbVertex
 100
AcDb2dVertex
 10
-19.675
 20
9.000
 40
0.150
 41
0.150
 42
1.00000
  0
VERTEX
  5
2B
 100
AcDbEntity
  8
_BOARD
 100
AcDbVertex
 100
AcDb2dVertex
 10
-19.825
 20
9.000
  0
VERTEX
  5
2C
 100
AcDbEntity
  8
_BOARD
 100
AcDbVertex
 100
AcDb2dVertex
 10
-19.750
 20
9.000
  0
VERTEX
  5
2D
 100
AcDbEntity
  8
_BOARD
 100
AcDbVertex
 100
AcDb2dVertex
 10
-19.750
 20
9.000
 40
0.300
 41
0.300
  0
VERTEX
  5
2E
 100
AcDbEntity
  8
_BOARD
 100
AcDbVertex
 100
AcDb2dVertex
 10
-19.750
 20
-27.575
 40
0.150
 41
0.150
  0
VERTEX
  5
2F
 100
AcDbEntity
  8
_BOARD
 100
AcDbVertex
 100
AcDb2dVertex
 10
-19.825
 20
-27.575
 40
0.150
 41
0.150
 42
1.00000
  0
VERTEX
  5
30
 100
AcDbEntity
  8
_BOARD
 100
AcDbVertex
 100
AcDb2dVertex
 10
-19.675
 20
-27.575
  0
VERTEX
  5
31
 100
AcDbEntity
  8
_BOARD
 100
AcDbVertex
 100
AcDb2dVertex
 10
-19.675
 20
-27.575
 40
0.150
 41
0.150
 42
1.00000
  0
VERTEX
  5
32
 100
AcDbEntity
  8
_BOARD
 100
AcDbVertex
 100
AcDb2dVertex
 10
-19.825
 20
-27.575
  0
VERTEX
  5
33
 100
AcDbEntity
  8
_BOARD
 100
AcDbVertex
 100
AcDb2dVertex
 10
-19.750
 20
-27.575
  0
VERTEX
  5
34
 100
AcDbEntity
  8
_BOARD
 100
AcDbVertex
 100
AcDb2dVertex
 10
-19.750
 20
-27.575
 40
0.300
 41
0.300
 42
0.41421
  0
VERTEX
  5
35
 100
AcDbEntity
  8
_BOARD
 100
AcDbVertex
 100
AcDb2dVertex
 10
-18.750
 20
-28.575
 40
0.150
 41
0.150
  0
VERTEX
  5
36
 100
AcDbEntity
  8
_BOARD
 100
AcDbVertex
 100
AcDb2dVertex
 10
-18.750
 20
-28.650
 40
0.150
 41
0.150
 42
1.00000
  0
VERTEX
  5
37
 100
AcDbEntity
  8
_BOARD
 100
AcDbVertex
 100
AcDb2dVertex
 10
-18.750
 20
-28.500
  0
VERTEX
  5
38
 100
AcDbEntity
  8
_BOARD
 100
AcDbVertex
 100
AcDb2dVertex
 10
-18.750
 20
-28.500
 40
0.150
 41
0.150
 42
1.00000
  0
VERTEX
  5
39
 100
AcDbEntity
  8
_BOARD
 100
AcDbVertex
 100
AcDb2dVertex
 10
-18.750
 20
-28.650
  0
VERTEX
  5
3A
 100
AcDbEntity
  8
_BOARD
 100
AcDbVertex
 100
AcDb2dVertex
 10
-18.750
 20
-28.575
  0
VERTEX
  5
3B
 100
AcDbEntity
  8
_BOARD
 100
AcDbVertex
 100
AcDb2dVertex
 10
-18.750
 20
-28.575
 40
0.300
 41
0.300
  0
VERTEX
  5
3C
 100
AcDbEntity
  8
_BOARD
 100
AcDbVertex
 100
AcDb2dVertex
 10
59.000
 20
-28.575
 40
0.150
 41
0.150
  0
VERTEX
  5
3D
 100
AcDbEntity
  8
_BOARD
 100
AcDbVertex
 100
AcDb2dVertex
 10
59.000
 20
-28.650
 40
0.150
 41
0.150
 42
1.00000
  0
VERTEX
  5
3E
 100
AcDbEntity
  8
_BOARD
 100
AcDbVertex
 100
AcDb2dVertex
 10
59.000
 20
-28.500
  0
VERTEX
  5
3F
 100
AcDbEntity
  8
_BOARD
 100
AcDbVertex
 100
AcDb2dVertex
 10
59.000
 20
-28.500
 40
0.150
 41
0.150
 42
1.00000
  0
VERTEX
  5
40
 100
AcDbEntity
  8
_BOARD
 100
AcDbVertex
 100
AcDb2dVertex
 10
59.000
 20
-28.650
  0
VERTEX
  5
41
 100
AcDbEntity
  8
_BOARD
 100
AcDbVertex
 100
AcDb2dVertex
 10
59.000
 20
-28.575
  0
VERTEX
  5
42
 100
AcDbEntity
  8
_BOARD
 100
AcDbVertex
 100
AcDb2dVertex
 10
59.000
 20
-28.575
 40
0.300
 41
0.300
 42
0.41421
  0
VERTEX
  5
43
 100
AcDbEntity
  8
_BOARD
 100
AcDbVertex
 100
AcDb2dVertex
 10
60.000
 20
-27.575
 40
0.150
 41
0.150
  0
VERTEX
  5
44
 100
AcDbEntity
  8
_BOARD
 100
AcDbVertex
 100
AcDb2dVertex
 10
60.075
 20
-27.575
 40
0.150
 41
0.150
 42
1.00000
  0
VERTEX
  5
45
 100
AcDbEntity
  8
_BOARD
 100
AcDbVertex
 100
AcDb2dVertex
 10
59.925
 20
-27.575
  0
VERTEX
  5
46
 100
AcDbEntity
  8
_BOARD
 100
AcDbVertex
 100
AcDb2dVertex
 10
59.925
 20
-27.575
 40
0.150
 41
0.150
 42
1.00000
  0
VERTEX
  5
47
 100
AcDbEntity
  8
_BOARD
 100
AcDbVertex
 100
AcDb2dVertex
 10
60.075
 20
-27.575
  0
VERTEX
  5
48
 100
AcDbEntity
  8
_BOARD
 100
AcDbVertex
 100
AcDb2dVertex
 10
60.000
 20
-27.575
  0
VERTEX
  5
49
 100
AcDbEntity
  8
_BOARD
 100
AcDbVertex
 100
AcDb2dVertex
 10
60.000
 20
-27.575
 40
0.300
 41
0.300
  0
VERTEX
  5
4A
 100
AcDbEntity
  8
_BOARD
 100
AcDbVertex
 100
AcDb2dVertex
 10
60.000
 20
-1.635
 40
0.150
 41
0.150
  0
VERTEX
  5
4B
 100
AcDbEntity
  8
_BOARD
 100
AcDbVertex
 100
AcDb2dVertex
 10
60.075
 20
-1.635
 40
0.150
 41
0.150
 42
1.00000
  0
VERTEX
  5
4C
 100
AcDbEntity
  8
_BOARD
 100
AcDbVertex
 100
AcDb2dVertex
 10
59.925
 20
-1.635
  0
VERTEX
  5
4D
 100
AcDbEntity
  8
_BOARD
 100
AcDbVertex
 100
AcDb2dVertex
 10
59.925
 20
-1.635
 40
0.150
 41
0.150
 42
1.00000
  0
VERTEX
  5
4E
 100
AcDbEntity
  8
_BOARD
 100
AcDbVertex
 100
AcDb2dVertex
 10
60.075
 20
-1.635
  0
VERTEX
  5
4F
 100
AcDbEntity
  8
_BOARD
 100
AcDbVertex
 100
AcDb2dVertex
 10
60.000
 20
-1.635
  0
VERTEX
  5
50
 100
AcDbEntity
  8
_BOARD
 100
AcDbVertex
 100
AcDb2dVertex
 10
60.000
 20
-1.635
 40
0.300
 41
0.300
 42
0.41421
  0
VERTEX
  5
51
 100
AcDbEntity
  8
_BOARD
 100
AcDbVertex
 100
AcDb2dVertex
 10
59.000
 20
-0.635
 40
0.150
 41
0.150
  0
VERTEX
  5
52
 100
AcDbEntity
  8
_BOARD
 100
AcDbVertex
 100
AcDb2dVertex
 10
59.000
 20
-0.560
 40
0.150
 41
0.150
 42
1.00000
  0
VERTEX
  5
53
 100
AcDbEntity
  8
_BOARD
 100
AcDbVertex
 100
AcDb2dVertex
 10
59.000
 20
-0.710
  0
VERTEX
  5
54
 100
AcDbEntity
  8
_BOARD
 100
AcDbVertex
 100
AcDb2dVertex
 10
59.000
 20
-0.710
 40
0.150
 41
0.150
 42
1.00000
  0
VERTEX
  5
55
 100
AcDbEntity
  8
_BOARD
 100
AcDbVertex
 100
AcDb2dVertex
 10
59.000
 20
-0.560
  0
VERTEX
  5
56
 100
AcDbEntity
  8
_BOARD
 100
AcDbVertex
 100
AcDb2dVertex
 10
59.000
 20
-0.635
  0
VERTEX
  5
57
 100
AcDbEntity
  8
_BOARD
 100
AcDbVertex
 100
AcDb2dVertex
 10
59.000
 20
-0.635
 40
0.300
 41
0.300
  0
VERTEX
  5
58
 100
AcDbEntity
  8
_BOARD
 100
AcDbVertex
 100
AcDb2dVertex
 10
20.385
 20
-0.635
 40
0.150
 41
0.150
  0
VERTEX
  5
59
 100
AcDbEntity
  8
_BOARD
 100
AcDbVertex
 100
AcDb2dVertex
 10
20.385
 20
-0.560
 40
0.150
 41
0.150
 42
1.00000
  0
VERTEX
  5
5A
 100
AcDbEntity
  8
_BOARD
 100
AcDbVertex
 100
AcDb2dVertex
 10
20.385
 20
-0.710
  0
VERTEX
  5
5B
 100
AcDbEntity
  8
_BOARD
 100
AcDbVertex
 100
AcDb2dVertex
 10
20.385
 20
-0.560
 40
0.150
 41
0.150
 42
-1.00000
  0
VERTEX
  5
5C
 100
AcDbEntity
  8
_BOARD
 100
AcDbVertex
 100
AcDb2dVertex
 10
20.385
 20
-0.710
  0
VERTEX
  5
5D
 100
AcDbEntity
  8
_BOARD
 100
AcDbVertex
 100
AcDb2dVertex
 10
20.385
 20
-0.635
  0
VERTEX
  5
5E
 100
AcDbEntity
  8
_BOARD
 100
AcDbVertex
 100
AcDb2dVertex
 10
20.385
 20
-0.635
 40
0.300
 41
0.300
 42
-0.41421
  0
VERTEX
  5
5F
 100
AcDbEntity
  8
_BOARD
 100
AcDbVertex
 100
AcDb2dVertex
 10
19.750
 20
0.000
 40
0.150
 41
0.150
  0
VERTEX
  5
60
 100
AcDbEntity
  8
_BOARD
 100
AcDbVertex
 100
AcDb2dVertex
 10
19.675
 20
0.000
 40
0.150
 41
0.150
 42
-1.00000
  0
VERTEX
  5
61
 100
AcDbEntity
  8
_BOARD
 100
AcDbVertex
 100
AcDb2dVertex
 10
19.825
 20
0.000
  0
VERTEX
  5
62
 100
AcDbEntity
  8
_BOARD
 100
AcDbVertex
 100
AcDb2dVertex
 10
19.675
 20
0.000
 40
0.150
 41
0.150
 42
1.00000
  0
VERTEX
  5
63
 100
AcDbEntity
  8
_BOARD
 100
AcDbVertex
 100
AcDb2dVertex
 10
19.825
 20
0.000
  0
VERTEX
  5
64
 100
AcDbEntity
  8
_BOARD
 100
AcDbVertex
 100
AcDb2dVertex
 10
19.750
 20
0.000
  0
VERTEX
  5
65
 100
AcDbEntity
  8
_BOARD
 100
AcDbVertex
 100
AcDb2dVertex
 10
19.750
 20
0.000
 40
0.300
 41
0.300
  0
VERTEX
  5
66
 100
AcDbEntity
  8
_BOARD
 100
AcDbVertex
 100
AcDb2dVertex
 10
19.750
 20
9.000
 40
0.150
 41
0.150
  0
VERTEX
  5
67
 100
AcDbEntity
  8
_BOARD
 100
AcDbVertex
 100
AcDb2dVertex
 10
19.825
 20
9.000
 40
0.150
 41
0.150
 42
1.00000
  0
VERTEX
  5
68
 100
AcDbEntity
  8
_BOARD
 100
AcDbVertex
 100
AcDb2dVertex
 10
19.675
 20
9.000
  0
VERTEX
  5
69
 100
AcDbEntity
  8
_BOARD
 100
AcDbVertex
 100
AcDb2dVertex
 10
19.675
 20
9.000
 40
0.150
 41
0.150
 42
1.00000
  0
VERTEX
  5
6A
 100
AcDbEntity
  8
_BOARD
 100
AcDbVertex
 100
AcDb2dVertex
 10
19.825
 20
9.000
  0
VERTEX
  5
6B
 100
AcDbEntity
  8
_BOARD
 100
AcDbVertex
 100
AcDb2dVertex
 10
19.750
 20
9.000
  0
VERTEX
  5
6C
 100
AcDbEntity
  8
_BOARD
 100
AcDbVertex
 100
AcDb2dVertex
 10
19.750
 20
9.000
 40
0.300
 41
0.300
 42
0.41421
  0
VERTEX
  5
6D
 100
AcDbEntity
  8
_BOARD
 100
AcDbVertex
 100
AcDb2dVertex
 10
18.750
 20
10.000
 40
0.150
 41
0.150
  0
VERTEX
  5
6E
 100
AcDbEntity
  8
_BOARD
 100
AcDbVertex
 100
AcDb2dVertex
 10
18.750
 20
10.075
 40
0.150
 41
0.150
 42
1.00000
  0
VERTEX
  5
6F
 100
AcDbEntity
  8
_BOARD
 100
AcDbVertex
 100
AcDb2dVertex
 10
18.750
 20
9.925
  0
VERTEX
  5
70
 100
AcDbEntity
  8
_BOARD
 100
AcDbVertex
 100
AcDb2dVertex
 10
18.750
 20
9.925
 40
0.150
 41
0.150
 42
1.00000
  0
VERTEX
  5
71
 100
AcDbEntity
  8
_BOARD
 100
AcDbVertex
 100
AcDb2dVertex
 10
18.750
 20
10.075
  0
VERTEX
  5
72
 100
AcDbEntity
  8
_BOARD
 100
AcDbVertex
 100
AcDb2dVertex
 10
18.750
 20
10.000
  0
VERTEX
  5
73
 100
AcDbEntity
  8
_BOARD
 100
AcDbVertex
 100
AcDb2dVertex
 10
18.750
 20
10.000
 40
0.300
 41
0.300
  0
VERTEX
  5
74
 100
AcDbEntity
  8
_BOARD
 100
AcDbVertex
 100
AcDb2dVertex
 10
9.000
 20
10.000
 40
0.150
 41
0.150
  0
VERTEX
  5
75
 100
AcDbEntity
  8
_BOARD
 100
AcDbVertex
 100
AcDb2dVertex
 10
9.000
 20
10.075
 40
0.150
 41
0.150
 42
1.00000
  0
VERTEX
  5
76
 100
AcDbEntity
  8
_BOARD
 100
AcDbVertex
 100
AcDb2dVertex
 10
9.000
 20
9.925
  0
VERTEX
  5
77
 100
AcDbEntity
  8
_BOARD
 100
AcDbVertex
 100
AcDb2dVertex
 10
9.000
 20
10.075
 40
0.150
 41
0.150
 42
-1.00000
  0
VERTEX
  5
78
 100
AcDbEntity
  8
_BOARD
 100
AcDbVertex
 100
AcDb2dVertex
 10
9.000
 20
9.925
  0
VERTEX
  5
79
 100
AcDbEntity
  8
_BOARD
 100
AcDbVertex
 100
AcDb2dVertex
 10
9.000
 20
10.000
  0
VERTEX
  5
7A
 100
AcDbEntity
  8
_BOARD
 100
AcDbVertex
 100
AcDb2dVertex
 10
9.000
 20
10.000
 40
0.300
 41
0.300
 42
-0.41421
  0
VERTEX
  5
7B
 100
AcDbEntity
  8
_BOARD
 100
AcDbVertex
 100
AcDb2dVertex
 10
5.000
 20
14.000
 40
0.150
 41
0.150
  0
VERTEX
  5
7C
 100
AcDbEntity
  8
_BOARD
 100
AcDbVertex
 100
AcDb2dVertex
 10
4.925
 20
14.000
 40
0.150
 41
0.150
 42
-1.00000
  0
VERTEX
  5
7D
 100
AcDbEntity
  8
_BOARD
 100
AcDbVertex
 100
AcDb2dVertex
 10
5.075
 20
14.000
  0
VERTEX
  5
7E
 100
AcDbEntity
  8
_BOARD
 100
AcDbVertex
 100
AcDb2dVertex
 10
4.925
 20
14.000
 40
0.150
 41
0.150
 42
1.00000
  0
VERTEX
  5
7F
 100
AcDbEntity
  8
_BOARD
 100
AcDbVertex
 100
AcDb2dVertex
 10
5.075
 20
14.000
  0
VERTEX
  5
80
 100
AcDbEntity
  8
_BOARD
 100
AcDbVertex
 100
AcDb2dVertex
 10
5.000
 20
14.000
  0
VERTEX
  5
81
 100
AcDbEntity
  8
_BOARD
 100
AcDbVertex
 100
AcDb2dVertex
 10
5.000
 20
14.000
 40
0.300
 41
0.300
  0
VERTEX
  5
82
 100
AcDbEntity
  8
_BOARD
 100
AcDbVertex
 100
AcDb2dVertex
 10
5.000
 20
23.305
 40
0.150
 41
0.150
  0
VERTEX
  5
83
 100
AcDbEntity
  8
_BOARD
 100
AcDbVertex
 100
AcDb2dVertex
 10
5.075
 20
23.305
 40
0.150
 41
0.150
 42
1.00000
  0
VERTEX
  5
84
 100
AcDbEntity
  8
_BOARD
 100
AcDbVertex
 100
AcDb2dVertex
 10
4.925
 20
23.305
  0
VERTEX
  5
85
 100
AcDbEntity
  8
_BOARD
 100
AcDbVertex
 100
AcDb2dVertex
 10
4.925
 20
23.305
 40
0.150
 41
0.150
 42
1.00000
  0
VERTEX
  5
86
 100
AcDbEntity
  8
_BOARD
 100
AcDbVertex
 100
AcDb2dVertex
 10
5.075
 20
23.305
  0
VERTEX
  5
87
 100
AcDbEntity
  8
_BOARD
 100
AcDbVertex
 100
AcDb2dVertex
 10
5.000
 20
23.305
  0
VERTEX
  5
88
 100
AcDbEntity
  8
_BOARD
 100
AcDbVertex
 100
AcDb2dVertex
 10
5.000
 20
23.305
 40
0.300
 41
0.300
 42
0.41421
  0
VERTEX
  5
89
 100
AcDbEntity
  8
_BOARD
 100
AcDbVertex
 100
AcDb2dVertex
 10
1.000
 20
27.305
 40
0.150
 41
0.150
  0
VERTEX
  5
8A
 100
AcDbEntity
  8
_BOARD
 100
AcDbVertex
 100
AcDb2dVertex
 10
1.000
 20
27.380
 40
0.150
 41
0.150
 42
1.00000
  0
VERTEX
  5
8B
 100
AcDbEntity
  8
_BOARD
 100
AcDbVertex
 100
AcDb2dVertex
 10
1.000
 20
27.230
  0
VERTEX
  5
8C
 100
AcDbEntity
  8
_BOARD
 100
AcDbVertex
 100
AcDb2dVertex
 10
1.000
 20
27.230
 40
0.150
 41
0.150
 42
1.00000
  0
VERTEX
  5
8D
 100
AcDbEntity
  8
_BOARD
 100
AcDbVertex
 100
AcDb2dVertex
 10
1.000
 20
27.380
  0
VERTEX
  5
8E
 100
AcDbEntity
  8
_BOARD
 100
AcDbVertex
 100
AcDb2dVertex
 10
1.000
 20
27.305
  0
VERTEX
  5
8F
 100
AcDbEntity
  8
_BOARD
 100
AcDbVertex
 100
AcDb2dVertex
 10
1.000
 20
27.305
 40
0.300
 41
0.300
  0
VERTEX
  5
90
 100
AcDbEntity
  8
_BOARD
 100
AcDbVertex
 100
AcDb2dVertex
 10
-1.000
 20
27.305
 40
0.150
 41
0.150
  0
VERTEX
  5
91
 100
AcDbEntity
  8
_BOARD
 100
AcDbVertex
 100
AcDb2dVertex
 10
-1.000
 20
27.380
 40
0.150
 41
0.150
 42
1.00000
  0
VERTEX
  5
92
 100
AcDbEntity
  8
_BOARD
 100
AcDbVertex
 100
AcDb2dVertex
 10
-1.000
 20
27.230
  0
VERTEX
  5
93
 100
AcDbEntity
  8
_BOARD
 100
AcDbVertex
 100
AcDb2dVertex
 10
-1.000
 20
27.230
 40
0.150
 41
0.150
 42
1.00000
  0
VERTEX
  5
94
 100
AcDbEntity
  8
_BOARD
 100
AcDbVertex
 100
AcDb2dVertex
 10
-1.000
 20
27.380
  0
VERTEX
  5
95
 100
AcDbEntity
  8
_BOARD
 100
AcDbVertex
 100
AcDb2dVertex
 10
-1.000
 20
27.305
  0
VERTEX
  5
96
 100
AcDbEntity
  8
_BOARD
 100
AcDbVertex
 100
AcDb2dVertex
 10
-1.000
 20
27.305
 40
0.300
 41
0.300
 42
0.41421
  0
VERTEX
  5
97
 100
AcDbEntity
  8
_BOARD
 100
AcDbVertex
 100
AcDb2dVertex
 10
-5.000
 20
23.305
 40
0.150
 41
0.150
  0
VERTEX
  5
98
 100
AcDbEntity
  8
_BOARD
 100
AcDbVertex
 100
AcDb2dVertex
 10
-5.075
 20
23.305
 40
0.150
 41
0.150
 42
1.00000
  0
VERTEX
  5
99
 100
AcDbEntity
  8
_BOARD
 100
AcDbVertex
 100
AcDb2dVertex
 10
-4.925
 20
23.305
  0
VERTEX
  5
9A
 100
AcDbEntity
  8
_BOARD
 100
AcDbVertex
 100
AcDb2dVertex
 10
-4.925
 20
23.305
 40
0.150
 41
0.150
 42
1.00000
  0
VERTEX
  5
9B
 100
AcDbEntity
  8
_BOARD
 100
AcDbVertex
 100
AcDb2dVertex
 10
-5.075
 20
23.305
  0
VERTEX
  5
9C
 100
AcDbEntity
  8
_BOARD
 100
AcDbVertex
 100
AcDb2dVertex
 10
-5.000
 20
23.305
  0
VERTEX
  5
9D
 100
AcDbEntity
  8
_BOARD
 100
AcDbVertex
 100
AcDb2dVertex
 10
-5.000
 20
23.305
 40
0.300
 41
0.300
  0
VERTEX
  5
9E
 100
AcDbEntity
  8
_BOARD
 100
AcDbVertex
 100
AcDb2dVertex
 10
-5.000
 20
14.000
 40
0.150
 41
0.150
  0
VERTEX
  5
9F
 100
AcDbEntity
  8
_BOARD
 100
AcDbVertex
 100
AcDb2dVertex
 10
-5.075
 20
14.000
 40
0.150
 41
0.150
 42
1.00000
  0
VERTEX
  5
A0
 100
AcDbEntity
  8
_BOARD
 100
AcDbVertex
 100
AcDb2dVertex
 10
-4.925
 20
14.000
  0
VERTEX
  5
A1
 100
AcDbEntity
  8
_BOARD
 100
AcDbVertex
 100
AcDb2dVertex
 10
-5.075
 20
14.000
 40
0.150
 41
0.150
 42
-1.00000
  0
VERTEX
  5
A2
 100
AcDbEntity
  8
_BOARD
 100
AcDbVertex
 100
AcDb2dVertex
 10
-4.925
 20
14.000
  0
VERTEX
  5
A3
 100
AcDbEntity
  8
_BOARD
 100
AcDbVertex
 100
AcDb2dVertex
 10
-5.000
 20
14.000
  0
VERTEX
  5
A4
 100
AcDbEntity
  8
_BOARD
 100
AcDbVertex
 100
AcDb2dVertex
 10
-5.000
 20
14.000
 40
0.300
 41
0.300
 42
-0.41421
  0
VERTEX
  5
A5
 100
AcDbEntity
  8
_BOARD
 100
AcDbVertex
 100
AcDb2dVertex
 10
-9.000
 20
10.000
 40
0.150
 41
0.150
  0
VERTEX
  5
A6
 100
AcDbEntity
  8
_BOARD
 100
AcDbVertex
 100
AcDb2dVertex
 10
-9.000
 20
9.925
 40
0.150
 41
0.150
 42
-1.00000
  0
VERTEX
  5
A7
 100
AcDbEntity
  8
_BOARD
 100
AcDbVertex
 100
AcDb2dVertex
 10
-9.000
 20
10.075
  0
VERTEX
  5
A8
 100
AcDbEntity
  8
_BOARD
 100
AcDbVertex
 100
AcDb2dVertex
 10
-9.000
 20
9.925
 40
0.150
 41
0.150
 42
1.00000
  0
VERTEX
  5
A9
 100
AcDbEntity
  8
_BOARD
 100
AcDbVertex
 100
AcDb2dVertex
 10
-9.000
 20
10.075
  0
VERTEX
  5
AA
 100
AcDbEntity
  8
_BOARD
 100
AcDbVertex
 100
AcDb2dVertex
 10
-9.000
 20
10.000
  0
VERTEX
  5
AB
 100
AcDbEntity
  8
_BOARD
 100
AcDbVertex
 100
AcDb2dVertex
 10
-9.000
 20
10.000
 40
0.300
 41
0.300
  0
VERTEX
  5
AC
 100
AcDbEntity
  8
_BOARD
 100
AcDbVertex
 100
AcDb2dVertex
 10
-18.750
 20
10.000
 40
0.300
 41
0.300
  0
VERTEX
  5
AD
 100
AcDbEntity
  8
_BOARD
 100
AcDbVertex
 100
AcDb2dVertex
 10
-18.750
 20
10.000
  0
VERTEX
  5
AE
 100
AcDbEntity
  8
_BOARD
 100
AcDbVertex
 100
AcDb2dVertex
 10
-18.750
 20
10.000
 40
0.150
 41
0.150
  0
VERTEX
  5
AF
 100
AcDbEntity
  8
_BOARD
 100
AcDbVertex
 100
AcDb2dVertex
 10
-18.750
 20
10.075
 40
0.150
 41
0.150
 42
1.00000
  0
VERTEX
  5
B0
 100
AcDbEntity
  8
_BOARD
 100
AcDbVertex
 100
AcDb2dVertex
 10
-18.750
 20
9.925
  0
SEQEND
  5
B1
 100
AcDbEntity
  8
_BOARD
  0
POLYLINE
  5
B2
 100
AcDbEntity
  8
SILKSCREEN_TOP
 100
AcDb2dPolyline
 66
     1
 10
0.000
 20
0.000
 40
0.000
 41
0.000
  0
VERTEX
  5
B3
 100
AcDbEntity
  8
SILKSCREEN_TOP
 100
AcDbVertex
 100
AcDb2dVertex
 10
2.040
 20
18.815
 40
0.100
 41
0.100
 42
1.00000
  0
VERTEX
  5
B4
 100
AcDbEntity
  8
SILKSCREEN_TOP
 100
AcDbVertex
 100
AcDb2dVertex
 10
2.040
 20
18.915
  0
VERTEX
  5
B5
 100
AcDbEntity
  8
SILKSCREEN_TOP
 100
AcDbVertex
 100
AcDb2dVertex
 10
2.040
 20
18.865
  0
VERTEX
  5
B6
 100
AcDbEntity
  8
SILKSCREEN_TOP
 100
AcDbVertex
 100
AcDb2dVertex
 10
2.040
 20
18.865
 40
0.200
 41
0.200
  0
VERTEX
  5
B7
 100
AcDbEntity
  8
SILKSCREEN_TOP
 100
AcDbVertex
 100
AcDb2dVertex
 10
1.340
 20
18.865
 40
0.200
 41
0.200
  0
VERTEX
  5
B8
 100
AcDbEntity
  8
SILKSCREEN_TOP
 100
AcDbVertex
 100
AcDb2dVertex
 10
1.340
 20
18.865
  0
VERTEX
  5
B9
 100
AcDbEntity
  8
SILKSCREEN_TOP
 100
AcDbVertex
 100
AcDb2dVertex
 10
1.340
 20
18.865
 40
0.100
 41
0.100
  0
VERTEX
  5
BA
 100
AcDbEntity
  8
SILKSCREEN_TOP
 100
AcDbVertex
 100
AcDb2dVertex
 10
1.340
 20
18.915
 40
0.100
 41
0.100
 42
1.00000
  0
VERTEX
  5
BB
 100
AcDbEntity
  8
SILKSCREEN_TOP
 100
AcDbVertex
 100
AcDb2dVertex
 10
1.340
 20
18.815
  0
SEQEND
  5
BC
 100
AcDbEntity
  8
SILKSCREEN_TOP
  0
POLYLINE
  5
BD
 100
AcDbEntity
  8
SILKSCREEN_TOP
 100
AcDb2dPolyline
 66
     1
 10
0.000
 20
0.000
 40
0.000
 41
0.000
  0
VERTEX
  5
BE
 100
AcDbEntity
  8
SILKSCREEN_TOP
 100
AcDbVertex
 100
AcDb2dVertex
 10
2.040
 20
17.565
 40
0.100
 41
0.100
 42
1.00000
  0
VERTEX
  5
BF
 100
AcDbEntity
  8
SILKSCREEN_TOP
 100
AcDbVertex
 100
AcDb2dVertex
 10
2.040
 20
17.665
  0
VERTEX
  5
C0
 100
AcDbEntity
  8
SILKSCREEN_TOP
 100
AcDbVertex
 100
AcDb2dVertex
 10
2.040
 20
17.615
  0
VERTEX
  5
C1
 100
AcDbEntity
  8
SILKSCREEN_TOP
 100
AcDbVertex
 100
AcDb2dVertex
 10
2.040
 20
17.615
 40
0.200
 41
0.200
  0
VERTEX
  5
C2
 100
AcDbEntity
  8
SILKSCREEN_TOP
 100
AcDbVertex
 100
AcDb2dVertex
 10
1.340
 20
17.615
 40
0.200
 41
0.200
  0
VERTEX
  5
C3
 100
AcDbEntity
  8
SILKSCREEN_TOP
 100
AcDbVertex
 100
AcDb2dVertex
 10
1.340
 20
17.615
  0
VERTEX
  5
C4
 100
AcDbEntity
  8
SILKSCREEN_TOP
 100
AcDbVertex
 100
AcDb2dVertex
 10
1.340
 20
17.615
 40
0.100
 41
0.100
  0
VERTEX
  5
C5
 100
AcDbEntity
  8
SILKSCREEN_TOP
 100
AcDbVertex
 100
AcDb2dVertex
 10
1.340
 20
17.665
 40
0.100
 41
0.100
 42
1.00000
  0
VERTEX
  5
C6
 100
AcDbEntity
  8
SILKSCREEN_TOP
 100
AcDbVertex
 100
AcDb2dVertex
 10
1.340
 20
17.565
  0
SEQEND
  5
C7
 100
AcDbEntity
  8
SILKSCREEN_TOP
  0
POLYLINE
  5
C8
 100
AcDbEntity
  8
_TOP_SIDE_
 100
AcDb2dPolyline
 66
     1
 10
0.000
 20
0.000
 70
     1
 40
0.000
 41
0.000
  0
VERTEX
  5
C9
 100
AcDbEntity
  8
_TOP_SIDE_
 100
AcDbVertex
 100
AcDb2dVertex
 10
2.688
 20
17.615
 40
0.005
 41
0.005
 42
1.00000
  0
VERTEX
  5
CA
 100
AcDbEntity
  8
_TOP_SIDE_
 100
AcDbVertex
 100
AcDb2dVertex
 10
2.693
 20
17.615
  0
VERTEX
  5
CB
 100
AcDbEntity
  8
_TOP_SIDE_
 100
AcDbVertex
 100
AcDb2dVertex
 10
2.690
 20
17.615
  0
VERTEX
  5
CC
 100
AcDbEntity
  8
_TOP_SIDE_
 100
AcDbVertex
 100
AcDb2dVertex
 10
2.690
 20
17.615
 40
0.010
 41
0.010
  0
VERTEX
  5
CD
 100
AcDbEntity
  8
_TOP_SIDE_
 100
AcDbVertex
 100
AcDb2dVertex
 10
2.690
 20
18.865
 40
0.005
 41
0.005
  0
VERTEX
  5
CE
 100
AcDbEntity
  8
_TOP_SIDE_
 100
AcDbVertex
 100
AcDb2dVertex
 10
2.693
 20
18.865
 40
0.005
 41
0.005
 42
1.00000
  0
VERTEX
  5
CF
 100
AcDbEntity
  8
_TOP_SIDE_
 100
AcDbVertex
 100
AcDb2dVertex
 10
2.688
 20
18.865
  0
VERTEX
  5
D0
 100
AcDbEntity
  8
_TOP_SIDE_
 100
AcDbVertex
 100
AcDb2dVertex
 10
2.690
 20
18.863
 40
0.005
 41
0.005
 42
1.00000
  0
VERTEX
  5
D1
 100
AcDbEntity
  8
_TOP_SIDE_
 100
AcDbVertex
 100
AcDb2dVertex
 10
2.690
 20
18.868
  0
VERTEX
  5
D2
 100
AcDbEntity
  8
_TOP_SIDE_
 100
AcDbVertex
 100
AcDb2dVertex
 10
2.690
 20
18.865
  0
VERTEX
  5
D3
 100
AcDbEntity
  8
_TOP_SIDE_
 100
AcDbVertex
 100
AcDb2dVertex
 10
2.690
 20
18.865
 40
0.010
 41
0.010
  0
VERTEX
  5
D4
 100
AcDbEntity
  8
_TOP_SIDE_
 100
AcDbVertex
 100
AcDb2dVertex
 10
0.690
 20
18.865
 40
0.005
 41
0.005
  0
VERTEX
  5
D5
 100
AcDbEntity
  8
_TOP_SIDE_
 100
AcDbVertex
 100
AcDb2dVertex
 10
0.690
 20
18.868
 40
0.005
 41
0.005
 42
1.00000
  0
VERTEX
  5
D6
 100
AcDbEntity
  8
_TOP_SIDE_
 100
AcDbVertex
 100
AcDb2dVertex
 10
0.690
 20
18.863
  0
VERTEX
  5
D7
 100
AcDbEntity
  8
_TOP_SIDE_
 100
AcDbVertex
 100
AcDb2dVertex
 10
0.693
 20
18.865
 40
0.005
 41
0.005
 42
1.00000
  0
VERTEX
  5
D8
 100
AcDbEntity
  8
_TOP_SIDE_
 100
AcDbVertex
 100
AcDb2dVertex
 10
0.688
 20
18.865
  0
VERTEX
  5
D9
 100
AcDbEntity
  8
_TOP_SIDE_
 100
AcDbVertex
 100
AcDb2dVertex
 10
0.690
 20
18.865
  0
VERTEX
  5
DA
 100
AcDbEntity
  8
_TOP_SIDE_
 100
AcDbVertex
 100
AcDb2dVertex
 10
0.690
 20
18.865
 40
0.010
 41
0.010
  0
VERTEX
  5
DB
 100
AcDbEntity
  8
_TOP_SIDE_
 100
AcDbVertex
 100
AcDb2dVertex
 10
0.690
 20
17.615
 40
0.005
 41
0.005
  0
VERTEX
  5
DC
 100
AcDbEntity
  8
_TOP_SIDE_
 100
AcDbVertex
 100
AcDb2dVertex
 10
0.688
 20
17.615
 40
0.005
 41
0.005
 42
1.00000
  0
VERTEX
  5
DD
 100
AcDbEntity
  8
_TOP_SIDE_
 100
AcDbVertex
 100
AcDb2dVertex
 10
0.693
 20
17.615
  0
VERTEX
  5
DE
 100
AcDbEntity
  8
_TOP_SIDE_
 100
AcDbVertex
 100
AcDb2dVertex
 10
0.690
 20
17.618
 40
0.005
 41
0.005
 42
1.00000
  0
VERTEX
  5
DF
 100
AcDbEntity
  8
_TOP_SIDE_
 100
AcDbVertex
 100
AcDb2dVertex
 10
0.690
 20
17.613
  0
VERTEX
  5
E0
 100
AcDbEntity
  8
_TOP_SIDE_
 100
AcDbVertex
 100
AcDb2dVertex
 10
0.690
 20
17.615
  0
VERTEX
  5
E1
 100
AcDbEntity
  8
_TOP_SIDE_
 100
AcDbVertex
 100
AcDb2dVertex
 10
0.690
 20
17.615
 40
0.010
 41
0.010
  0
VERTEX
  5
E2
 100
AcDbEntity
  8
_TOP_SIDE_
 100
AcDbVertex
 100
AcDb2dVertex
 10
2.690
 20
17.615
 40
0.010
 41
0.010
  0
VERTEX
  5
E3
 100
AcDbEntity
  8
_TOP_SIDE_
 100
AcDbVertex
 100
AcDb2dVertex
 10
2.690
 20
17.615
  0
VERTEX
  5
E4
 100
AcDbEntity
  8
_TOP_SIDE_
 100
AcDbVertex
 100
AcDb2dVertex
 10
2.690
 20
17.615
 40
0.005
 41
0.005
  0
VERTEX
  5
E5
 100
AcDbEntity
  8
_TOP_SIDE_
 100
AcDbVertex
 100
AcDb2dVertex
 10
2.690
 20
17.613
 40
0.005
 41
0.005
 42
1.00000
  0
VERTEX
  5
E6
 100
AcDbEntity
  8
_TOP_SIDE_
 100
AcDbVertex
 100
AcDb2dVertex
 10
2.690
 20
17.618
  0
SEQEND
  5
E7
 100
AcDbEntity
  8
_TOP_SIDE_
  0
POLYLINE
  5
E8
 100
AcDbEntity
  8
SILKSCREEN_TOP
 100
AcDb2dPolyline
 66
     1
 10
0.000
 20
0.000
 40
0.000
 41
0.000
  0
VERTEX
  5
E9
 100
AcDbEntity
  8
SILKSCREEN_TOP
 100
AcDbVertex
 100
AcDb2dVertex
 10
-2.470
 20
17.665
 40
0.100
 41
0.100
 42
1.00000
  0
VERTEX
  5
EA
 100
AcDbEntity
  8
SILKSCREEN_TOP
 100
AcDbVertex
 100
AcDb2dVertex
 10
-2.470
 20
17.565
  0
VERTEX
  5
EB
 100
AcDbEntity
  8
SILKSCREEN_TOP
 100
AcDbVertex
 100
AcDb2dVertex
 10
-2.470
 20
17.615
  0
VERTEX
  5
EC
 100
AcDbEntity
  8
SILKSCREEN_TOP
 100
AcDbVertex
 100
AcDb2dVertex
 10
-2.470
 20
17.615
 40
0.200
 41
0.200
  0
VERTEX
  5
ED
 100
AcDbEntity
  8
SILKSCREEN_TOP
 100
AcDbVertex
 100
AcDb2dVertex
 10
-1.770
 20
17.615
 40
0.200
 41
0.200
  0
VERTEX
  5
EE
 100
AcDbEntity
  8
SILKSCREEN_TOP
 100
AcDbVertex
 100
AcDb2dVertex
 10
-1.770
 20
17.615
  0
VERTEX
  5
EF
 100
AcDbEntity
  8
SILKSCREEN_TOP
 100
AcDbVertex
 100
AcDb2dVertex
 10
-1.770
 20
17.615
 40
0.100
 41
0.100
  0
VERTEX
  5
F0
 100
AcDbEntity
  8
SILKSCREEN_TOP
 100
AcDbVertex
 100
AcDb2dVertex
 10
-1.770
 20
17.565
 40
0.100
 41
0.100
 42
1.00000
  0
VERTEX
  5
F1
 100
AcDbEntity
  8
SILKSCREEN_TOP
 100
AcDbVertex
 100
AcDb2dVertex
 10
-1.770
 20
17.665
  0
SEQEND
  5
F2
 100
AcDbEntity
  8
SILKSCREEN_TOP
  0
POLYLINE
  5
F3
 100
AcDbEntity
  8
SILKSCREEN_TOP
 100
AcDb2dPolyline
 66
     1
 10
0.000
 20
0.000
 40
0.000
 41
0.000
  0
VERTEX
  5
F4
 100
AcDbEntity
  8
SILKSCREEN_TOP
 100
AcDbVertex
 100
AcDb2dVertex
 10
-2.470
 20
18.915
 40
0.100
 41
0.100
 42
1.00000
  0
VERTEX
  5
F5
 100
AcDbEntity
  8
SILKSCREEN_TOP
 100
AcDbVertex
 100
AcDb2dVertex
 10
-2.470
 20
18.815
  0
VERTEX
  5
F6
 100
AcDbEntity
  8
SILKSCREEN_TOP
 100
AcDbVertex
 100
AcDb2dVertex
 10
-2.470
 20
18.865
  0
VERTEX
  5
F7
 100
AcDbEntity
  8
SILKSCREEN_TOP
 100
AcDbVertex
 100
AcDb2dVertex
 10
-2.470
 20
18.865
 40
0.200
 41
0.200
  0
VERTEX
  5
F8
 100
AcDbEntity
  8
SILKSCREEN_TOP
 100
AcDbVertex
 100
AcDb2dVertex
 10
-1.770
 20
18.865
 40
0.200
 41
0.200
  0
VERTEX
  5
F9
 100
AcDbEntity
  8
SILKSCREEN_TOP
 100
AcDbVertex
 100
AcDb2dVertex
 10
-1.770
 20
18.865
  0
VERTEX
  5
FA
 100
AcDbEntity
  8
SILKSCREEN_TOP
 100
AcDbVertex
 100
AcDb2dVertex
 10
-1.770
 20
18.865
 40
0.100
 41
0.100
  0
VERTEX
  5
FB
 100
AcDbEntity
  8
SILKSCREEN_TOP
 100
AcDbVertex
 100
AcDb2dVertex
 10
-1.770
 20
18.815
 40
0.100
 41
0.100
 42
1.00000
  0
VERTEX
  5
FC
 100
AcDbEntity
  8
SILKSCREEN_TOP
 100
AcDbVertex
 100
AcDb2dVertex
 10
-1.770
 20
18.915
  0
SEQEND
  5
FD
 100
AcDbEntity
  8
SILKSCREEN_TOP
  0
POLYLINE
  5
FE
 100
AcDbEntity
  8
_TOP_SIDE_
 100
AcDb2dPolyline
 66
     1
 10
0.000
 20
0.000
 70
     1
 40
0.000
 41
0.000
  0
VERTEX
  5
FF
 100
AcDbEntity
  8
_TOP_SIDE_
 100
AcDbVertex
 100
AcDb2dVertex
 10
-3.118
 20
18.865
 40
0.005
 41
0.005
 42
1.00000
  0
VERTEX
  5
100
 100
AcDbEntity
  8
_TOP_SIDE_
 100
AcDbVertex
 100
AcDb2dVertex
 10
-3.123
 20
18.865
  0
VERTEX
  5
101
 100
AcDbEntity
  8
_TOP_SIDE_
 100
AcDbVertex
 100
AcDb2dVertex
 10
-3.120
 20
18.865
  0
VERTEX
  5
102
 100
AcDbEntity
  8
_TOP_SIDE_
 100
AcDbVertex
 100
AcDb2dVertex
 10
-3.120
 20
18.865
 40
0.010
 41
0.010
  0
VERTEX
  5
103
 100
AcDbEntity
  8
_TOP_SIDE_
 100
AcDbVertex
 100
AcDb2dVertex
 10
-3.120
 20
17.615
 40
0.005
 41
0.005
  0
VERTEX
  5
104
 100
AcDbEntity
  8
_TOP_SIDE_
 100
AcDbVertex
 100
AcDb2dVertex
 10
-3.123
 20
17.615
 40
0.005
 41
0.005
 42
1.00000
  0
VERTEX
  5
105
 100
AcDbEntity
  8
_TOP_SIDE_
 100
AcDbVertex
 100
AcDb2dVertex
 10
-3.118
 20
17.615
  0
VERTEX
  5
106
 100
AcDbEntity
  8
_TOP_SIDE_
 100
AcDbVertex
 100
AcDb2dVertex
 10
-3.120
 20
17.618
 40
0.005
 41
0.005
 42
1.00000
  0
VERTEX
  5
107
 100
AcDbEntity
  8
_TOP_SIDE_
 100
AcDbVertex
 100
AcDb2dVertex
 10
-3.120
 20
17.613
  0
VERTEX
  5
108
 100
AcDbEntity
  8
_TOP_SIDE_
 100
AcDbVertex
 100
AcDb2dVertex
 10
-3.120
 20
17.615
  0
VERTEX
  5
109
 100
AcDbEntity
  8
_TOP_SIDE_
 100
AcDbVertex
 100
AcDb2dVertex
 10
-3.120
 20
17.615
 40
0.010
 41
0.010
  0
VERTEX
  5
10A
 100
AcDbEntity
  8
_TOP_SIDE_
 100
AcDbVertex
 100
AcDb2dVertex
 10
-1.120
 20
17.615
 40
0.005
 41
0.005
  0
VERTEX
  5
10B
 100
AcDbEntity
  8
_TOP_SIDE_
 100
AcDbVertex
 100
AcDb2dVertex
 10
-1.120
 20
17.613
 40
0.005
 41
0.005
 42
1.00000
  0
VERTEX
  5
10C
 100
AcDbEntity
  8
_TOP_SIDE_
 100
AcDbVertex
 100
AcDb2dVertex
 10
-1.120
 20
17.618
  0
VERTEX
  5
10D
 100
AcDbEntity
  8
_TOP_SIDE_
 100
AcDbVertex
 100
AcDb2dVertex
 10
-1.123
 20
17.615
 40
0.005
 41
0.005
 42
1.00000
  0
VERTEX
  5
10E
 100
AcDbEntity
  8
_TOP_SIDE_
 100
AcDbVertex
 100
AcDb2dVertex
 10
-1.118
 20
17.615
  0
VERTEX
  5
10F
 100
AcDbEntity
  8
_TOP_SIDE_
 100
AcDbVertex
 100
AcDb2dVertex
 10
-1.120
 20
17.615
  0
VERTEX
  5
110
 100
AcDbEntity
  8
_TOP_SIDE_
 100
AcDbVertex
 100
AcDb2dVertex
 10
-1.120
 20
17.615
 40
0.010
 41
0.010
  0
VERTEX
  5
111
 100
AcDbEntity
  8
_TOP_SIDE_
 100
AcDbVertex
 100
AcDb2dVertex
 10
-1.120
 20
18.865
 40
0.005
 41
0.005
  0
VERTEX
  5
112
 100
AcDbEntity
  8
_TOP_SIDE_
 100
AcDbVertex
 100
AcDb2dVertex
 10
-1.118
 20
18.865
 40
0.005
 41
0.005
 42
1.00000
  0
VERTEX
  5
113
 100
AcDbEntity
  8
_TOP_SIDE_
 100
AcDbVertex
 100
AcDb2dVertex
 10
-1.123
 20
18.865
  0
VERTEX
  5
114
 100
AcDbEntity
  8
_TOP_SIDE_
 100
AcDbVertex
 100
AcDb2dVertex
 10
-1.120
 20
18.863
 40
0.005
 41
0.005
 42
1.00000
  0
VERTEX
  5
115
 100
AcDbEntity
  8
_TOP_SIDE_
 100
AcDbVertex
 100
AcDb2dVertex
 10
-1.120
 20
18.868
  0
VERTEX
  5
116
 100
AcDbEntity
  8
_TOP_SIDE_
 100
AcDbVertex
 100
AcDb2dVertex
 10
-1.120
 20
18.865
  0
VERTEX
  5
117
 100
AcDbEntity
  8
_TOP_SIDE_
 100
AcDbVertex
 100
AcDb2dVertex
 10
-1.120
 20
18.865
 40
0.010
 41
0.010
  0
VERTEX
  5
118
 100
AcDbEntity
  8
_TOP_SIDE_
 100
AcDbVertex
 100
AcDb2dVertex
 10
-3.120
 20
18.865
 40
0.010
 41
0.010
  0
VERTEX
  5
119
 100
AcDbEntity
  8
_TOP_SIDE_
 100
AcDbVertex
 100
AcDb2dVertex
 10
-3.120
 20
18.865
  0
VERTEX
  5
11A
 100
AcDbEntity
  8
_TOP_SIDE_
 100
AcDbVertex
 100
AcDb2dVertex
 10
-3.120
 20
18.865
 40
0.005
 41
0.005
  0
VERTEX
  5
11B
 100
AcDbEntity
  8
_TOP_SIDE_
 100
AcDbVertex
 100
AcDb2dVertex
 10
-3.120
 20
18.868
 40
0.005
 41
0.005
 42
1.00000
  0
VERTEX
  5
11C
 100
AcDbEntity
  8
_TOP_SIDE_
 100
AcDbVertex
 100
AcDb2dVertex
 10
-3.120
 20
18.863
  0
SEQEND
  5
11D
 100
AcDbEntity
  8
_TOP_SIDE_
  0
POLYLINE
  5
11E
 100
AcDbEntity
  8
SILKSCREEN_TOP
 100
AcDb2dPolyline
 66
     1
 10
0.000
 20
0.000
 70
     1
 40
0.000
 41
0.000
  0
VERTEX
  5
11F
 100
AcDbEntity
  8
SILKSCREEN_TOP
 100
AcDbVertex
 100
AcDb2dVertex
 10
27.371
 20
-17.590
 40
0.102
 41
0.102
 42
1.00000
  0
VERTEX
  5
120
 100
AcDbEntity
  8
SILKSCREEN_TOP
 100
AcDbVertex
 100
AcDb2dVertex
 10
27.269
 20
-17.590
  0
VERTEX
  5
121
 100
AcDbEntity
  8
SILKSCREEN_TOP
 100
AcDbVertex
 100
AcDb2dVertex
 10
27.320
 20
-17.590
  0
VERTEX
  5
122
 100
AcDbEntity
  8
SILKSCREEN_TOP
 100
AcDbVertex
 100
AcDb2dVertex
 10
27.320
 20
-17.590
 40
0.203
 41
0.203
  0
VERTEX
  5
123
 100
AcDbEntity
  8
SILKSCREEN_TOP
 100
AcDbVertex
 100
AcDb2dVertex
 10
27.320
 20
-19.590
 40
0.102
 41
0.102
  0
VERTEX
  5
124
 100
AcDbEntity
  8
SILKSCREEN_TOP
 100
AcDbVertex
 100
AcDb2dVertex
 10
27.269
 20
-19.590
 40
0.102
 41
0.102
 42
1.00000
  0
VERTEX
  5
125
 100
AcDbEntity
  8
SILKSCREEN_TOP
 100
AcDbVertex
 100
AcDb2dVertex
 10
27.371
 20
-19.590
  0
VERTEX
  5
126
 100
AcDbEntity
  8
SILKSCREEN_TOP
 100
AcDbVertex
 100
AcDb2dVertex
 10
27.320
 20
-19.641
 40
0.102
 41
0.102
 42
1.00000
  0
VERTEX
  5
127
 100
AcDbEntity
  8
SILKSCREEN_TOP
 100
AcDbVertex
 100
AcDb2dVertex
 10
27.320
 20
-19.539
  0
VERTEX
  5
128
 100
AcDbEntity
  8
SILKSCREEN_TOP
 100
AcDbVertex
 100
AcDb2dVertex
 10
27.320
 20
-19.590
  0
VERTEX
  5
129
 100
AcDbEntity
  8
SILKSCREEN_TOP
 100
AcDbVertex
 100
AcDb2dVertex
 10
27.320
 20
-19.590
 40
0.203
 41
0.203
  0
VERTEX
  5
12A
 100
AcDbEntity
  8
SILKSCREEN_TOP
 100
AcDbVertex
 100
AcDb2dVertex
 10
24.320
 20
-19.590
 40
0.102
 41
0.102
  0
VERTEX
  5
12B
 100
AcDbEntity
  8
SILKSCREEN_TOP
 100
AcDbVertex
 100
AcDb2dVertex
 10
24.320
 20
-19.539
 40
0.102
 41
0.102
 42
1.00000
  0
VERTEX
  5
12C
 100
AcDbEntity
  8
SILKSCREEN_TOP
 100
AcDbVertex
 100
AcDb2dVertex
 10
24.320
 20
-19.641
  0
VERTEX
  5
12D
 100
AcDbEntity
  8
SILKSCREEN_TOP
 100
AcDbVertex
 100
AcDb2dVertex
 10
24.269
 20
-19.590
 40
0.102
 41
0.102
 42
1.00000
  0
VERTEX
  5
12E
 100
AcDbEntity
  8
SILKSCREEN_TOP
 100
AcDbVertex
 100
AcDb2dVertex
 10
24.371
 20
-19.590
  0
VERTEX
  5
12F
 100
AcDbEntity
  8
SILKSCREEN_TOP
 100
AcDbVertex
 100
AcDb2dVertex
 10
24.320
 20
-19.590
  0
VERTEX
  5
130
 100
AcDbEntity
  8
SILKSCREEN_TOP
 100
AcDbVertex
 100
AcDb2dVertex
 10
24.320
 20
-19.590
 40
0.203
 41
0.203
  0
VERTEX
  5
131
 100
AcDbEntity
  8
SILKSCREEN_TOP
 100
AcDbVertex
 100
AcDb2dVertex
 10
24.320
 20
-17.590
 40
0.102
 41
0.102
  0
VERTEX
  5
132
 100
AcDbEntity
  8
SILKSCREEN_TOP
 100
AcDbVertex
 100
AcDb2dVertex
 10
24.371
 20
-17.590
 40
0.102
 41
0.102
 42
1.00000
  0
VERTEX
  5
133
 100
AcDbEntity
  8
SILKSCREEN_TOP
 100
AcDbVertex
 100
AcDb2dVertex
 10
24.269
 20
-17.590
  0
VERTEX
  5
134
 100
AcDbEntity
  8
SILKSCREEN_TOP
 100
AcDbVertex
 100
AcDb2dVertex
 10
24.320
 20
-17.539
 40
0.102
 41
0.102
 42
1.00000
  0
VERTEX
  5
135
 100
AcDbEntity
  8
SILKSCREEN_TOP
 100
AcDbVertex
 100
AcDb2dVertex
 10
24.320
 20
-17.641
  0
VERTEX
  5
136
 100
AcDbEntity
  8
SILKSCREEN_TOP
 100
AcDbVertex
 100
AcDb2dVertex
 10
24.320
 20
-17.590
  0
VERTEX
  5
137
 100
AcDbEntity
  8
SILKSCREEN_TOP
 100
AcDbVertex
 100
AcDb2dVertex
 10
24.320
 20
-17.590
 40
0.203
 41
0.203
  0
VERTEX
  5
138
 100
AcDbEntity
  8
SILKSCREEN_TOP
 100
AcDbVertex
 100
AcDb2dVertex
 10
27.320
 20
-17.590
 40
0.203
 41
0.203
  0
VERTEX
  5
139
 100
AcDbEntity
  8
SILKSCREEN_TOP
 100
AcDbVertex
 100
AcDb2dVertex
 10
27.320
 20
-17.590
  0
VERTEX
  5
13A
 100
AcDbEntity
  8
SILKSCREEN_TOP
 100
AcDbVertex
 100
AcDb2dVertex
 10
27.320
 20
-17.590
 40
0.102
 41
0.102
  0
VERTEX
  5
13B
 100
AcDbEntity
  8
SILKSCREEN_TOP
 100
AcDbVertex
 100
AcDb2dVertex
 10
27.320
 20
-17.641
 40
0.102
 41
0.102
 42
1.00000
  0
VERTEX
  5
13C
 100
AcDbEntity
  8
SILKSCREEN_TOP
 100
AcDbVertex
 100
AcDb2dVertex
 10
27.320
 20
-17.539
  0
SEQEND
  5
13D
 100
AcDbEntity
  8
SILKSCREEN_TOP
  0
POLYLINE
  5
13E
 100
AcDbEntity
  8
_TOP_SIDE_
 100
AcDb2dPolyline
 66
     1
 10
0.000
 20
0.000
 70
     1
 40
0.000
 41
0.000
  0
VERTEX
  5
13F
 100
AcDbEntity
  8
_TOP_SIDE_
 100
AcDbVertex
 100
AcDb2dVertex
 10
24.333
 20
-17.590
 40
0.025
 41
0.025
 42
1.00000
  0
VERTEX
  5
140
 100
AcDbEntity
  8
_TOP_SIDE_
 100
AcDbVertex
 100
AcDb2dVertex
 10
24.307
 20
-17.590
  0
VERTEX
  5
141
 100
AcDbEntity
  8
_TOP_SIDE_
 100
AcDbVertex
 100
AcDb2dVertex
 10
24.320
 20
-17.590
  0
VERTEX
  5
142
 100
AcDbEntity
  8
_TOP_SIDE_
 100
AcDbVertex
 100
AcDb2dVertex
 10
24.320
 20
-17.590
 40
0.051
 41
0.051
  0
VERTEX
  5
143
 100
AcDbEntity
  8
_TOP_SIDE_
 100
AcDbVertex
 100
AcDb2dVertex
 10
24.320
 20
-19.590
 40
0.025
 41
0.025
  0
VERTEX
  5
144
 100
AcDbEntity
  8
_TOP_SIDE_
 100
AcDbVertex
 100
AcDb2dVertex
 10
24.307
 20
-19.590
 40
0.025
 41
0.025
 42
1.00000
  0
VERTEX
  5
145
 100
AcDbEntity
  8
_TOP_SIDE_
 100
AcDbVertex
 100
AcDb2dVertex
 10
24.333
 20
-19.590
  0
VERTEX
  5
146
 100
AcDbEntity
  8
_TOP_SIDE_
 100
AcDbVertex
 100
AcDb2dVertex
 10
24.320
 20
-19.577
 40
0.025
 41
0.025
 42
1.00000
  0
VERTEX
  5
147
 100
AcDbEntity
  8
_TOP_SIDE_
 100
AcDbVertex
 100
AcDb2dVertex
 10
24.320
 20
-19.603
  0
VERTEX
  5
148
 100
AcDbEntity
  8
_TOP_SIDE_
 100
AcDbVertex
 100
AcDb2dVertex
 10
24.320
 20
-19.590
  0
VERTEX
  5
149
 100
AcDbEntity
  8
_TOP_SIDE_
 100
AcDbVertex
 100
AcDb2dVertex
 10
24.320
 20
-19.590
 40
0.051
 41
0.051
  0
VERTEX
  5
14A
 100
AcDbEntity
  8
_TOP_SIDE_
 100
AcDbVertex
 100
AcDb2dVertex
 10
27.320
 20
-19.590
 40
0.025
 41
0.025
  0
VERTEX
  5
14B
 100
AcDbEntity
  8
_TOP_SIDE_
 100
AcDbVertex
 100
AcDb2dVertex
 10
27.320
 20
-19.603
 40
0.025
 41
0.025
 42
1.00000
  0
VERTEX
  5
14C
 100
AcDbEntity
  8
_TOP_SIDE_
 100
AcDbVertex
 100
AcDb2dVertex
 10
27.320
 20
-19.577
  0
VERTEX
  5
14D
 100
AcDbEntity
  8
_TOP_SIDE_
 100
AcDbVertex
 100
AcDb2dVertex
 10
27.307
 20
-19.590
 40
0.025
 41
0.025
 42
1.00000
  0
VERTEX
  5
14E
 100
AcDbEntity
  8
_TOP_SIDE_
 100
AcDbVertex
 100
AcDb2dVertex
 10
27.333
 20
-19.590
  0
VERTEX
  5
14F
 100
AcDbEntity
  8
_TOP_SIDE_
 100
AcDbVertex
 100
AcDb2dVertex
 10
27.320
 20
-19.590
  0
VERTEX
  5
150
 100
AcDbEntity
  8
_TOP_SIDE_
 100
AcDbVertex
 100
AcDb2dVertex
 10
27.320
 20
-19.590
 40
0.051
 41
0.051
  0
VERTEX
  5
151
 100
AcDbEntity
  8
_TOP_SIDE_
 100
AcDbVertex
 100
AcDb2dVertex
 10
27.320
 20
-17.590
 40
0.025
 41
0.025
  0
VERTEX
  5
152
 100
AcDbEntity
  8
_TOP_SIDE_
 100
AcDbVertex
 100
AcDb2dVertex
 10
27.333
 20
-17.590
 40
0.025
 41
0.025
 42
1.00000
  0
VERTEX
  5
153
 100
AcDbEntity
  8
_TOP_SIDE_
 100
AcDbVertex
 100
AcDb2dVertex
 10
27.307
 20
-17.590
  0
VERTEX
  5
154
 100
AcDbEntity
  8
_TOP_SIDE_
 100
AcDbVertex
 100
AcDb2dVertex
 10
27.320
 20
-17.603
 40
0.025
 41
0.025
 42
1.00000
  0
VERTEX
  5
155
 100
AcDbEntity
  8
_TOP_SIDE_
 100
AcDbVertex
 100
AcDb2dVertex
 10
27.320
 20
-17.577
  0
VERTEX
  5
156
 100
AcDbEntity
  8
_TOP_SIDE_
 100
AcDbVertex
 100
AcDb2dVertex
 10
27.320
 20
-17.590
  0
VERTEX
  5
157
 100
AcDbEntity
  8
_TOP_SIDE_
 100
AcDbVertex
 100
AcDb2dVertex
 10
27.320
 20
-17.590
 40
0.051
 41
0.051
  0
VERTEX
  5
158
 100
AcDbEntity
  8
_TOP_SIDE_
 100
AcDbVertex
 100
AcDb2dVertex
 10
24.320
 20
-17.590
 40
0.051
 41
0.051
  0
VERTEX
  5
159
 100
AcDbEntity
  8
_TOP_SIDE_
 100
AcDbVertex
 100
AcDb2dVertex
 10
24.320
 20
-17.590
  0
VERTEX
  5
15A
 100
AcDbEntity
  8
_TOP_SIDE_
 100
AcDbVertex
 100
AcDb2dVertex
 10
24.320
 20
-17.590
 40
0.025
 41
0.025
  0
VERTEX
  5
15B
 100
AcDbEntity
  8
_TOP_SIDE_
 100
AcDbVertex
 100
AcDb2dVertex
 10
24.320
 20
-17.577
 40
0.025
 41
0.025
 42
1.00000
  0
VERTEX
  5
15C
 100
AcDbEntity
  8
_TOP_SIDE_
 100
AcDbVertex
 100
AcDb2dVertex
 10
24.320
 20
-17.603
  0
SEQEND
  5
15D
 100
AcDbEntity
  8
_TOP_SIDE_
  0
POLYLINE
  5
15E
 100
AcDbEntity
  8
_TOP_SIDE_
 100
AcDb2dPolyline
 66
     1
 10
0.000
 20
0.000
 70
     1
 40
0.000
 41
0.000
  0
VERTEX
  5
15F
 100
AcDbEntity
  8
_TOP_SIDE_
 100
AcDbVertex
 100
AcDb2dVertex
 10
24.323
 20
-17.590
 40
0.005
 41
0.005
 42
1.00000
  0
VERTEX
  5
160
 100
AcDbEntity
  8
_TOP_SIDE_
 100
AcDbVertex
 100
AcDb2dVertex
 10
24.318
 20
-17.590
  0
VERTEX
  5
161
 100
AcDbEntity
  8
_TOP_SIDE_
 100
AcDbVertex
 100
AcDb2dVertex
 10
24.320
 20
-17.590
  0
VERTEX
  5
162
 100
AcDbEntity
  8
_TOP_SIDE_
 100
AcDbVertex
 100
AcDb2dVertex
 10
24.320
 20
-17.590
 40
0.010
 41
0.010
  0
VERTEX
  5
163
 100
AcDbEntity
  8
_TOP_SIDE_
 100
AcDbVertex
 100
AcDb2dVertex
 10
24.320
 20
-19.590
 40
0.005
 41
0.005
  0
VERTEX
  5
164
 100
AcDbEntity
  8
_TOP_SIDE_
 100
AcDbVertex
 100
AcDb2dVertex
 10
24.318
 20
-19.590
 40
0.005
 41
0.005
 42
1.00000
  0
VERTEX
  5
165
 100
AcDbEntity
  8
_TOP_SIDE_
 100
AcDbVertex
 100
AcDb2dVertex
 10
24.323
 20
-19.590
  0
VERTEX
  5
166
 100
AcDbEntity
  8
_TOP_SIDE_
 100
AcDbVertex
 100
AcDb2dVertex
 10
24.320
 20
-19.588
 40
0.005
 41
0.005
 42
1.00000
  0
VERTEX
  5
167
 100
AcDbEntity
  8
_TOP_SIDE_
 100
AcDbVertex
 100
AcDb2dVertex
 10
24.320
 20
-19.593
  0
VERTEX
  5
168
 100
AcDbEntity
  8
_TOP_SIDE_
 100
AcDbVertex
 100
AcDb2dVertex
 10
24.320
 20
-19.590
  0
VERTEX
  5
169
 100
AcDbEntity
  8
_TOP_SIDE_
 100
AcDbVertex
 100
AcDb2dVertex
 10
24.320
 20
-19.590
 40
0.010
 41
0.010
  0
VERTEX
  5
16A
 100
AcDbEntity
  8
_TOP_SIDE_
 100
AcDbVertex
 100
AcDb2dVertex
 10
27.320
 20
-19.590
 40
0.005
 41
0.005
  0
VERTEX
  5
16B
 100
AcDbEntity
  8
_TOP_SIDE_
 100
AcDbVertex
 100
AcDb2dVertex
 10
27.320
 20
-19.593
 40
0.005
 41
0.005
 42
1.00000
  0
VERTEX
  5
16C
 100
AcDbEntity
  8
_TOP_SIDE_
 100
AcDbVertex
 100
AcDb2dVertex
 10
27.320
 20
-19.588
  0
VERTEX
  5
16D
 100
AcDbEntity
  8
_TOP_SIDE_
 100
AcDbVertex
 100
AcDb2dVertex
 10
27.318
 20
-19.590
 40
0.005
 41
0.005
 42
1.00000
  0
VERTEX
  5
16E
 100
AcDbEntity
  8
_TOP_SIDE_
 100
AcDbVertex
 100
AcDb2dVertex
 10
27.323
 20
-19.590
  0
VERTEX
  5
16F
 100
AcDbEntity
  8
_TOP_SIDE_
 100
AcDbVertex
 100
AcDb2dVertex
 10
27.320
 20
-19.590
  0
VERTEX
  5
170
 100
AcDbEntity
  8
_TOP_SIDE_
 100
AcDbVertex
 100
AcDb2dVertex
 10
27.320
 20
-19.590
 40
0.010
 41
0.010
  0
VERTEX
  5
171
 100
AcDbEntity
  8
_TOP_SIDE_
 100
AcDbVertex
 100
AcDb2dVertex
 10
27.320
 20
-17.590
 40
0.005
 41
0.005
  0
VERTEX
  5
172
 100
AcDbEntity
  8
_TOP_SIDE_
 100
AcDbVertex
 100
AcDb2dVertex
 10
27.323
 20
-17.590
 40
0.005
 41
0.005
 42
1.00000
  0
VERTEX
  5
173
 100
AcDbEntity
  8
_TOP_SIDE_
 100
AcDbVertex
 100
AcDb2dVertex
 10
27.318
 20
-17.590
  0
VERTEX
  5
174
 100
AcDbEntity
  8
_TOP_SIDE_
 100
AcDbVertex
 100
AcDb2dVertex
 10
27.320
 20
-17.593
 40
0.005
 41
0.005
 42
1.00000
  0
VERTEX
  5
175
 100
AcDbEntity
  8
_TOP_SIDE_
 100
AcDbVertex
 100
AcDb2dVertex
 10
27.320
 20
-17.588
  0
VERTEX
  5
176
 100
AcDbEntity
  8
_TOP_SIDE_
 100
AcDbVertex
 100
AcDb2dVertex
 10
27.320
 20
-17.590
  0
VERTEX
  5
177
 100
AcDbEntity
  8
_TOP_SIDE_
 100
AcDbVertex
 100
AcDb2dVertex
 10
27.320
 20
-17.590
 40
0.010
 41
0.010
  0
VERTEX
  5
178
 100
AcDbEntity
  8
_TOP_SIDE_
 100
AcDbVertex
 100
AcDb2dVertex
 10
24.320
 20
-17.590
 40
0.010
 41
0.010
  0
VERTEX
  5
179
 100
AcDbEntity
  8
_TOP_SIDE_
 100
AcDbVertex
 100
AcDb2dVertex
 10
24.320
 20
-17.590
  0
VERTEX
  5
17A
 100
AcDbEntity
  8
_TOP_SIDE_
 100
AcDbVertex
 100
AcDb2dVertex
 10
24.320
 20
-17.590
 40
0.005
 41
0.005
  0
VERTEX
  5
17B
 100
AcDbEntity
  8
_TOP_SIDE_
 100
AcDbVertex
 100
AcDb2dVertex
 10
24.320
 20
-17.588
 40
0.005
 41
0.005
 42
1.00000
  0
VERTEX
  5
17C
 100
AcDbEntity
  8
_TOP_SIDE_
 100
AcDbVertex
 100
AcDb2dVertex
 10
24.320
 20
-17.593
  0
SEQEND
  5
17D
 100
AcDbEntity
  8
_TOP_SIDE_
  0
POLYLINE
  5
17E
 100
AcDbEntity
  8
SILKSCREEN_TOP
 100
AcDb2dPolyline
 66
     1
 10
0.000
 20
0.000
 70
     1
 40
0.000
 41
0.000
  0
VERTEX
  5
17F
 100
AcDbEntity
  8
SILKSCREEN_TOP
 100
AcDbVertex
 100
AcDb2dVertex
 10
7.955
 20
-0.536
 40
0.102
 41
0.102
 42
1.00000
  0
VERTEX
  5
180
 100
AcDbEntity
  8
SILKSCREEN_TOP
 100
AcDbVertex
 100
AcDb2dVertex
 10
7.955
 20
-0.434
  0
VERTEX
  5
181
 100
AcDbEntity
  8
SILKSCREEN_TOP
 100
AcDbVertex
 100
AcDb2dVertex
 10
7.955
 20
-0.485
  0
VERTEX
  5
182
 100
AcDbEntity
  8
SILKSCREEN_TOP
 100
AcDbVertex
 100
AcDb2dVertex
 10
7.955
 20
-0.485
 40
0.203
 41
0.203
  0
VERTEX
  5
183
 100
AcDbEntity
  8
SILKSCREEN_TOP
 100
AcDbVertex
 100
AcDb2dVertex
 10
-18.545
 20
-0.485
 40
0.102
 41
0.102
  0
VERTEX
  5
184
 100
AcDbEntity
  8
SILKSCREEN_TOP
 100
AcDbVertex
 100
AcDb2dVertex
 10
-18.545
 20
-0.434
 40
0.102
 41
0.102
 42
1.00000
  0
VERTEX
  5
185
 100
AcDbEntity
  8
SILKSCREEN_TOP
 100
AcDbVertex
 100
AcDb2dVertex
 10
-18.545
 20
-0.536
  0
VERTEX
  5
186
 100
AcDbEntity
  8
SILKSCREEN_TOP
 100
AcDbVertex
 100
AcDb2dVertex
 10
-18.494
 20
-0.485
 40
0.102
 41
0.102
 42
1.00000
  0
VERTEX
  5
187
 100
AcDbEntity
  8
SILKSCREEN_TOP
 100
AcDbVertex
 100
AcDb2dVertex
 10
-18.596
 20
-0.485
  0
VERTEX
  5
188
 100
AcDbEntity
  8
SILKSCREEN_TOP
 100
AcDbVertex
 100
AcDb2dVertex
 10
-18.545
 20
-0.485
  0
VERTEX
  5
189
 100
AcDbEntity
  8
SILKSCREEN_TOP
 100
AcDbVertex
 100
AcDb2dVertex
 10
-18.545
 20
-0.485
 40
0.203
 41
0.203
  0
VERTEX
  5
18A
 100
AcDbEntity
  8
SILKSCREEN_TOP
 100
AcDbVertex
 100
AcDb2dVertex
 10
-18.545
 20
-7.485
 40
0.102
 41
0.102
  0
VERTEX
  5
18B
 100
AcDbEntity
  8
SILKSCREEN_TOP
 100
AcDbVertex
 100
AcDb2dVertex
 10
-18.596
 20
-7.485
 40
0.102
 41
0.102
 42
1.00000
  0
VERTEX
  5
18C
 100
AcDbEntity
  8
SILKSCREEN_TOP
 100
AcDbVertex
 100
AcDb2dVertex
 10
-18.494
 20
-7.485
  0
VERTEX
  5
18D
 100
AcDbEntity
  8
SILKSCREEN_TOP
 100
AcDbVertex
 100
AcDb2dVertex
 10
-18.545
 20
-7.434
 40
0.102
 41
0.102
 42
1.00000
  0
VERTEX
  5
18E
 100
AcDbEntity
  8
SILKSCREEN_TOP
 100
AcDbVertex
 100
AcDb2dVertex
 10
-18.545
 20
-7.536
  0
VERTEX
  5
18F
 100
AcDbEntity
  8
SILKSCREEN_TOP
 100
AcDbVertex
 100
AcDb2dVertex
 10
-18.545
 20
-7.485
  0
VERTEX
  5
190
 100
AcDbEntity
  8
SILKSCREEN_TOP
 100
AcDbVertex
 100
AcDb2dVertex
 10
-18.545
 20
-7.485
 40
0.203
 41
0.203
  0
VERTEX
  5
191
 100
AcDbEntity
  8
SILKSCREEN_TOP
 100
AcDbVertex
 100
AcDb2dVertex
 10
7.955
 20
-7.485
 40
0.102
 41
0.102
  0
VERTEX
  5
192
 100
AcDbEntity
  8
SILKSCREEN_TOP
 100
AcDbVertex
 100
AcDb2dVertex
 10
7.955
 20
-7.536
 40
0.102
 41
0.102
 42
1.00000
  0
VERTEX
  5
193
 100
AcDbEntity
  8
SILKSCREEN_TOP
 100
AcDbVertex
 100
AcDb2dVertex
 10
7.955
 20
-7.434
  0
VERTEX
  5
194
 100
AcDbEntity
  8
SILKSCREEN_TOP
 100
AcDbVertex
 100
AcDb2dVertex
 10
7.904
 20
-7.485
 40
0.102
 41
0.102
 42
1.00000
  0
VERTEX
  5
195
 100
AcDbEntity
  8
SILKSCREEN_TOP
 100
AcDbVertex
 100
AcDb2dVertex
 10
8.006
 20
-7.485
  0
VERTEX
  5
196
 100
AcDbEntity
  8
SILKSCREEN_TOP
 100
AcDbVertex
 100
AcDb2dVertex
 10
7.955
 20
-7.485
  0
VERTEX
  5
197
 100
AcDbEntity
  8
SILKSCREEN_TOP
 100
AcDbVertex
 100
AcDb2dVertex
 10
7.955
 20
-7.485
 40
0.203
 41
0.203
  0
VERTEX
  5
198
 100
AcDbEntity
  8
SILKSCREEN_TOP
 100
AcDbVertex
 100
AcDb2dVertex
 10
7.955
 20
-0.485
 40
0.203
 41
0.203
  0
VERTEX
  5
199
 100
AcDbEntity
  8
SILKSCREEN_TOP
 100
AcDbVertex
 100
AcDb2dVertex
 10
7.955
 20
-0.485
  0
VERTEX
  5
19A
 100
AcDbEntity
  8
SILKSCREEN_TOP
 100
AcDbVertex
 100
AcDb2dVertex
 10
7.955
 20
-0.485
 40
0.102
 41
0.102
  0
VERTEX
  5
19B
 100
AcDbEntity
  8
SILKSCREEN_TOP
 100
AcDbVertex
 100
AcDb2dVertex
 10
8.006
 20
-0.485
 40
0.102
 41
0.102
 42
1.00000
  0
VERTEX
  5
19C
 100
AcDbEntity
  8
SILKSCREEN_TOP
 100
AcDbVertex
 100
AcDb2dVertex
 10
7.904
 20
-0.485
  0
SEQEND
  5
19D
 100
AcDbEntity
  8
SILKSCREEN_TOP
  0
POLYLINE
  5
19E
 100
AcDbEntity
  8
_TOP_SIDE_
 100
AcDb2dPolyline
 66
     1
 10
0.000
 20
0.000
 70
     1
 40
0.000
 41
0.000
  0
VERTEX
  5
19F
 100
AcDbEntity
  8
_TOP_SIDE_
 100
AcDbVertex
 100
AcDb2dVertex
 10
7.955
 20
-7.498
 40
0.025
 41
0.025
 42
1.00000
  0
VERTEX
  5
1A0
 100
AcDbEntity
  8
_TOP_SIDE_
 100
AcDbVertex
 100
AcDb2dVertex
 10
7.955
 20
-7.472
  0
VERTEX
  5
1A1
 100
AcDbEntity
  8
_TOP_SIDE_
 100
AcDbVertex
 100
AcDb2dVertex
 10
7.955
 20
-7.485
  0
VERTEX
  5
1A2
 100
AcDbEntity
  8
_TOP_SIDE_
 100
AcDbVertex
 100
AcDb2dVertex
 10
7.955
 20
-7.485
 40
0.051
 41
0.051
  0
VERTEX
  5
1A3
 100
AcDbEntity
  8
_TOP_SIDE_
 100
AcDbVertex
 100
AcDb2dVertex
 10
-18.545
 20
-7.485
 40
0.025
 41
0.025
  0
VERTEX
  5
1A4
 100
AcDbEntity
  8
_TOP_SIDE_
 100
AcDbVertex
 100
AcDb2dVertex
 10
-18.545
 20
-7.472
 40
0.025
 41
0.025
 42
1.00000
  0
VERTEX
  5
1A5
 100
AcDbEntity
  8
_TOP_SIDE_
 100
AcDbVertex
 100
AcDb2dVertex
 10
-18.545
 20
-7.498
  0
VERTEX
  5
1A6
 100
AcDbEntity
  8
_TOP_SIDE_
 100
AcDbVertex
 100
AcDb2dVertex
 10
-18.558
 20
-7.485
 40
0.025
 41
0.025
 42
1.00000
  0
VERTEX
  5
1A7
 100
AcDbEntity
  8
_TOP_SIDE_
 100
AcDbVertex
 100
AcDb2dVertex
 10
-18.532
 20
-7.485
  0
VERTEX
  5
1A8
 100
AcDbEntity
  8
_TOP_SIDE_
 100
AcDbVertex
 100
AcDb2dVertex
 10
-18.545
 20
-7.485
  0
VERTEX
  5
1A9
 100
AcDbEntity
  8
_TOP_SIDE_
 100
AcDbVertex
 100
AcDb2dVertex
 10
-18.545
 20
-7.485
 40
0.051
 41
0.051
  0
VERTEX
  5
1AA
 100
AcDbEntity
  8
_TOP_SIDE_
 100
AcDbVertex
 100
AcDb2dVertex
 10
-18.545
 20
-0.485
 40
0.025
 41
0.025
  0
VERTEX
  5
1AB
 100
AcDbEntity
  8
_TOP_SIDE_
 100
AcDbVertex
 100
AcDb2dVertex
 10
-18.532
 20
-0.485
 40
0.025
 41
0.025
 42
1.00000
  0
VERTEX
  5
1AC
 100
AcDbEntity
  8
_TOP_SIDE_
 100
AcDbVertex
 100
AcDb2dVertex
 10
-18.558
 20
-0.485
  0
VERTEX
  5
1AD
 100
AcDbEntity
  8
_TOP_SIDE_
 100
AcDbVertex
 100
AcDb2dVertex
 10
-18.545
 20
-0.472
 40
0.025
 41
0.025
 42
1.00000
  0
VERTEX
  5
1AE
 100
AcDbEntity
  8
_TOP_SIDE_
 100
AcDbVertex
 100
AcDb2dVertex
 10
-18.545
 20
-0.498
  0
VERTEX
  5
1AF
 100
AcDbEntity
  8
_TOP_SIDE_
 100
AcDbVertex
 100
AcDb2dVertex
 10
-18.545
 20
-0.485
  0
VERTEX
  5
1B0
 100
AcDbEntity
  8
_TOP_SIDE_
 100
AcDbVertex
 100
AcDb2dVertex
 10
-18.545
 20
-0.485
 40
0.051
 41
0.051
  0
VERTEX
  5
1B1
 100
AcDbEntity
  8
_TOP_SIDE_
 100
AcDbVertex
 100
AcDb2dVertex
 10
7.955
 20
-0.485
 40
0.025
 41
0.025
  0
VERTEX
  5
1B2
 100
AcDbEntity
  8
_TOP_SIDE_
 100
AcDbVertex
 100
AcDb2dVertex
 10
7.955
 20
-0.498
 40
0.025
 41
0.025
 42
1.00000
  0
VERTEX
  5
1B3
 100
AcDbEntity
  8
_TOP_SIDE_
 100
AcDbVertex
 100
AcDb2dVertex
 10
7.955
 20
-0.472
  0
VERTEX
  5
1B4
 100
AcDbEntity
  8
_TOP_SIDE_
 100
AcDbVertex
 100
AcDb2dVertex
 10
7.968
 20
-0.485
 40
0.025
 41
0.025
 42
1.00000
  0
VERTEX
  5
1B5
 100
AcDbEntity
  8
_TOP_SIDE_
 100
AcDbVertex
 100
AcDb2dVertex
 10
7.942
 20
-0.485
  0
VERTEX
  5
1B6
 100
AcDbEntity
  8
_TOP_SIDE_
 100
AcDbVertex
 100
AcDb2dVertex
 10
7.955
 20
-0.485
  0
VERTEX
  5
1B7
 100
AcDbEntity
  8
_TOP_SIDE_
 100
AcDbVertex
 100
AcDb2dVertex
 10
7.955
 20
-0.485
 40
0.051
 41
0.051
  0
VERTEX
  5
1B8
 100
AcDbEntity
  8
_TOP_SIDE_
 100
AcDbVertex
 100
AcDb2dVertex
 10
7.955
 20
-7.485
 40
0.051
 41
0.051
  0
VERTEX
  5
1B9
 100
AcDbEntity
  8
_TOP_SIDE_
 100
AcDbVertex
 100
AcDb2dVertex
 10
7.955
 20
-7.485
  0
VERTEX
  5
1BA
 100
AcDbEntity
  8
_TOP_SIDE_
 100
AcDbVertex
 100
AcDb2dVertex
 10
7.955
 20
-7.485
 40
0.025
 41
0.025
  0
VERTEX
  5
1BB
 100
AcDbEntity
  8
_TOP_SIDE_
 100
AcDbVertex
 100
AcDb2dVertex
 10
7.942
 20
-7.485
 40
0.025
 41
0.025
 42
1.00000
  0
VERTEX
  5
1BC
 100
AcDbEntity
  8
_TOP_SIDE_
 100
AcDbVertex
 100
AcDb2dVertex
 10
7.968
 20
-7.485
  0
SEQEND
  5
1BD
 100
AcDbEntity
  8
_TOP_SIDE_
  0
POLYLINE
  5
1BE
 100
AcDbEntity
  8
SILKSCREEN_TOP
 100
AcDb2dPolyline
 66
     1
 10
0.000
 20
0.000
 70
     1
 40
0.000
 41
0.000
  0
VERTEX
  5
1BF
 100
AcDbEntity
  8
SILKSCREEN_TOP
 100
AcDbVertex
 100
AcDb2dVertex
 10
28.931
 20
-10.740
 40
0.102
 41
0.102
 42
1.00000
  0
VERTEX
  5
1C0
 100
AcDbEntity
  8
SILKSCREEN_TOP
 100
AcDbVertex
 100
AcDb2dVertex
 10
28.829
 20
-10.740
  0
VERTEX
  5
1C1
 100
AcDbEntity
  8
SILKSCREEN_TOP
 100
AcDbVertex
 100
AcDb2dVertex
 10
28.880
 20
-10.740
  0
VERTEX
  5
1C2
 100
AcDbEntity
  8
SILKSCREEN_TOP
 100
AcDbVertex
 100
AcDb2dVertex
 10
28.880
 20
-10.740
 40
0.203
 41
0.203
  0
VERTEX
  5
1C3
 100
AcDbEntity
  8
SILKSCREEN_TOP
 100
AcDbVertex
 100
AcDb2dVertex
 10
28.880
 20
-13.740
 40
0.102
 41
0.102
  0
VERTEX
  5
1C4
 100
AcDbEntity
  8
SILKSCREEN_TOP
 100
AcDbVertex
 100
AcDb2dVertex
 10
28.829
 20
-13.740
 40
0.102
 41
0.102
 42
1.00000
  0
VERTEX
  5
1C5
 100
AcDbEntity
  8
SILKSCREEN_TOP
 100
AcDbVertex
 100
AcDb2dVertex
 10
28.931
 20
-13.740
  0
VERTEX
  5
1C6
 100
AcDbEntity
  8
SILKSCREEN_TOP
 100
AcDbVertex
 100
AcDb2dVertex
 10
28.880
 20
-13.689
 40
0.102
 41
0.102
 42
1.00000
  0
VERTEX
  5
1C7
 100
AcDbEntity
  8
SILKSCREEN_TOP
 100
AcDbVertex
 100
AcDb2dVertex
 10
28.880
 20
-13.791
  0
VERTEX
  5
1C8
 100
AcDbEntity
  8
SILKSCREEN_TOP
 100
AcDbVertex
 100
AcDb2dVertex
 10
28.880
 20
-13.740
  0
VERTEX
  5
1C9
 100
AcDbEntity
  8
SILKSCREEN_TOP
 100
AcDbVertex
 100
AcDb2dVertex
 10
28.880
 20
-13.740
 40
0.203
 41
0.203
  0
VERTEX
  5
1CA
 100
AcDbEntity
  8
SILKSCREEN_TOP
 100
AcDbVertex
 100
AcDb2dVertex
 10
30.380
 20
-13.740
 40
0.102
 41
0.102
  0
VERTEX
  5
1CB
 100
AcDbEntity
  8
SILKSCREEN_TOP
 100
AcDbVertex
 100
AcDb2dVertex
 10
30.380
 20
-13.791
 40
0.102
 41
0.102
 42
1.00000
  0
VERTEX
  5
1CC
 100
AcDbEntity
  8
SILKSCREEN_TOP
 100
AcDbVertex
 100
AcDb2dVertex
 10
30.380
 20
-13.689
  0
VERTEX
  5
1CD
 100
AcDbEntity
  8
SILKSCREEN_TOP
 100
AcDbVertex
 100
AcDb2dVertex
 10
30.329
 20
-13.740
 40
0.102
 41
0.102
 42
1.00000
  0
VERTEX
  5
1CE
 100
AcDbEntity
  8
SILKSCREEN_TOP
 100
AcDbVertex
 100
AcDb2dVertex
 10
30.431
 20
-13.740
  0
VERTEX
  5
1CF
 100
AcDbEntity
  8
SILKSCREEN_TOP
 100
AcDbVertex
 100
AcDb2dVertex
 10
30.380
 20
-13.740
  0
VERTEX
  5
1D0
 100
AcDbEntity
  8
SILKSCREEN_TOP
 100
AcDbVertex
 100
AcDb2dVertex
 10
30.380
 20
-13.740
 40
0.203
 41
0.203
  0
VERTEX
  5
1D1
 100
AcDbEntity
  8
SILKSCREEN_TOP
 100
AcDbVertex
 100
AcDb2dVertex
 10
30.380
 20
-10.740
 40
0.102
 41
0.102
  0
VERTEX
  5
1D2
 100
AcDbEntity
  8
SILKSCREEN_TOP
 100
AcDbVertex
 100
AcDb2dVertex
 10
30.431
 20
-10.740
 40
0.102
 41
0.102
 42
1.00000
  0
VERTEX
  5
1D3
 100
AcDbEntity
  8
SILKSCREEN_TOP
 100
AcDbVertex
 100
AcDb2dVertex
 10
30.329
 20
-10.740
  0
VERTEX
  5
1D4
 100
AcDbEntity
  8
SILKSCREEN_TOP
 100
AcDbVertex
 100
AcDb2dVertex
 10
30.380
 20
-10.791
 40
0.102
 41
0.102
 42
1.00000
  0
VERTEX
  5
1D5
 100
AcDbEntity
  8
SILKSCREEN_TOP
 100
AcDbVertex
 100
AcDb2dVertex
 10
30.380
 20
-10.689
  0
VERTEX
  5
1D6
 100
AcDbEntity
  8
SILKSCREEN_TOP
 100
AcDbVertex
 100
AcDb2dVertex
 10
30.380
 20
-10.740
  0
VERTEX
  5
1D7
 100
AcDbEntity
  8
SILKSCREEN_TOP
 100
AcDbVertex
 100
AcDb2dVertex
 10
30.380
 20
-10.740
 40
0.203
 41
0.203
  0
VERTEX
  5
1D8
 100
AcDbEntity
  8
SILKSCREEN_TOP
 100
AcDbVertex
 100
AcDb2dVertex
 10
28.880
 20
-10.740
 40
0.203
 41
0.203
  0
VERTEX
  5
1D9
 100
AcDbEntity
  8
SILKSCREEN_TOP
 100
AcDbVertex
 100
AcDb2dVertex
 10
28.880
 20
-10.740
  0
VERTEX
  5
1DA
 100
AcDbEntity
  8
SILKSCREEN_TOP
 100
AcDbVertex
 100
AcDb2dVertex
 10
28.880
 20
-10.740
 40
0.102
 41
0.102
  0
VERTEX
  5
1DB
 100
AcDbEntity
  8
SILKSCREEN_TOP
 100
AcDbVertex
 100
AcDb2dVertex
 10
28.880
 20
-10.689
 40
0.102
 41
0.102
 42
1.00000
  0
VERTEX
  5
1DC
 100
AcDbEntity
  8
SILKSCREEN_TOP
 100
AcDbVertex
 100
AcDb2dVertex
 10
28.880
 20
-10.791
  0
SEQEND
  5
1DD
 100
AcDbEntity
  8
SILKSCREEN_TOP
  0
POLYLINE
  5
1DE
 100
AcDbEntity
  8
SILKSCREEN_TOP
 100
AcDb2dPolyline
 66
     1
 10
0.000
 20
0.000
 40
0.000
 41
0.000
  0
VERTEX
  5
1DF
 100
AcDbEntity
  8
SILKSCREEN_TOP
 100
AcDbVertex
 100
AcDb2dVertex
 10
27.880
 20
-15.189
 40
0.102
 41
0.102
 42
1.00000
  0
VERTEX
  5
1E0
 100
AcDbEntity
  8
SILKSCREEN_TOP
 100
AcDbVertex
 100
AcDb2dVertex
 10
27.880
 20
-15.291
  0
VERTEX
  5
1E1
 100
AcDbEntity
  8
SILKSCREEN_TOP
 100
AcDbVertex
 100
AcDb2dVertex
 10
27.880
 20
-15.240
  0
VERTEX
  5
1E2
 100
AcDbEntity
  8
SILKSCREEN_TOP
 100
AcDbVertex
 100
AcDb2dVertex
 10
27.880
 20
-15.240
 40
0.203
 41
0.203
  0
VERTEX
  5
1E3
 100
AcDbEntity
  8
SILKSCREEN_TOP
 100
AcDbVertex
 100
AcDb2dVertex
 10
28.380
 20
-15.240
 40
0.203
 41
0.203
  0
VERTEX
  5
1E4
 100
AcDbEntity
  8
SILKSCREEN_TOP
 100
AcDbVertex
 100
AcDb2dVertex
 10
28.380
 20
-15.240
  0
VERTEX
  5
1E5
 100
AcDbEntity
  8
SILKSCREEN_TOP
 100
AcDbVertex
 100
AcDb2dVertex
 10
28.380
 20
-15.240
 40
0.102
 41
0.102
  0
VERTEX
  5
1E6
 100
AcDbEntity
  8
SILKSCREEN_TOP
 100
AcDbVertex
 100
AcDb2dVertex
 10
28.380
 20
-15.291
 40
0.102
 41
0.102
 42
1.00000
  0
VERTEX
  5
1E7
 100
AcDbEntity
  8
SILKSCREEN_TOP
 100
AcDbVertex
 100
AcDb2dVertex
 10
28.380
 20
-15.189
  0
SEQEND
  5
1E8
 100
AcDbEntity
  8
SILKSCREEN_TOP
  0
POLYLINE
  5
1E9
 100
AcDbEntity
  8
SILKSCREEN_TOP
 100
AcDb2dPolyline
 66
     1
 10
0.000
 20
0.000
 40
0.000
 41
0.000
  0
VERTEX
  5
1EA
 100
AcDbEntity
  8
SILKSCREEN_TOP
 100
AcDbVertex
 100
AcDb2dVertex
 10
27.880
 20
-9.189
 40
0.102
 41
0.102
 42
1.00000
  0
VERTEX
  5
1EB
 100
AcDbEntity
  8
SILKSCREEN_TOP
 100
AcDbVertex
 100
AcDb2dVertex
 10
27.880
 20
-9.291
  0
VERTEX
  5
1EC
 100
AcDbEntity
  8
SILKSCREEN_TOP
 100
AcDbVertex
 100
AcDb2dVertex
 10
27.880
 20
-9.240
  0
VERTEX
  5
1ED
 100
AcDbEntity
  8
SILKSCREEN_TOP
 100
AcDbVertex
 100
AcDb2dVertex
 10
27.880
 20
-9.240
 40
0.203
 41
0.203
  0
VERTEX
  5
1EE
 100
AcDbEntity
  8
SILKSCREEN_TOP
 100
AcDbVertex
 100
AcDb2dVertex
 10
28.380
 20
-9.240
 40
0.203
 41
0.203
  0
VERTEX
  5
1EF
 100
AcDbEntity
  8
SILKSCREEN_TOP
 100
AcDbVertex
 100
AcDb2dVertex
 10
28.380
 20
-9.240
  0
VERTEX
  5
1F0
 100
AcDbEntity
  8
SILKSCREEN_TOP
 100
AcDbVertex
 100
AcDb2dVertex
 10
28.380
 20
-9.240
 40
0.102
 41
0.102
  0
VERTEX
  5
1F1
 100
AcDbEntity
  8
SILKSCREEN_TOP
 100
AcDbVertex
 100
AcDb2dVertex
 10
28.380
 20
-9.291
 40
0.102
 41
0.102
 42
1.00000
  0
VERTEX
  5
1F2
 100
AcDbEntity
  8
SILKSCREEN_TOP
 100
AcDbVertex
 100
AcDb2dVertex
 10
28.380
 20
-9.189
  0
SEQEND
  5
1F3
 100
AcDbEntity
  8
SILKSCREEN_TOP
  0
POLYLINE
  5
1F4
 100
AcDbEntity
  8
SILKSCREEN_TOP
 100
AcDb2dPolyline
 66
     1
 10
0.000
 20
0.000
 40
0.000
 41
0.000
  0
VERTEX
  5
1F5
 100
AcDbEntity
  8
SILKSCREEN_TOP
 100
AcDbVertex
 100
AcDb2dVertex
 10
31.380
 20
-15.291
 40
0.102
 41
0.102
 42
1.00000
  0
VERTEX
  5
1F6
 100
AcDbEntity
  8
SILKSCREEN_TOP
 100
AcDbVertex
 100
AcDb2dVertex
 10
31.380
 20
-15.189
  0
VERTEX
  5
1F7
 100
AcDbEntity
  8
SILKSCREEN_TOP
 100
AcDbVertex
 100
AcDb2dVertex
 10
31.380
 20
-15.240
  0
VERTEX
  5
1F8
 100
AcDbEntity
  8
SILKSCREEN_TOP
 100
AcDbVertex
 100
AcDb2dVertex
 10
31.380
 20
-15.240
 40
0.203
 41
0.203
  0
VERTEX
  5
1F9
 100
AcDbEntity
  8
SILKSCREEN_TOP
 100
AcDbVertex
 100
AcDb2dVertex
 10
30.880
 20
-15.240
 40
0.203
 41
0.203
  0
VERTEX
  5
1FA
 100
AcDbEntity
  8
SILKSCREEN_TOP
 100
AcDbVertex
 100
AcDb2dVertex
 10
30.880
 20
-15.240
  0
VERTEX
  5
1FB
 100
AcDbEntity
  8
SILKSCREEN_TOP
 100
AcDbVertex
 100
AcDb2dVertex
 10
30.880
 20
-15.240
 40
0.102
 41
0.102
  0
VERTEX
  5
1FC
 100
AcDbEntity
  8
SILKSCREEN_TOP
 100
AcDbVertex
 100
AcDb2dVertex
 10
30.880
 20
-15.189
 40
0.102
 41
0.102
 42
1.00000
  0
VERTEX
  5
1FD
 100
AcDbEntity
  8
SILKSCREEN_TOP
 100
AcDbVertex
 100
AcDb2dVertex
 10
30.880
 20
-15.291
  0
SEQEND
  5
1FE
 100
AcDbEntity
  8
SILKSCREEN_TOP
  0
POLYLINE
  5
1FF
 100
AcDbEntity
  8
SILKSCREEN_TOP
 100
AcDb2dPolyline
 66
     1
 10
0.000
 20
0.000
 40
0.000
 41
0.000
  0
VERTEX
  5
200
 100
AcDbEntity
  8
SILKSCREEN_TOP
 100
AcDbVertex
 100
AcDb2dVertex
 10
31.380
 20
-9.291
 40
0.102
 41
0.102
 42
1.00000
  0
VERTEX
  5
201
 100
AcDbEntity
  8
SILKSCREEN_TOP
 100
AcDbVertex
 100
AcDb2dVertex
 10
31.380
 20
-9.189
  0
VERTEX
  5
202
 100
AcDbEntity
  8
SILKSCREEN_TOP
 100
AcDbVertex
 100
AcDb2dVertex
 10
31.380
 20
-9.240
  0
VERTEX
  5
203
 100
AcDbEntity
  8
SILKSCREEN_TOP
 100
AcDbVertex
 100
AcDb2dVertex
 10
31.380
 20
-9.240
 40
0.203
 41
0.203
  0
VERTEX
  5
204
 100
AcDbEntity
  8
SILKSCREEN_TOP
 100
AcDbVertex
 100
AcDb2dVertex
 10
30.880
 20
-9.240
 40
0.203
 41
0.203
  0
VERTEX
  5
205
 100
AcDbEntity
  8
SILKSCREEN_TOP
 100
AcDbVertex
 100
AcDb2dVertex
 10
30.880
 20
-9.240
  0
VERTEX
  5
206
 100
AcDbEntity
  8
SILKSCREEN_TOP
 100
AcDbVertex
 100
AcDb2dVertex
 10
30.880
 20
-9.240
 40
0.102
 41
0.102
  0
VERTEX
  5
207
 100
AcDbEntity
  8
SILKSCREEN_TOP
 100
AcDbVertex
 100
AcDb2dVertex
 10
30.880
 20
-9.189
 40
0.102
 41
0.102
 42
1.00000
  0
VERTEX
  5
208
 100
AcDbEntity
  8
SILKSCREEN_TOP
 100
AcDbVertex
 100
AcDb2dVertex
 10
30.880
 20
-9.291
  0
SEQEND
  5
209
 100
AcDbEntity
  8
SILKSCREEN_TOP
  0
POLYLINE
  5
20A
 100
AcDbEntity
  8
SILKSCREEN_TOP
 100
AcDb2dPolyline
 66
     1
 10
0.000
 20
0.000
 40
0.000
 41
0.000
  0
VERTEX
  5
20B
 100
AcDbEntity
  8
SILKSCREEN_TOP
 100
AcDbVertex
 100
AcDb2dVertex
 10
31.431
 20
-9.240
 40
0.102
 41
0.102
 42
1.00000
  0
VERTEX
  5
20C
 100
AcDbEntity
  8
SILKSCREEN_TOP
 100
AcDbVertex
 100
AcDb2dVertex
 10
31.329
 20
-9.240
  0
VERTEX
  5
20D
 100
AcDbEntity
  8
SILKSCREEN_TOP
 100
AcDbVertex
 100
AcDb2dVertex
 10
31.380
 20
-9.240
  0
VERTEX
  5
20E
 100
AcDbEntity
  8
SILKSCREEN_TOP
 100
AcDbVertex
 100
AcDb2dVertex
 10
31.380
 20
-9.240
 40
0.203
 41
0.203
  0
VERTEX
  5
20F
 100
AcDbEntity
  8
SILKSCREEN_TOP
 100
AcDbVertex
 100
AcDb2dVertex
 10
31.380
 20
-15.240
 40
0.203
 41
0.203
  0
VERTEX
  5
210
 100
AcDbEntity
  8
SILKSCREEN_TOP
 100
AcDbVertex
 100
AcDb2dVertex
 10
31.380
 20
-15.240
  0
VERTEX
  5
211
 100
AcDbEntity
  8
SILKSCREEN_TOP
 100
AcDbVertex
 100
AcDb2dVertex
 10
31.380
 20
-15.240
 40
0.102
 41
0.102
  0
VERTEX
  5
212
 100
AcDbEntity
  8
SILKSCREEN_TOP
 100
AcDbVertex
 100
AcDb2dVertex
 10
31.329
 20
-15.240
 40
0.102
 41
0.102
 42
1.00000
  0
VERTEX
  5
213
 100
AcDbEntity
  8
SILKSCREEN_TOP
 100
AcDbVertex
 100
AcDb2dVertex
 10
31.431
 20
-15.240
  0
SEQEND
  5
214
 100
AcDbEntity
  8
SILKSCREEN_TOP
  0
POLYLINE
  5
215
 100
AcDbEntity
  8
SILKSCREEN_TOP
 100
AcDb2dPolyline
 66
     1
 10
0.000
 20
0.000
 40
0.000
 41
0.000
  0
VERTEX
  5
216
 100
AcDbEntity
  8
SILKSCREEN_TOP
 100
AcDbVertex
 100
AcDb2dVertex
 10
27.931
 20
-9.240
 40
0.102
 41
0.102
 42
1.00000
  0
VERTEX
  5
217
 100
AcDbEntity
  8
SILKSCREEN_TOP
 100
AcDbVertex
 100
AcDb2dVertex
 10
27.829
 20
-9.240
  0
VERTEX
  5
218
 100
AcDbEntity
  8
SILKSCREEN_TOP
 100
AcDbVertex
 100
AcDb2dVertex
 10
27.880
 20
-9.240
  0
VERTEX
  5
219
 100
AcDbEntity
  8
SILKSCREEN_TOP
 100
AcDbVertex
 100
AcDb2dVertex
 10
27.880
 20
-9.240
 40
0.203
 41
0.203
  0
VERTEX
  5
21A
 100
AcDbEntity
  8
SILKSCREEN_TOP
 100
AcDbVertex
 100
AcDb2dVertex
 10
27.880
 20
-15.240
 40
0.203
 41
0.203
  0
VERTEX
  5
21B
 100
AcDbEntity
  8
SILKSCREEN_TOP
 100
AcDbVertex
 100
AcDb2dVertex
 10
27.880
 20
-15.240
  0
VERTEX
  5
21C
 100
AcDbEntity
  8
SILKSCREEN_TOP
 100
AcDbVertex
 100
AcDb2dVertex
 10
27.880
 20
-15.240
 40
0.102
 41
0.102
  0
VERTEX
  5
21D
 100
AcDbEntity
  8
SILKSCREEN_TOP
 100
AcDbVertex
 100
AcDb2dVertex
 10
27.829
 20
-15.240
 40
0.102
 41
0.102
 42
1.00000
  0
VERTEX
  5
21E
 100
AcDbEntity
  8
SILKSCREEN_TOP
 100
AcDbVertex
 100
AcDb2dVertex
 10
27.931
 20
-15.240
  0
SEQEND
  5
21F
 100
AcDbEntity
  8
SILKSCREEN_TOP
  0
POLYLINE
  5
220
 100
AcDbEntity
  8
_TOP_SIDE_
 100
AcDb2dPolyline
 66
     1
 10
0.000
 20
0.000
 70
     1
 40
0.000
 41
0.000
  0
VERTEX
  5
221
 100
AcDbEntity
  8
_TOP_SIDE_
 100
AcDbVertex
 100
AcDb2dVertex
 10
31.443
 20
-7.640
 40
0.025
 41
0.025
 42
1.00000
  0
VERTEX
  5
222
 100
AcDbEntity
  8
_TOP_SIDE_
 100
AcDbVertex
 100
AcDb2dVertex
 10
31.417
 20
-7.640
  0
VERTEX
  5
223
 100
AcDbEntity
  8
_TOP_SIDE_
 100
AcDbVertex
 100
AcDb2dVertex
 10
31.430
 20
-7.640
  0
VERTEX
  5
224
 100
AcDbEntity
  8
_TOP_SIDE_
 100
AcDbVertex
 100
AcDb2dVertex
 10
31.430
 20
-7.640
 40
0.051
 41
0.051
  0
VERTEX
  5
225
 100
AcDbEntity
  8
_TOP_SIDE_
 100
AcDbVertex
 100
AcDb2dVertex
 10
31.430
 20
-16.840
 40
0.025
 41
0.025
  0
VERTEX
  5
226
 100
AcDbEntity
  8
_TOP_SIDE_
 100
AcDbVertex
 100
AcDb2dVertex
 10
31.417
 20
-16.840
 40
0.025
 41
0.025
 42
1.00000
  0
VERTEX
  5
227
 100
AcDbEntity
  8
_TOP_SIDE_
 100
AcDbVertex
 100
AcDb2dVertex
 10
31.443
 20
-16.840
  0
VERTEX
  5
228
 100
AcDbEntity
  8
_TOP_SIDE_
 100
AcDbVertex
 100
AcDb2dVertex
 10
31.430
 20
-16.853
 40
0.025
 41
0.025
 42
1.00000
  0
VERTEX
  5
229
 100
AcDbEntity
  8
_TOP_SIDE_
 100
AcDbVertex
 100
AcDb2dVertex
 10
31.430
 20
-16.827
  0
VERTEX
  5
22A
 100
AcDbEntity
  8
_TOP_SIDE_
 100
AcDbVertex
 100
AcDb2dVertex
 10
31.430
 20
-16.840
  0
VERTEX
  5
22B
 100
AcDbEntity
  8
_TOP_SIDE_
 100
AcDbVertex
 100
AcDb2dVertex
 10
31.430
 20
-16.840
 40
0.051
 41
0.051
  0
VERTEX
  5
22C
 100
AcDbEntity
  8
_TOP_SIDE_
 100
AcDbVertex
 100
AcDb2dVertex
 10
27.830
 20
-16.840
 40
0.025
 41
0.025
  0
VERTEX
  5
22D
 100
AcDbEntity
  8
_TOP_SIDE_
 100
AcDbVertex
 100
AcDb2dVertex
 10
27.830
 20
-16.827
 40
0.025
 41
0.025
 42
1.00000
  0
VERTEX
  5
22E
 100
AcDbEntity
  8
_TOP_SIDE_
 100
AcDbVertex
 100
AcDb2dVertex
 10
27.830
 20
-16.853
  0
VERTEX
  5
22F
 100
AcDbEntity
  8
_TOP_SIDE_
 100
AcDbVertex
 100
AcDb2dVertex
 10
27.817
 20
-16.840
 40
0.025
 41
0.025
 42
1.00000
  0
VERTEX
  5
230
 100
AcDbEntity
  8
_TOP_SIDE_
 100
AcDbVertex
 100
AcDb2dVertex
 10
27.843
 20
-16.840
  0
VERTEX
  5
231
 100
AcDbEntity
  8
_TOP_SIDE_
 100
AcDbVertex
 100
AcDb2dVertex
 10
27.830
 20
-16.840
  0
VERTEX
  5
232
 100
AcDbEntity
  8
_TOP_SIDE_
 100
AcDbVertex
 100
AcDb2dVertex
 10
27.830
 20
-16.840
 40
0.051
 41
0.051
  0
VERTEX
  5
233
 100
AcDbEntity
  8
_TOP_SIDE_
 100
AcDbVertex
 100
AcDb2dVertex
 10
27.830
 20
-7.640
 40
0.025
 41
0.025
  0
VERTEX
  5
234
 100
AcDbEntity
  8
_TOP_SIDE_
 100
AcDbVertex
 100
AcDb2dVertex
 10
27.843
 20
-7.640
 40
0.025
 41
0.025
 42
1.00000
  0
VERTEX
  5
235
 100
AcDbEntity
  8
_TOP_SIDE_
 100
AcDbVertex
 100
AcDb2dVertex
 10
27.817
 20
-7.640
  0
VERTEX
  5
236
 100
AcDbEntity
  8
_TOP_SIDE_
 100
AcDbVertex
 100
AcDb2dVertex
 10
27.830
 20
-7.627
 40
0.025
 41
0.025
 42
1.00000
  0
VERTEX
  5
237
 100
AcDbEntity
  8
_TOP_SIDE_
 100
AcDbVertex
 100
AcDb2dVertex
 10
27.830
 20
-7.653
  0
VERTEX
  5
238
 100
AcDbEntity
  8
_TOP_SIDE_
 100
AcDbVertex
 100
AcDb2dVertex
 10
27.830
 20
-7.640
  0
VERTEX
  5
239
 100
AcDbEntity
  8
_TOP_SIDE_
 100
AcDbVertex
 100
AcDb2dVertex
 10
27.830
 20
-7.640
 40
0.051
 41
0.051
  0
VERTEX
  5
23A
 100
AcDbEntity
  8
_TOP_SIDE_
 100
AcDbVertex
 100
AcDb2dVertex
 10
31.430
 20
-7.640
 40
0.051
 41
0.051
  0
VERTEX
  5
23B
 100
AcDbEntity
  8
_TOP_SIDE_
 100
AcDbVertex
 100
AcDb2dVertex
 10
31.430
 20
-7.640
  0
VERTEX
  5
23C
 100
AcDbEntity
  8
_TOP_SIDE_
 100
AcDbVertex
 100
AcDb2dVertex
 10
31.430
 20
-7.640
 40
0.025
 41
0.025
  0
VERTEX
  5
23D
 100
AcDbEntity
  8
_TOP_SIDE_
 100
AcDbVertex
 100
AcDb2dVertex
 10
31.430
 20
-7.653
 40
0.025
 41
0.025
 42
1.00000
  0
VERTEX
  5
23E
 100
AcDbEntity
  8
_TOP_SIDE_
 100
AcDbVertex
 100
AcDb2dVertex
 10
31.430
 20
-7.627
  0
SEQEND
  5
23F
 100
AcDbEntity
  8
_TOP_SIDE_
  0
POLYLINE
  5
240
 100
AcDbEntity
  8
SILKSCREEN_TOP
 100
AcDb2dPolyline
 66
     1
 10
0.000
 20
0.000
 70
     1
 40
0.000
 41
0.000
  0
VERTEX
  5
241
 100
AcDbEntity
  8
SILKSCREEN_TOP
 100
AcDbVertex
 100
AcDb2dVertex
 10
58.890
 20
-25.140
 40
0.100
 41
0.100
 42
1.00000
  0
VERTEX
  5
242
 100
AcDbEntity
  8
SILKSCREEN_TOP
 100
AcDbVertex
 100
AcDb2dVertex
 10
58.790
 20
-25.140
  0
VERTEX
  5
243
 100
AcDbEntity
  8
SILKSCREEN_TOP
 100
AcDbVertex
 100
AcDb2dVertex
 10
58.840
 20
-25.140
  0
VERTEX
  5
244
 100
AcDbEntity
  8
SILKSCREEN_TOP
 100
AcDbVertex
 100
AcDb2dVertex
 10
58.840
 20
-25.140
 40
0.200
 41
0.200
  0
VERTEX
  5
245
 100
AcDbEntity
  8
SILKSCREEN_TOP
 100
AcDbVertex
 100
AcDb2dVertex
 10
58.840
 20
-27.280
 40
0.100
 41
0.100
  0
VERTEX
  5
246
 100
AcDbEntity
  8
SILKSCREEN_TOP
 100
AcDbVertex
 100
AcDb2dVertex
 10
58.790
 20
-27.280
 40
0.100
 41
0.100
 42
1.00000
  0
VERTEX
  5
247
 100
AcDbEntity
  8
SILKSCREEN_TOP
 100
AcDbVertex
 100
AcDb2dVertex
 10
58.890
 20
-27.280
  0
VERTEX
  5
248
 100
AcDbEntity
  8
SILKSCREEN_TOP
 100
AcDbVertex
 100
AcDb2dVertex
 10
58.875
 20
-27.315
 40
0.100
 41
0.100
 42
1.00000
  0
VERTEX
  5
249
 100
AcDbEntity
  8
SILKSCREEN_TOP
 100
AcDbVertex
 100
AcDb2dVertex
 10
58.805
 20
-27.245
  0
VERTEX
  5
24A
 100
AcDbEntity
  8
SILKSCREEN_TOP
 100
AcDbVertex
 100
AcDb2dVertex
 10
58.840
 20
-27.280
  0
VERTEX
  5
24B
 100
AcDbEntity
  8
SILKSCREEN_TOP
 100
AcDbVertex
 100
AcDb2dVertex
 10
58.840
 20
-27.280
 40
0.200
 41
0.200
  0
VERTEX
  5
24C
 100
AcDbEntity
  8
SILKSCREEN_TOP
 100
AcDbVertex
 100
AcDb2dVertex
 10
58.640
 20
-27.480
 40
0.100
 41
0.100
  0
VERTEX
  5
24D
 100
AcDbEntity
  8
SILKSCREEN_TOP
 100
AcDbVertex
 100
AcDb2dVertex
 10
58.605
 20
-27.445
 40
0.100
 41
0.100
 42
1.00000
  0
VERTEX
  5
24E
 100
AcDbEntity
  8
SILKSCREEN_TOP
 100
AcDbVertex
 100
AcDb2dVertex
 10
58.675
 20
-27.515
  0
VERTEX
  5
24F
 100
AcDbEntity
  8
SILKSCREEN_TOP
 100
AcDbVertex
 100
AcDb2dVertex
 10
58.640
 20
-27.530
 40
0.100
 41
0.100
 42
1.00000
  0
VERTEX
  5
250
 100
AcDbEntity
  8
SILKSCREEN_TOP
 100
AcDbVertex
 100
AcDb2dVertex
 10
58.640
 20
-27.430
  0
VERTEX
  5
251
 100
AcDbEntity
  8
SILKSCREEN_TOP
 100
AcDbVertex
 100
AcDb2dVertex
 10
58.640
 20
-27.480
  0
VERTEX
  5
252
 100
AcDbEntity
  8
SILKSCREEN_TOP
 100
AcDbVertex
 100
AcDb2dVertex
 10
58.640
 20
-27.480
 40
0.200
 41
0.200
  0
VERTEX
  5
253
 100
AcDbEntity
  8
SILKSCREEN_TOP
 100
AcDbVertex
 100
AcDb2dVertex
 10
53.960
 20
-27.480
 40
0.100
 41
0.100
  0
VERTEX
  5
254
 100
AcDbEntity
  8
SILKSCREEN_TOP
 100
AcDbVertex
 100
AcDb2dVertex
 10
53.960
 20
-27.430
 40
0.100
 41
0.100
 42
1.00000
  0
VERTEX
  5
255
 100
AcDbEntity
  8
SILKSCREEN_TOP
 100
AcDbVertex
 100
AcDb2dVertex
 10
53.960
 20
-27.530
  0
VERTEX
  5
256
 100
AcDbEntity
  8
SILKSCREEN_TOP
 100
AcDbVertex
 100
AcDb2dVertex
 10
53.925
 20
-27.515
 40
0.100
 41
0.100
 42
1.00000
  0
VERTEX
  5
257
 100
AcDbEntity
  8
SILKSCREEN_TOP
 100
AcDbVertex
 100
AcDb2dVertex
 10
53.995
 20
-27.445
  0
VERTEX
  5
258
 100
AcDbEntity
  8
SILKSCREEN_TOP
 100
AcDbVertex
 100
AcDb2dVertex
 10
53.960
 20
-27.480
  0
VERTEX
  5
259
 100
AcDbEntity
  8
SILKSCREEN_TOP
 100
AcDbVertex
 100
AcDb2dVertex
 10
53.960
 20
-27.480
 40
0.200
 41
0.200
  0
VERTEX
  5
25A
 100
AcDbEntity
  8
SILKSCREEN_TOP
 100
AcDbVertex
 100
AcDb2dVertex
 10
53.760
 20
-27.280
 40
0.100
 41
0.100
  0
VERTEX
  5
25B
 100
AcDbEntity
  8
SILKSCREEN_TOP
 100
AcDbVertex
 100
AcDb2dVertex
 10
53.795
 20
-27.245
 40
0.100
 41
0.100
 42
1.00000
  0
VERTEX
  5
25C
 100
AcDbEntity
  8
SILKSCREEN_TOP
 100
AcDbVertex
 100
AcDb2dVertex
 10
53.725
 20
-27.315
  0
VERTEX
  5
25D
 100
AcDbEntity
  8
SILKSCREEN_TOP
 100
AcDbVertex
 100
AcDb2dVertex
 10
53.710
 20
-27.280
 40
0.100
 41
0.100
 42
1.00000
  0
VERTEX
  5
25E
 100
AcDbEntity
  8
SILKSCREEN_TOP
 100
AcDbVertex
 100
AcDb2dVertex
 10
53.810
 20
-27.280
  0
VERTEX
  5
25F
 100
AcDbEntity
  8
SILKSCREEN_TOP
 100
AcDbVertex
 100
AcDb2dVertex
 10
53.760
 20
-27.280
  0
VERTEX
  5
260
 100
AcDbEntity
  8
SILKSCREEN_TOP
 100
AcDbVertex
 100
AcDb2dVertex
 10
53.760
 20
-27.280
 40
0.200
 41
0.200
  0
VERTEX
  5
261
 100
AcDbEntity
  8
SILKSCREEN_TOP
 100
AcDbVertex
 100
AcDb2dVertex
 10
53.760
 20
-25.140
 40
0.100
 41
0.100
  0
VERTEX
  5
262
 100
AcDbEntity
  8
SILKSCREEN_TOP
 100
AcDbVertex
 100
AcDb2dVertex
 10
53.810
 20
-25.140
 40
0.100
 41
0.100
 42
1.00000
  0
VERTEX
  5
263
 100
AcDbEntity
  8
SILKSCREEN_TOP
 100
AcDbVertex
 100
AcDb2dVertex
 10
53.710
 20
-25.140
  0
VERTEX
  5
264
 100
AcDbEntity
  8
SILKSCREEN_TOP
 100
AcDbVertex
 100
AcDb2dVertex
 10
53.725
 20
-25.105
 40
0.100
 41
0.100
 42
1.00000
  0
VERTEX
  5
265
 100
AcDbEntity
  8
SILKSCREEN_TOP
 100
AcDbVertex
 100
AcDb2dVertex
 10
53.795
 20
-25.175
  0
VERTEX
  5
266
 100
AcDbEntity
  8
SILKSCREEN_TOP
 100
AcDbVertex
 100
AcDb2dVertex
 10
53.760
 20
-25.140
  0
VERTEX
  5
267
 100
AcDbEntity
  8
SILKSCREEN_TOP
 100
AcDbVertex
 100
AcDb2dVertex
 10
53.760
 20
-25.140
 40
0.200
 41
0.200
  0
VERTEX
  5
268
 100
AcDbEntity
  8
SILKSCREEN_TOP
 100
AcDbVertex
 100
AcDb2dVertex
 10
53.960
 20
-24.940
 40
0.100
 41
0.100
  0
VERTEX
  5
269
 100
AcDbEntity
  8
SILKSCREEN_TOP
 100
AcDbVertex
 100
AcDb2dVertex
 10
53.995
 20
-24.975
 40
0.100
 41
0.100
 42
1.00000
  0
VERTEX
  5
26A
 100
AcDbEntity
  8
SILKSCREEN_TOP
 100
AcDbVertex
 100
AcDb2dVertex
 10
53.925
 20
-24.905
  0
VERTEX
  5
26B
 100
AcDbEntity
  8
SILKSCREEN_TOP
 100
AcDbVertex
 100
AcDb2dVertex
 10
53.960
 20
-24.890
 40
0.100
 41
0.100
 42
1.00000
  0
VERTEX
  5
26C
 100
AcDbEntity
  8
SILKSCREEN_TOP
 100
AcDbVertex
 100
AcDb2dVertex
 10
53.960
 20
-24.990
  0
VERTEX
  5
26D
 100
AcDbEntity
  8
SILKSCREEN_TOP
 100
AcDbVertex
 100
AcDb2dVertex
 10
53.960
 20
-24.940
  0
VERTEX
  5
26E
 100
AcDbEntity
  8
SILKSCREEN_TOP
 100
AcDbVertex
 100
AcDb2dVertex
 10
53.960
 20
-24.940
 40
0.200
 41
0.200
  0
VERTEX
  5
26F
 100
AcDbEntity
  8
SILKSCREEN_TOP
 100
AcDbVertex
 100
AcDb2dVertex
 10
58.640
 20
-24.940
 40
0.100
 41
0.100
  0
VERTEX
  5
270
 100
AcDbEntity
  8
SILKSCREEN_TOP
 100
AcDbVertex
 100
AcDb2dVertex
 10
58.640
 20
-24.990
 40
0.100
 41
0.100
 42
1.00000
  0
VERTEX
  5
271
 100
AcDbEntity
  8
SILKSCREEN_TOP
 100
AcDbVertex
 100
AcDb2dVertex
 10
58.640
 20
-24.890
  0
VERTEX
  5
272
 100
AcDbEntity
  8
SILKSCREEN_TOP
 100
AcDbVertex
 100
AcDb2dVertex
 10
58.675
 20
-24.905
 40
0.100
 41
0.100
 42
1.00000
  0
VERTEX
  5
273
 100
AcDbEntity
  8
SILKSCREEN_TOP
 100
AcDbVertex
 100
AcDb2dVertex
 10
58.605
 20
-24.975
  0
VERTEX
  5
274
 100
AcDbEntity
  8
SILKSCREEN_TOP
 100
AcDbVertex
 100
AcDb2dVertex
 10
58.640
 20
-24.940
  0
VERTEX
  5
275
 100
AcDbEntity
  8
SILKSCREEN_TOP
 100
AcDbVertex
 100
AcDb2dVertex
 10
58.640
 20
-24.940
 40
0.200
 41
0.200
  0
VERTEX
  5
276
 100
AcDbEntity
  8
SILKSCREEN_TOP
 100
AcDbVertex
 100
AcDb2dVertex
 10
58.840
 20
-25.140
 40
0.200
 41
0.200
  0
VERTEX
  5
277
 100
AcDbEntity
  8
SILKSCREEN_TOP
 100
AcDbVertex
 100
AcDb2dVertex
 10
58.840
 20
-25.140
  0
VERTEX
  5
278
 100
AcDbEntity
  8
SILKSCREEN_TOP
 100
AcDbVertex
 100
AcDb2dVertex
 10
58.840
 20
-25.140
 40
0.100
 41
0.100
  0
VERTEX
  5
279
 100
AcDbEntity
  8
SILKSCREEN_TOP
 100
AcDbVertex
 100
AcDb2dVertex
 10
58.805
 20
-25.175
 40
0.100
 41
0.100
 42
1.00000
  0
VERTEX
  5
27A
 100
AcDbEntity
  8
SILKSCREEN_TOP
 100
AcDbVertex
 100
AcDb2dVertex
 10
58.875
 20
-25.105
  0
SEQEND
  5
27B
 100
AcDbEntity
  8
SILKSCREEN_TOP
  0
POLYLINE
  5
27C
 100
AcDbEntity
  8
_TOP_SIDE_
 100
AcDb2dPolyline
 66
     1
 10
0.000
 20
0.000
 70
     1
 40
0.000
 41
0.000
  0
VERTEX
  5
27D
 100
AcDbEntity
  8
_TOP_SIDE_
 100
AcDbVertex
 100
AcDb2dVertex
 10
58.853
 20
-24.940
 40
0.025
 41
0.025
 42
1.00000
  0
VERTEX
  5
27E
 100
AcDbEntity
  8
_TOP_SIDE_
 100
AcDbVertex
 100
AcDb2dVertex
 10
58.827
 20
-24.940
  0
VERTEX
  5
27F
 100
AcDbEntity
  8
_TOP_SIDE_
 100
AcDbVertex
 100
AcDb2dVertex
 10
58.840
 20
-24.940
  0
VERTEX
  5
280
 100
AcDbEntity
  8
_TOP_SIDE_
 100
AcDbVertex
 100
AcDb2dVertex
 10
58.840
 20
-24.940
 40
0.051
 41
0.051
  0
VERTEX
  5
281
 100
AcDbEntity
  8
_TOP_SIDE_
 100
AcDbVertex
 100
AcDb2dVertex
 10
58.840
 20
-27.480
 40
0.025
 41
0.025
  0
VERTEX
  5
282
 100
AcDbEntity
  8
_TOP_SIDE_
 100
AcDbVertex
 100
AcDb2dVertex
 10
58.827
 20
-27.480
 40
0.025
 41
0.025
 42
1.00000
  0
VERTEX
  5
283
 100
AcDbEntity
  8
_TOP_SIDE_
 100
AcDbVertex
 100
AcDb2dVertex
 10
58.853
 20
-27.480
  0
VERTEX
  5
284
 100
AcDbEntity
  8
_TOP_SIDE_
 100
AcDbVertex
 100
AcDb2dVertex
 10
58.840
 20
-27.493
 40
0.025
 41
0.025
 42
1.00000
  0
VERTEX
  5
285
 100
AcDbEntity
  8
_TOP_SIDE_
 100
AcDbVertex
 100
AcDb2dVertex
 10
58.840
 20
-27.467
  0
VERTEX
  5
286
 100
AcDbEntity
  8
_TOP_SIDE_
 100
AcDbVertex
 100
AcDb2dVertex
 10
58.840
 20
-27.480
  0
VERTEX
  5
287
 100
AcDbEntity
  8
_TOP_SIDE_
 100
AcDbVertex
 100
AcDb2dVertex
 10
58.840
 20
-27.480
 40
0.051
 41
0.051
  0
VERTEX
  5
288
 100
AcDbEntity
  8
_TOP_SIDE_
 100
AcDbVertex
 100
AcDb2dVertex
 10
53.760
 20
-27.480
 40
0.025
 41
0.025
  0
VERTEX
  5
289
 100
AcDbEntity
  8
_TOP_SIDE_
 100
AcDbVertex
 100
AcDb2dVertex
 10
53.760
 20
-27.467
 40
0.025
 41
0.025
 42
1.00000
  0
VERTEX
  5
28A
 100
AcDbEntity
  8
_TOP_SIDE_
 100
AcDbVertex
 100
AcDb2dVertex
 10
53.760
 20
-27.493
  0
VERTEX
  5
28B
 100
AcDbEntity
  8
_TOP_SIDE_
 100
AcDbVertex
 100
AcDb2dVertex
 10
53.747
 20
-27.480
 40
0.025
 41
0.025
 42
1.00000
  0
VERTEX
  5
28C
 100
AcDbEntity
  8
_TOP_SIDE_
 100
AcDbVertex
 100
AcDb2dVertex
 10
53.773
 20
-27.480
  0
VERTEX
  5
28D
 100
AcDbEntity
  8
_TOP_SIDE_
 100
AcDbVertex
 100
AcDb2dVertex
 10
53.760
 20
-27.480
  0
VERTEX
  5
28E
 100
AcDbEntity
  8
_TOP_SIDE_
 100
AcDbVertex
 100
AcDb2dVertex
 10
53.760
 20
-27.480
 40
0.051
 41
0.051
  0
VERTEX
  5
28F
 100
AcDbEntity
  8
_TOP_SIDE_
 100
AcDbVertex
 100
AcDb2dVertex
 10
53.760
 20
-24.940
 40
0.025
 41
0.025
  0
VERTEX
  5
290
 100
AcDbEntity
  8
_TOP_SIDE_
 100
AcDbVertex
 100
AcDb2dVertex
 10
53.773
 20
-24.940
 40
0.025
 41
0.025
 42
1.00000
  0
VERTEX
  5
291
 100
AcDbEntity
  8
_TOP_SIDE_
 100
AcDbVertex
 100
AcDb2dVertex
 10
53.747
 20
-24.940
  0
VERTEX
  5
292
 100
AcDbEntity
  8
_TOP_SIDE_
 100
AcDbVertex
 100
AcDb2dVertex
 10
53.760
 20
-24.927
 40
0.025
 41
0.025
 42
1.00000
  0
VERTEX
  5
293
 100
AcDbEntity
  8
_TOP_SIDE_
 100
AcDbVertex
 100
AcDb2dVertex
 10
53.760
 20
-24.953
  0
VERTEX
  5
294
 100
AcDbEntity
  8
_TOP_SIDE_
 100
AcDbVertex
 100
AcDb2dVertex
 10
53.760
 20
-24.940
  0
VERTEX
  5
295
 100
AcDbEntity
  8
_TOP_SIDE_
 100
AcDbVertex
 100
AcDb2dVertex
 10
53.760
 20
-24.940
 40
0.051
 41
0.051
  0
VERTEX
  5
296
 100
AcDbEntity
  8
_TOP_SIDE_
 100
AcDbVertex
 100
AcDb2dVertex
 10
58.840
 20
-24.940
 40
0.051
 41
0.051
  0
VERTEX
  5
297
 100
AcDbEntity
  8
_TOP_SIDE_
 100
AcDbVertex
 100
AcDb2dVertex
 10
58.840
 20
-24.940
  0
VERTEX
  5
298
 100
AcDbEntity
  8
_TOP_SIDE_
 100
AcDbVertex
 100
AcDb2dVertex
 10
58.840
 20
-24.940
 40
0.025
 41
0.025
  0
VERTEX
  5
299
 100
AcDbEntity
  8
_TOP_SIDE_
 100
AcDbVertex
 100
AcDb2dVertex
 10
58.840
 20
-24.953
 40
0.025
 41
0.025
 42
1.00000
  0
VERTEX
  5
29A
 100
AcDbEntity
  8
_TOP_SIDE_
 100
AcDbVertex
 100
AcDb2dVertex
 10
58.840
 20
-24.927
  0
SEQEND
  5
29B
 100
AcDbEntity
  8
_TOP_SIDE_
  0
POLYLINE
  5
29C
 100
AcDbEntity
  8
SILKSCREEN_TOP
 100
AcDb2dPolyline
 66
     1
 10
0.000
 20
0.000
 40
0.000
 41
0.000
  0
VERTEX
  5
29D
 100
AcDbEntity
  8
SILKSCREEN_TOP
 100
AcDbVertex
 100
AcDb2dVertex
 10
20.800
 20
-14.430
 40
0.100
 41
0.100
 42
1.00000
  0
VERTEX
  5
29E
 100
AcDbEntity
  8
SILKSCREEN_TOP
 100
AcDbVertex
 100
AcDb2dVertex
 10
20.700
 20
-14.430
  0
VERTEX
  5
29F
 100
AcDbEntity
  8
SILKSCREEN_TOP
 100
AcDbVertex
 100
AcDb2dVertex
 10
20.750
 20
-14.430
  0
VERTEX
  5
2A0
 100
AcDbEntity
  8
SILKSCREEN_TOP
 100
AcDbVertex
 100
AcDb2dVertex
 10
20.750
 20
-14.430
 40
0.200
 41
0.200
  0
VERTEX
  5
2A1
 100
AcDbEntity
  8
SILKSCREEN_TOP
 100
AcDbVertex
 100
AcDb2dVertex
 10
20.750
 20
-15.130
 40
0.200
 41
0.200
  0
VERTEX
  5
2A2
 100
AcDbEntity
  8
SILKSCREEN_TOP
 100
AcDbVertex
 100
AcDb2dVertex
 10
20.750
 20
-15.130
  0
VERTEX
  5
2A3
 100
AcDbEntity
  8
SILKSCREEN_TOP
 100
AcDbVertex
 100
AcDb2dVertex
 10
20.750
 20
-15.130
 40
0.100
 41
0.100
  0
VERTEX
  5
2A4
 100
AcDbEntity
  8
SILKSCREEN_TOP
 100
AcDbVertex
 100
AcDb2dVertex
 10
20.700
 20
-15.130
 40
0.100
 41
0.100
 42
1.00000
  0
VERTEX
  5
2A5
 100
AcDbEntity
  8
SILKSCREEN_TOP
 100
AcDbVertex
 100
AcDb2dVertex
 10
20.800
 20
-15.130
  0
SEQEND
  5
2A6
 100
AcDbEntity
  8
SILKSCREEN_TOP
  0
POLYLINE
  5
2A7
 100
AcDbEntity
  8
SILKSCREEN_TOP
 100
AcDb2dPolyline
 66
     1
 10
0.000
 20
0.000
 40
0.000
 41
0.000
  0
VERTEX
  5
2A8
 100
AcDbEntity
  8
SILKSCREEN_TOP
 100
AcDbVertex
 100
AcDb2dVertex
 10
22.050
 20
-14.430
 40
0.100
 41
0.100
 42
1.00000
  0
VERTEX
  5
2A9
 100
AcDbEntity
  8
SILKSCREEN_TOP
 100
AcDbVertex
 100
AcDb2dVertex
 10
21.950
 20
-14.430
  0
VERTEX
  5
2AA
 100
AcDbEntity
  8
SILKSCREEN_TOP
 100
AcDbVertex
 100
AcDb2dVertex
 10
22.000
 20
-14.430
  0
VERTEX
  5
2AB
 100
AcDbEntity
  8
SILKSCREEN_TOP
 100
AcDbVertex
 100
AcDb2dVertex
 10
22.000
 20
-14.430
 40
0.200
 41
0.200
  0
VERTEX
  5
2AC
 100
AcDbEntity
  8
SILKSCREEN_TOP
 100
AcDbVertex
 100
AcDb2dVertex
 10
22.000
 20
-15.130
 40
0.200
 41
0.200
  0
VERTEX
  5
2AD
 100
AcDbEntity
  8
SILKSCREEN_TOP
 100
AcDbVertex
 100
AcDb2dVertex
 10
22.000
 20
-15.130
  0
VERTEX
  5
2AE
 100
AcDbEntity
  8
SILKSCREEN_TOP
 100
AcDbVertex
 100
AcDb2dVertex
 10
22.000
 20
-15.130
 40
0.100
 41
0.100
  0
VERTEX
  5
2AF
 100
AcDbEntity
  8
SILKSCREEN_TOP
 100
AcDbVertex
 100
AcDb2dVertex
 10
21.950
 20
-15.130
 40
0.100
 41
0.100
 42
1.00000
  0
VERTEX
  5
2B0
 100
AcDbEntity
  8
SILKSCREEN_TOP
 100
AcDbVertex
 100
AcDb2dVertex
 10
22.050
 20
-15.130
  0
SEQEND
  5
2B1
 100
AcDbEntity
  8
SILKSCREEN_TOP
  0
POLYLINE
  5
2B2
 100
AcDbEntity
  8
_TOP_SIDE_
 100
AcDb2dPolyline
 66
     1
 10
0.000
 20
0.000
 70
     1
 40
0.000
 41
0.000
  0
VERTEX
  5
2B3
 100
AcDbEntity
  8
_TOP_SIDE_
 100
AcDbVertex
 100
AcDb2dVertex
 10
22.000
 20
-13.783
 40
0.005
 41
0.005
 42
1.00000
  0
VERTEX
  5
2B4
 100
AcDbEntity
  8
_TOP_SIDE_
 100
AcDbVertex
 100
AcDb2dVertex
 10
22.000
 20
-13.778
  0
VERTEX
  5
2B5
 100
AcDbEntity
  8
_TOP_SIDE_
 100
AcDbVertex
 100
AcDb2dVertex
 10
22.000
 20
-13.780
  0
VERTEX
  5
2B6
 100
AcDbEntity
  8
_TOP_SIDE_
 100
AcDbVertex
 100
AcDb2dVertex
 10
22.000
 20
-13.780
 40
0.010
 41
0.010
  0
VERTEX
  5
2B7
 100
AcDbEntity
  8
_TOP_SIDE_
 100
AcDbVertex
 100
AcDb2dVertex
 10
20.750
 20
-13.780
 40
0.005
 41
0.005
  0
VERTEX
  5
2B8
 100
AcDbEntity
  8
_TOP_SIDE_
 100
AcDbVertex
 100
AcDb2dVertex
 10
20.750
 20
-13.778
 40
0.005
 41
0.005
 42
1.00000
  0
VERTEX
  5
2B9
 100
AcDbEntity
  8
_TOP_SIDE_
 100
AcDbVertex
 100
AcDb2dVertex
 10
20.750
 20
-13.783
  0
VERTEX
  5
2BA
 100
AcDbEntity
  8
_TOP_SIDE_
 100
AcDbVertex
 100
AcDb2dVertex
 10
20.753
 20
-13.780
 40
0.005
 41
0.005
 42
1.00000
  0
VERTEX
  5
2BB
 100
AcDbEntity
  8
_TOP_SIDE_
 100
AcDbVertex
 100
AcDb2dVertex
 10
20.748
 20
-13.780
  0
VERTEX
  5
2BC
 100
AcDbEntity
  8
_TOP_SIDE_
 100
AcDbVertex
 100
AcDb2dVertex
 10
20.750
 20
-13.780
  0
VERTEX
  5
2BD
 100
AcDbEntity
  8
_TOP_SIDE_
 100
AcDbVertex
 100
AcDb2dVertex
 10
20.750
 20
-13.780
 40
0.010
 41
0.010
  0
VERTEX
  5
2BE
 100
AcDbEntity
  8
_TOP_SIDE_
 100
AcDbVertex
 100
AcDb2dVertex
 10
20.750
 20
-15.780
 40
0.005
 41
0.005
  0
VERTEX
  5
2BF
 100
AcDbEntity
  8
_TOP_SIDE_
 100
AcDbVertex
 100
AcDb2dVertex
 10
20.748
 20
-15.780
 40
0.005
 41
0.005
 42
1.00000
  0
VERTEX
  5
2C0
 100
AcDbEntity
  8
_TOP_SIDE_
 100
AcDbVertex
 100
AcDb2dVertex
 10
20.753
 20
-15.780
  0
VERTEX
  5
2C1
 100
AcDbEntity
  8
_TOP_SIDE_
 100
AcDbVertex
 100
AcDb2dVertex
 10
20.750
 20
-15.778
 40
0.005
 41
0.005
 42
1.00000
  0
VERTEX
  5
2C2
 100
AcDbEntity
  8
_TOP_SIDE_
 100
AcDbVertex
 100
AcDb2dVertex
 10
20.750
 20
-15.783
  0
VERTEX
  5
2C3
 100
AcDbEntity
  8
_TOP_SIDE_
 100
AcDbVertex
 100
AcDb2dVertex
 10
20.750
 20
-15.780
  0
VERTEX
  5
2C4
 100
AcDbEntity
  8
_TOP_SIDE_
 100
AcDbVertex
 100
AcDb2dVertex
 10
20.750
 20
-15.780
 40
0.010
 41
0.010
  0
VERTEX
  5
2C5
 100
AcDbEntity
  8
_TOP_SIDE_
 100
AcDbVertex
 100
AcDb2dVertex
 10
22.000
 20
-15.780
 40
0.005
 41
0.005
  0
VERTEX
  5
2C6
 100
AcDbEntity
  8
_TOP_SIDE_
 100
AcDbVertex
 100
AcDb2dVertex
 10
22.000
 20
-15.783
 40
0.005
 41
0.005
 42
1.00000
  0
VERTEX
  5
2C7
 100
AcDbEntity
  8
_TOP_SIDE_
 100
AcDbVertex
 100
AcDb2dVertex
 10
22.000
 20
-15.778
  0
VERTEX
  5
2C8
 100
AcDbEntity
  8
_TOP_SIDE_
 100
AcDbVertex
 100
AcDb2dVertex
 10
21.998
 20
-15.780
 40
0.005
 41
0.005
 42
1.00000
  0
VERTEX
  5
2C9
 100
AcDbEntity
  8
_TOP_SIDE_
 100
AcDbVertex
 100
AcDb2dVertex
 10
22.003
 20
-15.780
  0
VERTEX
  5
2CA
 100
AcDbEntity
  8
_TOP_SIDE_
 100
AcDbVertex
 100
AcDb2dVertex
 10
22.000
 20
-15.780
  0
VERTEX
  5
2CB
 100
AcDbEntity
  8
_TOP_SIDE_
 100
AcDbVertex
 100
AcDb2dVertex
 10
22.000
 20
-15.780
 40
0.010
 41
0.010
  0
VERTEX
  5
2CC
 100
AcDbEntity
  8
_TOP_SIDE_
 100
AcDbVertex
 100
AcDb2dVertex
 10
22.000
 20
-13.780
 40
0.010
 41
0.010
  0
VERTEX
  5
2CD
 100
AcDbEntity
  8
_TOP_SIDE_
 100
AcDbVertex
 100
AcDb2dVertex
 10
22.000
 20
-13.780
  0
VERTEX
  5
2CE
 100
AcDbEntity
  8
_TOP_SIDE_
 100
AcDbVertex
 100
AcDb2dVertex
 10
22.000
 20
-13.780
 40
0.005
 41
0.005
  0
VERTEX
  5
2CF
 100
AcDbEntity
  8
_TOP_SIDE_
 100
AcDbVertex
 100
AcDb2dVertex
 10
22.003
 20
-13.780
 40
0.005
 41
0.005
 42
1.00000
  0
VERTEX
  5
2D0
 100
AcDbEntity
  8
_TOP_SIDE_
 100
AcDbVertex
 100
AcDb2dVertex
 10
21.998
 20
-13.780
  0
SEQEND
  5
2D1
 100
AcDbEntity
  8
_TOP_SIDE_
  0
POLYLINE
  5
2D2
 100
AcDbEntity
  8
SILKSCREEN_TOP
 100
AcDb2dPolyline
 66
     1
 10
0.000
 20
0.000
 40
0.000
 41
0.000
  0
VERTEX
  5
2D3
 100
AcDbEntity
  8
SILKSCREEN_TOP
 100
AcDbVertex
 100
AcDb2dVertex
 10
22.830
 20
-14.780
 40
0.100
 41
0.100
 42
1.00000
  0
VERTEX
  5
2D4
 100
AcDbEntity
  8
SILKSCREEN_TOP
 100
AcDbVertex
 100
AcDb2dVertex
 10
22.730
 20
-14.780
  0
VERTEX
  5
2D5
 100
AcDbEntity
  8
SILKSCREEN_TOP
 100
AcDbVertex
 100
AcDb2dVertex
 10
22.780
 20
-14.780
  0
VERTEX
  5
2D6
 100
AcDbEntity
  8
SILKSCREEN_TOP
 100
AcDbVertex
 100
AcDb2dVertex
 10
22.780
 20
-14.780
 40
0.200
 41
0.200
  0
VERTEX
  5
2D7
 100
AcDbEntity
  8
SILKSCREEN_TOP
 100
AcDbVertex
 100
AcDb2dVertex
 10
22.780
 20
-15.080
 40
0.200
 41
0.200
  0
VERTEX
  5
2D8
 100
AcDbEntity
  8
SILKSCREEN_TOP
 100
AcDbVertex
 100
AcDb2dVertex
 10
22.780
 20
-15.080
  0
VERTEX
  5
2D9
 100
AcDbEntity
  8
SILKSCREEN_TOP
 100
AcDbVertex
 100
AcDb2dVertex
 10
22.780
 20
-15.080
 40
0.100
 41
0.100
  0
VERTEX
  5
2DA
 100
AcDbEntity
  8
SILKSCREEN_TOP
 100
AcDbVertex
 100
AcDb2dVertex
 10
22.730
 20
-15.080
 40
0.100
 41
0.100
 42
1.00000
  0
VERTEX
  5
2DB
 100
AcDbEntity
  8
SILKSCREEN_TOP
 100
AcDbVertex
 100
AcDb2dVertex
 10
22.830
 20
-15.080
  0
SEQEND
  5
2DC
 100
AcDbEntity
  8
SILKSCREEN_TOP
  0
POLYLINE
  5
2DD
 100
AcDbEntity
  8
SILKSCREEN_TOP
 100
AcDb2dPolyline
 66
     1
 10
0.000
 20
0.000
 40
0.000
 41
0.000
  0
VERTEX
  5
2DE
 100
AcDbEntity
  8
SILKSCREEN_TOP
 100
AcDbVertex
 100
AcDb2dVertex
 10
23.830
 20
-14.780
 40
0.100
 41
0.100
 42
1.00000
  0
VERTEX
  5
2DF
 100
AcDbEntity
  8
SILKSCREEN_TOP
 100
AcDbVertex
 100
AcDb2dVertex
 10
23.730
 20
-14.780
  0
VERTEX
  5
2E0
 100
AcDbEntity
  8
SILKSCREEN_TOP
 100
AcDbVertex
 100
AcDb2dVertex
 10
23.780
 20
-14.780
  0
VERTEX
  5
2E1
 100
AcDbEntity
  8
SILKSCREEN_TOP
 100
AcDbVertex
 100
AcDb2dVertex
 10
23.780
 20
-14.780
 40
0.200
 41
0.200
  0
VERTEX
  5
2E2
 100
AcDbEntity
  8
SILKSCREEN_TOP
 100
AcDbVertex
 100
AcDb2dVertex
 10
23.780
 20
-15.080
 40
0.200
 41
0.200
  0
VERTEX
  5
2E3
 100
AcDbEntity
  8
SILKSCREEN_TOP
 100
AcDbVertex
 100
AcDb2dVertex
 10
23.780
 20
-15.080
  0
VERTEX
  5
2E4
 100
AcDbEntity
  8
SILKSCREEN_TOP
 100
AcDbVertex
 100
AcDb2dVertex
 10
23.780
 20
-15.080
 40
0.100
 41
0.100
  0
VERTEX
  5
2E5
 100
AcDbEntity
  8
SILKSCREEN_TOP
 100
AcDbVertex
 100
AcDb2dVertex
 10
23.730
 20
-15.080
 40
0.100
 41
0.100
 42
1.00000
  0
VERTEX
  5
2E6
 100
AcDbEntity
  8
SILKSCREEN_TOP
 100
AcDbVertex
 100
AcDb2dVertex
 10
23.830
 20
-15.080
  0
SEQEND
  5
2E7
 100
AcDbEntity
  8
SILKSCREEN_TOP
  0
POLYLINE
  5
2E8
 100
AcDbEntity
  8
SILKSCREEN_TOP
 100
AcDb2dPolyline
 66
     1
 10
0.000
 20
0.000
 70
     1
 40
0.000
 41
0.000
  0
VERTEX
  5
2E9
 100
AcDbEntity
  8
SILKSCREEN_TOP
 100
AcDbVertex
 100
AcDb2dVertex
 10
22.780
 20
-14.429
 40
0.102
 41
0.102
 42
1.00000
  0
VERTEX
  5
2EA
 100
AcDbEntity
  8
SILKSCREEN_TOP
 100
AcDbVertex
 100
AcDb2dVertex
 10
22.780
 20
-14.531
  0
VERTEX
  5
2EB
 100
AcDbEntity
  8
SILKSCREEN_TOP
 100
AcDbVertex
 100
AcDb2dVertex
 10
22.780
 20
-14.480
  0
VERTEX
  5
2EC
 100
AcDbEntity
  8
SILKSCREEN_TOP
 100
AcDbVertex
 100
AcDb2dVertex
 10
22.780
 20
-14.480
 40
0.203
 41
0.203
  0
VERTEX
  5
2ED
 100
AcDbEntity
  8
SILKSCREEN_TOP
 100
AcDbVertex
 100
AcDb2dVertex
 10
23.780
 20
-14.480
 40
0.102
 41
0.102
  0
VERTEX
  5
2EE
 100
AcDbEntity
  8
SILKSCREEN_TOP
 100
AcDbVertex
 100
AcDb2dVertex
 10
23.780
 20
-14.531
 40
0.102
 41
0.102
 42
1.00000
  0
VERTEX
  5
2EF
 100
AcDbEntity
  8
SILKSCREEN_TOP
 100
AcDbVertex
 100
AcDb2dVertex
 10
23.780
 20
-14.429
  0
VERTEX
  5
2F0
 100
AcDbEntity
  8
SILKSCREEN_TOP
 100
AcDbVertex
 100
AcDb2dVertex
 10
23.831
 20
-14.480
 40
0.102
 41
0.102
 42
1.00000
  0
VERTEX
  5
2F1
 100
AcDbEntity
  8
SILKSCREEN_TOP
 100
AcDbVertex
 100
AcDb2dVertex
 10
23.729
 20
-14.480
  0
VERTEX
  5
2F2
 100
AcDbEntity
  8
SILKSCREEN_TOP
 100
AcDbVertex
 100
AcDb2dVertex
 10
23.780
 20
-14.480
  0
VERTEX
  5
2F3
 100
AcDbEntity
  8
SILKSCREEN_TOP
 100
AcDbVertex
 100
AcDb2dVertex
 10
23.780
 20
-14.480
 40
0.203
 41
0.203
  0
VERTEX
  5
2F4
 100
AcDbEntity
  8
SILKSCREEN_TOP
 100
AcDbVertex
 100
AcDb2dVertex
 10
23.780
 20
-14.780
 40
0.102
 41
0.102
  0
VERTEX
  5
2F5
 100
AcDbEntity
  8
SILKSCREEN_TOP
 100
AcDbVertex
 100
AcDb2dVertex
 10
23.729
 20
-14.780
 40
0.102
 41
0.102
 42
1.00000
  0
VERTEX
  5
2F6
 100
AcDbEntity
  8
SILKSCREEN_TOP
 100
AcDbVertex
 100
AcDb2dVertex
 10
23.831
 20
-14.780
  0
VERTEX
  5
2F7
 100
AcDbEntity
  8
SILKSCREEN_TOP
 100
AcDbVertex
 100
AcDb2dVertex
 10
23.780
 20
-14.831
 40
0.102
 41
0.102
 42
1.00000
  0
VERTEX
  5
2F8
 100
AcDbEntity
  8
SILKSCREEN_TOP
 100
AcDbVertex
 100
AcDb2dVertex
 10
23.780
 20
-14.729
  0
VERTEX
  5
2F9
 100
AcDbEntity
  8
SILKSCREEN_TOP
 100
AcDbVertex
 100
AcDb2dVertex
 10
23.780
 20
-14.780
  0
VERTEX
  5
2FA
 100
AcDbEntity
  8
SILKSCREEN_TOP
 100
AcDbVertex
 100
AcDb2dVertex
 10
23.780
 20
-14.780
 40
0.203
 41
0.203
  0
VERTEX
  5
2FB
 100
AcDbEntity
  8
SILKSCREEN_TOP
 100
AcDbVertex
 100
AcDb2dVertex
 10
22.780
 20
-14.780
 40
0.102
 41
0.102
  0
VERTEX
  5
2FC
 100
AcDbEntity
  8
SILKSCREEN_TOP
 100
AcDbVertex
 100
AcDb2dVertex
 10
22.780
 20
-14.729
 40
0.102
 41
0.102
 42
1.00000
  0
VERTEX
  5
2FD
 100
AcDbEntity
  8
SILKSCREEN_TOP
 100
AcDbVertex
 100
AcDb2dVertex
 10
22.780
 20
-14.831
  0
VERTEX
  5
2FE
 100
AcDbEntity
  8
SILKSCREEN_TOP
 100
AcDbVertex
 100
AcDb2dVertex
 10
22.729
 20
-14.780
 40
0.102
 41
0.102
 42
1.00000
  0
VERTEX
  5
2FF
 100
AcDbEntity
  8
SILKSCREEN_TOP
 100
AcDbVertex
 100
AcDb2dVertex
 10
22.831
 20
-14.780
  0
VERTEX
  5
300
 100
AcDbEntity
  8
SILKSCREEN_TOP
 100
AcDbVertex
 100
AcDb2dVertex
 10
22.780
 20
-14.780
  0
VERTEX
  5
301
 100
AcDbEntity
  8
SILKSCREEN_TOP
 100
AcDbVertex
 100
AcDb2dVertex
 10
22.780
 20
-14.780
 40
0.203
 41
0.203
  0
VERTEX
  5
302
 100
AcDbEntity
  8
SILKSCREEN_TOP
 100
AcDbVertex
 100
AcDb2dVertex
 10
22.780
 20
-14.480
 40
0.203
 41
0.203
  0
VERTEX
  5
303
 100
AcDbEntity
  8
SILKSCREEN_TOP
 100
AcDbVertex
 100
AcDb2dVertex
 10
22.780
 20
-14.480
  0
VERTEX
  5
304
 100
AcDbEntity
  8
SILKSCREEN_TOP
 100
AcDbVertex
 100
AcDb2dVertex
 10
22.780
 20
-14.480
 40
0.102
 41
0.102
  0
VERTEX
  5
305
 100
AcDbEntity
  8
SILKSCREEN_TOP
 100
AcDbVertex
 100
AcDb2dVertex
 10
22.831
 20
-14.480
 40
0.102
 41
0.102
 42
1.00000
  0
VERTEX
  5
306
 100
AcDbEntity
  8
SILKSCREEN_TOP
 100
AcDbVertex
 100
AcDb2dVertex
 10
22.729
 20
-14.480
  0
SEQEND
  5
307
 100
AcDbEntity
  8
SILKSCREEN_TOP
  0
POLYLINE
  5
308
 100
AcDbEntity
  8
SILKSCREEN_TOP
 100
AcDb2dPolyline
 66
     1
 10
0.000
 20
0.000
 40
0.000
 41
0.000
  0
VERTEX
  5
309
 100
AcDbEntity
  8
SILKSCREEN_TOP
 100
AcDbVertex
 100
AcDb2dVertex
 10
22.780
 20
-14.632
 40
0.102
 41
0.102
 42
1.00000
  0
VERTEX
  5
30A
 100
AcDbEntity
  8
SILKSCREEN_TOP
 100
AcDbVertex
 100
AcDb2dVertex
 10
22.780
 20
-14.734
  0
VERTEX
  5
30B
 100
AcDbEntity
  8
SILKSCREEN_TOP
 100
AcDbVertex
 100
AcDb2dVertex
 10
22.780
 20
-14.683
  0
VERTEX
  5
30C
 100
AcDbEntity
  8
SILKSCREEN_TOP
 100
AcDbVertex
 100
AcDb2dVertex
 10
22.780
 20
-14.683
 40
0.203
 41
0.203
  0
VERTEX
  5
30D
 100
AcDbEntity
  8
SILKSCREEN_TOP
 100
AcDbVertex
 100
AcDb2dVertex
 10
23.780
 20
-14.683
 40
0.203
 41
0.203
  0
VERTEX
  5
30E
 100
AcDbEntity
  8
SILKSCREEN_TOP
 100
AcDbVertex
 100
AcDb2dVertex
 10
23.780
 20
-14.683
  0
VERTEX
  5
30F
 100
AcDbEntity
  8
SILKSCREEN_TOP
 100
AcDbVertex
 100
AcDb2dVertex
 10
23.780
 20
-14.683
 40
0.102
 41
0.102
  0
VERTEX
  5
310
 100
AcDbEntity
  8
SILKSCREEN_TOP
 100
AcDbVertex
 100
AcDb2dVertex
 10
23.780
 20
-14.734
 40
0.102
 41
0.102
 42
1.00000
  0
VERTEX
  5
311
 100
AcDbEntity
  8
SILKSCREEN_TOP
 100
AcDbVertex
 100
AcDb2dVertex
 10
23.780
 20
-14.632
  0
SEQEND
  5
312
 100
AcDbEntity
  8
SILKSCREEN_TOP
  0
POLYLINE
  5
313
 100
AcDbEntity
  8
_TOP_SIDE_
 100
AcDb2dPolyline
 66
     1
 10
0.000
 20
0.000
 70
     1
 40
0.000
 41
0.000
  0
VERTEX
  5
314
 100
AcDbEntity
  8
_TOP_SIDE_
 100
AcDbVertex
 100
AcDb2dVertex
 10
22.524
 20
-16.530
 40
0.013
 41
0.013
 42
1.00000
  0
VERTEX
  5
315
 100
AcDbEntity
  8
_TOP_SIDE_
 100
AcDbVertex
 100
AcDb2dVertex
 10
22.536
 20
-16.530
  0
VERTEX
  5
316
 100
AcDbEntity
  8
_TOP_SIDE_
 100
AcDbVertex
 100
AcDb2dVertex
 10
22.530
 20
-16.530
  0
VERTEX
  5
317
 100
AcDbEntity
  8
_TOP_SIDE_
 100
AcDbVertex
 100
AcDb2dVertex
 10
22.530
 20
-16.530
 40
0.025
 41
0.025
  0
VERTEX
  5
318
 100
AcDbEntity
  8
_TOP_SIDE_
 100
AcDbVertex
 100
AcDb2dVertex
 10
22.530
 20
-13.030
 40
0.013
 41
0.013
  0
VERTEX
  5
319
 100
AcDbEntity
  8
_TOP_SIDE_
 100
AcDbVertex
 100
AcDb2dVertex
 10
22.536
 20
-13.030
 40
0.013
 41
0.013
 42
1.00000
  0
VERTEX
  5
31A
 100
AcDbEntity
  8
_TOP_SIDE_
 100
AcDbVertex
 100
AcDb2dVertex
 10
22.524
 20
-13.030
  0
VERTEX
  5
31B
 100
AcDbEntity
  8
_TOP_SIDE_
 100
AcDbVertex
 100
AcDb2dVertex
 10
22.530
 20
-13.024
 40
0.013
 41
0.013
 42
1.00000
  0
VERTEX
  5
31C
 100
AcDbEntity
  8
_TOP_SIDE_
 100
AcDbVertex
 100
AcDb2dVertex
 10
22.530
 20
-13.036
  0
VERTEX
  5
31D
 100
AcDbEntity
  8
_TOP_SIDE_
 100
AcDbVertex
 100
AcDb2dVertex
 10
22.530
 20
-13.030
  0
VERTEX
  5
31E
 100
AcDbEntity
  8
_TOP_SIDE_
 100
AcDbVertex
 100
AcDb2dVertex
 10
22.530
 20
-13.030
 40
0.025
 41
0.025
  0
VERTEX
  5
31F
 100
AcDbEntity
  8
_TOP_SIDE_
 100
AcDbVertex
 100
AcDb2dVertex
 10
24.030
 20
-13.030
 40
0.013
 41
0.013
  0
VERTEX
  5
320
 100
AcDbEntity
  8
_TOP_SIDE_
 100
AcDbVertex
 100
AcDb2dVertex
 10
24.030
 20
-13.036
 40
0.013
 41
0.013
 42
1.00000
  0
VERTEX
  5
321
 100
AcDbEntity
  8
_TOP_SIDE_
 100
AcDbVertex
 100
AcDb2dVertex
 10
24.030
 20
-13.024
  0
VERTEX
  5
322
 100
AcDbEntity
  8
_TOP_SIDE_
 100
AcDbVertex
 100
AcDb2dVertex
 10
24.036
 20
-13.030
 40
0.013
 41
0.013
 42
1.00000
  0
VERTEX
  5
323
 100
AcDbEntity
  8
_TOP_SIDE_
 100
AcDbVertex
 100
AcDb2dVertex
 10
24.024
 20
-13.030
  0
VERTEX
  5
324
 100
AcDbEntity
  8
_TOP_SIDE_
 100
AcDbVertex
 100
AcDb2dVertex
 10
24.030
 20
-13.030
  0
VERTEX
  5
325
 100
AcDbEntity
  8
_TOP_SIDE_
 100
AcDbVertex
 100
AcDb2dVertex
 10
24.030
 20
-13.030
 40
0.025
 41
0.025
  0
VERTEX
  5
326
 100
AcDbEntity
  8
_TOP_SIDE_
 100
AcDbVertex
 100
AcDb2dVertex
 10
24.030
 20
-16.530
 40
0.013
 41
0.013
  0
VERTEX
  5
327
 100
AcDbEntity
  8
_TOP_SIDE_
 100
AcDbVertex
 100
AcDb2dVertex
 10
24.024
 20
-16.530
 40
0.013
 41
0.013
 42
1.00000
  0
VERTEX
  5
328
 100
AcDbEntity
  8
_TOP_SIDE_
 100
AcDbVertex
 100
AcDb2dVertex
 10
24.036
 20
-16.530
  0
VERTEX
  5
329
 100
AcDbEntity
  8
_TOP_SIDE_
 100
AcDbVertex
 100
AcDb2dVertex
 10
24.030
 20
-16.536
 40
0.013
 41
0.013
 42
1.00000
  0
VERTEX
  5
32A
 100
AcDbEntity
  8
_TOP_SIDE_
 100
AcDbVertex
 100
AcDb2dVertex
 10
24.030
 20
-16.524
  0
VERTEX
  5
32B
 100
AcDbEntity
  8
_TOP_SIDE_
 100
AcDbVertex
 100
AcDb2dVertex
 10
24.030
 20
-16.530
  0
VERTEX
  5
32C
 100
AcDbEntity
  8
_TOP_SIDE_
 100
AcDbVertex
 100
AcDb2dVertex
 10
24.030
 20
-16.530
 40
0.025
 41
0.025
  0
VERTEX
  5
32D
 100
AcDbEntity
  8
_TOP_SIDE_
 100
AcDbVertex
 100
AcDb2dVertex
 10
22.530
 20
-16.530
 40
0.025
 41
0.025
  0
VERTEX
  5
32E
 100
AcDbEntity
  8
_TOP_SIDE_
 100
AcDbVertex
 100
AcDb2dVertex
 10
22.530
 20
-16.530
  0
VERTEX
  5
32F
 100
AcDbEntity
  8
_TOP_SIDE_
 100
AcDbVertex
 100
AcDb2dVertex
 10
22.530
 20
-16.530
 40
0.013
 41
0.013
  0
VERTEX
  5
330
 100
AcDbEntity
  8
_TOP_SIDE_
 100
AcDbVertex
 100
AcDb2dVertex
 10
22.530
 20
-16.524
 40
0.013
 41
0.013
 42
1.00000
  0
VERTEX
  5
331
 100
AcDbEntity
  8
_TOP_SIDE_
 100
AcDbVertex
 100
AcDb2dVertex
 10
22.530
 20
-16.536
  0
SEQEND
  5
332
 100
AcDbEntity
  8
_TOP_SIDE_
  0
POLYLINE
  5
333
 100
AcDbEntity
  8
SILKSCREEN_TOP
 100
AcDb2dPolyline
 66
     1
 10
0.000
 20
0.000
 40
0.000
 41
0.000
  0
VERTEX
  5
334
 100
AcDbEntity
  8
SILKSCREEN_TOP
 100
AcDbVertex
 100
AcDb2dVertex
 10
8.624
 20
-3.033
 40
0.102
 41
0.102
 42
1.00000
  0
VERTEX
  5
335
 100
AcDbEntity
  8
SILKSCREEN_TOP
 100
AcDbVertex
 100
AcDb2dVertex
 10
8.726
 20
-3.033
  0
VERTEX
  5
336
 100
AcDbEntity
  8
SILKSCREEN_TOP
 100
AcDbVertex
 100
AcDb2dVertex
 10
8.675
 20
-3.033
  0
VERTEX
  5
337
 100
AcDbEntity
  8
SILKSCREEN_TOP
 100
AcDbVertex
 100
AcDb2dVertex
 10
8.675
 20
-3.033
 40
0.203
 41
0.203
  0
VERTEX
  5
338
 100
AcDbEntity
  8
SILKSCREEN_TOP
 100
AcDbVertex
 100
AcDb2dVertex
 10
8.675
 20
-1.128
 40
0.203
 41
0.203
  0
VERTEX
  5
339
 100
AcDbEntity
  8
SILKSCREEN_TOP
 100
AcDbVertex
 100
AcDb2dVertex
 10
8.675
 20
-1.128
  0
VERTEX
  5
33A
 100
AcDbEntity
  8
SILKSCREEN_TOP
 100
AcDbVertex
 100
AcDb2dVertex
 10
8.675
 20
-1.128
 40
0.102
 41
0.102
  0
VERTEX
  5
33B
 100
AcDbEntity
  8
SILKSCREEN_TOP
 100
AcDbVertex
 100
AcDb2dVertex
 10
8.726
 20
-1.128
 40
0.102
 41
0.102
 42
1.00000
  0
VERTEX
  5
33C
 100
AcDbEntity
  8
SILKSCREEN_TOP
 100
AcDbVertex
 100
AcDb2dVertex
 10
8.624
 20
-1.128
  0
SEQEND
  5
33D
 100
AcDbEntity
  8
SILKSCREEN_TOP
  0
POLYLINE
  5
33E
 100
AcDbEntity
  8
SILKSCREEN_TOP
 100
AcDb2dPolyline
 66
     1
 10
0.000
 20
0.000
 40
0.000
 41
0.000
  0
VERTEX
  5
33F
 100
AcDbEntity
  8
SILKSCREEN_TOP
 100
AcDbVertex
 100
AcDb2dVertex
 10
9.028
 20
-0.846
 40
0.102
 41
0.102
 42
1.00000
  0
VERTEX
  5
340
 100
AcDbEntity
  8
SILKSCREEN_TOP
 100
AcDbVertex
 100
AcDb2dVertex
 10
8.957
 20
-0.774
  0
VERTEX
  5
341
 100
AcDbEntity
  8
SILKSCREEN_TOP
 100
AcDbVertex
 100
AcDb2dVertex
 10
8.993
 20
-0.810
  0
VERTEX
  5
342
 100
AcDbEntity
  8
SILKSCREEN_TOP
 100
AcDbVertex
 100
AcDb2dVertex
 10
8.993
 20
-0.810
 40
0.203
 41
0.203
  0
VERTEX
  5
343
 100
AcDbEntity
  8
SILKSCREEN_TOP
 100
AcDbVertex
 100
AcDb2dVertex
 10
8.675
 20
-1.128
 40
0.203
 41
0.203
  0
VERTEX
  5
344
 100
AcDbEntity
  8
SILKSCREEN_TOP
 100
AcDbVertex
 100
AcDb2dVertex
 10
8.675
 20
-1.128
  0
VERTEX
  5
345
 100
AcDbEntity
  8
SILKSCREEN_TOP
 100
AcDbVertex
 100
AcDb2dVertex
 10
8.675
 20
-1.128
 40
0.102
 41
0.102
  0
VERTEX
  5
346
 100
AcDbEntity
  8
SILKSCREEN_TOP
 100
AcDbVertex
 100
AcDb2dVertex
 10
8.639
 20
-1.092
 40
0.102
 41
0.102
 42
1.00000
  0
VERTEX
  5
347
 100
AcDbEntity
  8
SILKSCREEN_TOP
 100
AcDbVertex
 100
AcDb2dVertex
 10
8.711
 20
-1.163
  0
SEQEND
  5
348
 100
AcDbEntity
  8
SILKSCREEN_TOP
  0
POLYLINE
  5
349
 100
AcDbEntity
  8
SILKSCREEN_TOP
 100
AcDb2dPolyline
 66
     1
 10
0.000
 20
0.000
 40
0.000
 41
0.000
  0
VERTEX
  5
34A
 100
AcDbEntity
  8
SILKSCREEN_TOP
 100
AcDbVertex
 100
AcDb2dVertex
 10
8.957
 20
-3.386
 40
0.102
 41
0.102
 42
1.00000
  0
VERTEX
  5
34B
 100
AcDbEntity
  8
SILKSCREEN_TOP
 100
AcDbVertex
 100
AcDb2dVertex
 10
9.028
 20
-3.314
  0
VERTEX
  5
34C
 100
AcDbEntity
  8
SILKSCREEN_TOP
 100
AcDbVertex
 100
AcDb2dVertex
 10
8.993
 20
-3.350
  0
VERTEX
  5
34D
 100
AcDbEntity
  8
SILKSCREEN_TOP
 100
AcDbVertex
 100
AcDb2dVertex
 10
8.993
 20
-3.350
 40
0.203
 41
0.203
  0
VERTEX
  5
34E
 100
AcDbEntity
  8
SILKSCREEN_TOP
 100
AcDbVertex
 100
AcDb2dVertex
 10
8.675
 20
-3.033
 40
0.203
 41
0.203
  0
VERTEX
  5
34F
 100
AcDbEntity
  8
SILKSCREEN_TOP
 100
AcDbVertex
 100
AcDb2dVertex
 10
8.675
 20
-3.033
  0
VERTEX
  5
350
 100
AcDbEntity
  8
SILKSCREEN_TOP
 100
AcDbVertex
 100
AcDb2dVertex
 10
8.675
 20
-3.033
 40
0.102
 41
0.102
  0
VERTEX
  5
351
 100
AcDbEntity
  8
SILKSCREEN_TOP
 100
AcDbVertex
 100
AcDb2dVertex
 10
8.711
 20
-2.997
 40
0.102
 41
0.102
 42
1.00000
  0
VERTEX
  5
352
 100
AcDbEntity
  8
SILKSCREEN_TOP
 100
AcDbVertex
 100
AcDb2dVertex
 10
8.639
 20
-3.068
  0
SEQEND
  5
353
 100
AcDbEntity
  8
SILKSCREEN_TOP
  0
POLYLINE
  5
354
 100
AcDbEntity
  8
SILKSCREEN_TOP
 100
AcDb2dPolyline
 66
     1
 10
0.000
 20
0.000
 40
0.000
 41
0.000
  0
VERTEX
  5
355
 100
AcDbEntity
  8
SILKSCREEN_TOP
 100
AcDbVertex
 100
AcDb2dVertex
 10
11.850
 20
-0.861
 40
0.102
 41
0.102
 42
1.00000
  0
VERTEX
  5
356
 100
AcDbEntity
  8
SILKSCREEN_TOP
 100
AcDbVertex
 100
AcDb2dVertex
 10
11.850
 20
-0.759
  0
VERTEX
  5
357
 100
AcDbEntity
  8
SILKSCREEN_TOP
 100
AcDbVertex
 100
AcDb2dVertex
 10
11.850
 20
-0.810
  0
VERTEX
  5
358
 100
AcDbEntity
  8
SILKSCREEN_TOP
 100
AcDbVertex
 100
AcDb2dVertex
 10
11.850
 20
-0.810
 40
0.203
 41
0.203
  0
VERTEX
  5
359
 100
AcDbEntity
  8
SILKSCREEN_TOP
 100
AcDbVertex
 100
AcDb2dVertex
 10
11.533
 20
-0.810
 40
0.102
 41
0.102
  0
VERTEX
  5
35A
 100
AcDbEntity
  8
SILKSCREEN_TOP
 100
AcDbVertex
 100
AcDb2dVertex
 10
11.533
 20
-0.759
 40
0.102
 41
0.102
 42
1.00000
  0
VERTEX
  5
35B
 100
AcDbEntity
  8
SILKSCREEN_TOP
 100
AcDbVertex
 100
AcDb2dVertex
 10
11.533
 20
-0.861
  0
VERTEX
  5
35C
 100
AcDbEntity
  8
SILKSCREEN_TOP
 100
AcDbVertex
 100
AcDb2dVertex
 10
11.568
 20
-0.846
 40
0.102
 41
0.102
 42
1.00000
  0
VERTEX
  5
35D
 100
AcDbEntity
  8
SILKSCREEN_TOP
 100
AcDbVertex
 100
AcDb2dVertex
 10
11.497
 20
-0.774
  0
VERTEX
  5
35E
 100
AcDbEntity
  8
SILKSCREEN_TOP
 100
AcDbVertex
 100
AcDb2dVertex
 10
11.533
 20
-0.810
  0
VERTEX
  5
35F
 100
AcDbEntity
  8
SILKSCREEN_TOP
 100
AcDbVertex
 100
AcDb2dVertex
 10
11.533
 20
-0.810
 40
0.203
 41
0.203
  0
VERTEX
  5
360
 100
AcDbEntity
  8
SILKSCREEN_TOP
 100
AcDbVertex
 100
AcDb2dVertex
 10
11.215
 20
-1.128
 40
0.102
 41
0.102
  0
VERTEX
  5
361
 100
AcDbEntity
  8
SILKSCREEN_TOP
 100
AcDbVertex
 100
AcDb2dVertex
 10
11.179
 20
-1.092
 40
0.102
 41
0.102
 42
1.00000
  0
VERTEX
  5
362
 100
AcDbEntity
  8
SILKSCREEN_TOP
 100
AcDbVertex
 100
AcDb2dVertex
 10
11.251
 20
-1.163
  0
VERTEX
  5
363
 100
AcDbEntity
  8
SILKSCREEN_TOP
 100
AcDbVertex
 100
AcDb2dVertex
 10
11.179
 20
-1.163
 40
0.102
 41
0.102
 42
1.00000
  0
VERTEX
  5
364
 100
AcDbEntity
  8
SILKSCREEN_TOP
 100
AcDbVertex
 100
AcDb2dVertex
 10
11.251
 20
-1.092
  0
VERTEX
  5
365
 100
AcDbEntity
  8
SILKSCREEN_TOP
 100
AcDbVertex
 100
AcDb2dVertex
 10
11.215
 20
-1.128
  0
VERTEX
  5
366
 100
AcDbEntity
  8
SILKSCREEN_TOP
 100
AcDbVertex
 100
AcDb2dVertex
 10
11.215
 20
-1.128
 40
0.203
 41
0.203
  0
VERTEX
  5
367
 100
AcDbEntity
  8
SILKSCREEN_TOP
 100
AcDbVertex
 100
AcDb2dVertex
 10
10.898
 20
-0.810
 40
0.102
 41
0.102
  0
VERTEX
  5
368
 100
AcDbEntity
  8
SILKSCREEN_TOP
 100
AcDbVertex
 100
AcDb2dVertex
 10
10.933
 20
-0.774
 40
0.102
 41
0.102
 42
1.00000
  0
VERTEX
  5
369
 100
AcDbEntity
  8
SILKSCREEN_TOP
 100
AcDbVertex
 100
AcDb2dVertex
 10
10.862
 20
-0.846
  0
VERTEX
  5
36A
 100
AcDbEntity
  8
SILKSCREEN_TOP
 100
AcDbVertex
 100
AcDb2dVertex
 10
10.898
 20
-0.861
 40
0.102
 41
0.102
 42
1.00000
  0
VERTEX
  5
36B
 100
AcDbEntity
  8
SILKSCREEN_TOP
 100
AcDbVertex
 100
AcDb2dVertex
 10
10.898
 20
-0.759
  0
VERTEX
  5
36C
 100
AcDbEntity
  8
SILKSCREEN_TOP
 100
AcDbVertex
 100
AcDb2dVertex
 10
10.898
 20
-0.810
  0
VERTEX
  5
36D
 100
AcDbEntity
  8
SILKSCREEN_TOP
 100
AcDbVertex
 100
AcDb2dVertex
 10
10.898
 20
-0.810
 40
0.203
 41
0.203
  0
VERTEX
  5
36E
 100
AcDbEntity
  8
SILKSCREEN_TOP
 100
AcDbVertex
 100
AcDb2dVertex
 10
8.993
 20
-0.810
 40
0.203
 41
0.203
  0
VERTEX
  5
36F
 100
AcDbEntity
  8
SILKSCREEN_TOP
 100
AcDbVertex
 100
AcDb2dVertex
 10
8.993
 20
-0.810
  0
VERTEX
  5
370
 100
AcDbEntity
  8
SILKSCREEN_TOP
 100
AcDbVertex
 100
AcDb2dVertex
 10
8.993
 20
-0.810
 40
0.102
 41
0.102
  0
VERTEX
  5
371
 100
AcDbEntity
  8
SILKSCREEN_TOP
 100
AcDbVertex
 100
AcDb2dVertex
 10
8.993
 20
-0.759
 40
0.102
 41
0.102
 42
1.00000
  0
VERTEX
  5
372
 100
AcDbEntity
  8
SILKSCREEN_TOP
 100
AcDbVertex
 100
AcDb2dVertex
 10
8.993
 20
-0.861
  0
SEQEND
  5
373
 100
AcDbEntity
  8
SILKSCREEN_TOP
  0
POLYLINE
  5
374
 100
AcDbEntity
  8
SILKSCREEN_TOP
 100
AcDb2dPolyline
 66
     1
 10
0.000
 20
0.000
 40
0.000
 41
0.000
  0
VERTEX
  5
375
 100
AcDbEntity
  8
SILKSCREEN_TOP
 100
AcDbVertex
 100
AcDb2dVertex
 10
13.438
 20
-3.401
 40
0.102
 41
0.102
 42
1.00000
  0
VERTEX
  5
376
 100
AcDbEntity
  8
SILKSCREEN_TOP
 100
AcDbVertex
 100
AcDb2dVertex
 10
13.438
 20
-3.299
  0
VERTEX
  5
377
 100
AcDbEntity
  8
SILKSCREEN_TOP
 100
AcDbVertex
 100
AcDb2dVertex
 10
13.438
 20
-3.350
  0
VERTEX
  5
378
 100
AcDbEntity
  8
SILKSCREEN_TOP
 100
AcDbVertex
 100
AcDb2dVertex
 10
13.438
 20
-3.350
 40
0.203
 41
0.203
  0
VERTEX
  5
379
 100
AcDbEntity
  8
SILKSCREEN_TOP
 100
AcDbVertex
 100
AcDb2dVertex
 10
11.533
 20
-3.350
 40
0.102
 41
0.102
  0
VERTEX
  5
37A
 100
AcDbEntity
  8
SILKSCREEN_TOP
 100
AcDbVertex
 100
AcDb2dVertex
 10
11.533
 20
-3.299
 40
0.102
 41
0.102
 42
1.00000
  0
VERTEX
  5
37B
 100
AcDbEntity
  8
SILKSCREEN_TOP
 100
AcDbVertex
 100
AcDb2dVertex
 10
11.533
 20
-3.401
  0
VERTEX
  5
37C
 100
AcDbEntity
  8
SILKSCREEN_TOP
 100
AcDbVertex
 100
AcDb2dVertex
 10
11.497
 20
-3.386
 40
0.102
 41
0.102
 42
1.00000
  0
VERTEX
  5
37D
 100
AcDbEntity
  8
SILKSCREEN_TOP
 100
AcDbVertex
 100
AcDb2dVertex
 10
11.568
 20
-3.314
  0
VERTEX
  5
37E
 100
AcDbEntity
  8
SILKSCREEN_TOP
 100
AcDbVertex
 100
AcDb2dVertex
 10
11.533
 20
-3.350
  0
VERTEX
  5
37F
 100
AcDbEntity
  8
SILKSCREEN_TOP
 100
AcDbVertex
 100
AcDb2dVertex
 10
11.533
 20
-3.350
 40
0.203
 41
0.203
  0
VERTEX
  5
380
 100
AcDbEntity
  8
SILKSCREEN_TOP
 100
AcDbVertex
 100
AcDb2dVertex
 10
11.215
 20
-3.033
 40
0.102
 41
0.102
  0
VERTEX
  5
381
 100
AcDbEntity
  8
SILKSCREEN_TOP
 100
AcDbVertex
 100
AcDb2dVertex
 10
11.251
 20
-2.997
 40
0.102
 41
0.102
 42
1.00000
  0
VERTEX
  5
382
 100
AcDbEntity
  8
SILKSCREEN_TOP
 100
AcDbVertex
 100
AcDb2dVertex
 10
11.179
 20
-3.068
  0
VERTEX
  5
383
 100
AcDbEntity
  8
SILKSCREEN_TOP
 100
AcDbVertex
 100
AcDb2dVertex
 10
11.251
 20
-3.068
 40
0.102
 41
0.102
 42
1.00000
  0
VERTEX
  5
384
 100
AcDbEntity
  8
SILKSCREEN_TOP
 100
AcDbVertex
 100
AcDb2dVertex
 10
11.179
 20
-2.997
  0
VERTEX
  5
385
 100
AcDbEntity
  8
SILKSCREEN_TOP
 100
AcDbVertex
 100
AcDb2dVertex
 10
11.215
 20
-3.033
  0
VERTEX
  5
386
 100
AcDbEntity
  8
SILKSCREEN_TOP
 100
AcDbVertex
 100
AcDb2dVertex
 10
11.215
 20
-3.033
 40
0.203
 41
0.203
  0
VERTEX
  5
387
 100
AcDbEntity
  8
SILKSCREEN_TOP
 100
AcDbVertex
 100
AcDb2dVertex
 10
10.898
 20
-3.350
 40
0.102
 41
0.102
  0
VERTEX
  5
388
 100
AcDbEntity
  8
SILKSCREEN_TOP
 100
AcDbVertex
 100
AcDb2dVertex
 10
10.862
 20
-3.314
 40
0.102
 41
0.102
 42
1.00000
  0
VERTEX
  5
389
 100
AcDbEntity
  8
SILKSCREEN_TOP
 100
AcDbVertex
 100
AcDb2dVertex
 10
10.933
 20
-3.386
  0
VERTEX
  5
38A
 100
AcDbEntity
  8
SILKSCREEN_TOP
 100
AcDbVertex
 100
AcDb2dVertex
 10
10.898
 20
-3.401
 40
0.102
 41
0.102
 42
1.00000
  0
VERTEX
  5
38B
 100
AcDbEntity
  8
SILKSCREEN_TOP
 100
AcDbVertex
 100
AcDb2dVertex
 10
10.898
 20
-3.299
  0
VERTEX
  5
38C
 100
AcDbEntity
  8
SILKSCREEN_TOP
 100
AcDbVertex
 100
AcDb2dVertex
 10
10.898
 20
-3.350
  0
VERTEX
  5
38D
 100
AcDbEntity
  8
SILKSCREEN_TOP
 100
AcDbVertex
 100
AcDb2dVertex
 10
10.898
 20
-3.350
 40
0.203
 41
0.203
  0
VERTEX
  5
38E
 100
AcDbEntity
  8
SILKSCREEN_TOP
 100
AcDbVertex
 100
AcDb2dVertex
 10
8.993
 20
-3.350
 40
0.203
 41
0.203
  0
VERTEX
  5
38F
 100
AcDbEntity
  8
SILKSCREEN_TOP
 100
AcDbVertex
 100
AcDb2dVertex
 10
8.993
 20
-3.350
  0
VERTEX
  5
390
 100
AcDbEntity
  8
SILKSCREEN_TOP
 100
AcDbVertex
 100
AcDb2dVertex
 10
8.993
 20
-3.350
 40
0.102
 41
0.102
  0
VERTEX
  5
391
 100
AcDbEntity
  8
SILKSCREEN_TOP
 100
AcDbVertex
 100
AcDb2dVertex
 10
8.993
 20
-3.299
 40
0.102
 41
0.102
 42
1.00000
  0
VERTEX
  5
392
 100
AcDbEntity
  8
SILKSCREEN_TOP
 100
AcDbVertex
 100
AcDb2dVertex
 10
8.993
 20
-3.401
  0
SEQEND
  5
393
 100
AcDbEntity
  8
SILKSCREEN_TOP
  0
POLYLINE
  5
394
 100
AcDbEntity
  8
SILKSCREEN_TOP
 100
AcDb2dPolyline
 66
     1
 10
0.000
 20
0.000
 40
0.000
 41
0.000
  0
VERTEX
  5
395
 100
AcDbEntity
  8
SILKSCREEN_TOP
 100
AcDbVertex
 100
AcDb2dVertex
 10
11.568
 20
-0.846
 40
0.102
 41
0.102
 42
1.00000
  0
VERTEX
  5
396
 100
AcDbEntity
  8
SILKSCREEN_TOP
 100
AcDbVertex
 100
AcDb2dVertex
 10
11.497
 20
-0.774
  0
VERTEX
  5
397
 100
AcDbEntity
  8
SILKSCREEN_TOP
 100
AcDbVertex
 100
AcDb2dVertex
 10
11.533
 20
-0.810
  0
VERTEX
  5
398
 100
AcDbEntity
  8
SILKSCREEN_TOP
 100
AcDbVertex
 100
AcDb2dVertex
 10
11.533
 20
-0.810
 40
0.203
 41
0.203
  0
VERTEX
  5
399
 100
AcDbEntity
  8
SILKSCREEN_TOP
 100
AcDbVertex
 100
AcDb2dVertex
 10
11.215
 20
-1.128
 40
0.203
 41
0.203
  0
VERTEX
  5
39A
 100
AcDbEntity
  8
SILKSCREEN_TOP
 100
AcDbVertex
 100
AcDb2dVertex
 10
11.215
 20
-1.128
  0
VERTEX
  5
39B
 100
AcDbEntity
  8
SILKSCREEN_TOP
 100
AcDbVertex
 100
AcDb2dVertex
 10
11.215
 20
-1.128
 40
0.102
 41
0.102
  0
VERTEX
  5
39C
 100
AcDbEntity
  8
SILKSCREEN_TOP
 100
AcDbVertex
 100
AcDb2dVertex
 10
11.179
 20
-1.092
 40
0.102
 41
0.102
 42
1.00000
  0
VERTEX
  5
39D
 100
AcDbEntity
  8
SILKSCREEN_TOP
 100
AcDbVertex
 100
AcDb2dVertex
 10
11.251
 20
-1.163
  0
SEQEND
  5
39E
 100
AcDbEntity
  8
SILKSCREEN_TOP
  0
POLYLINE
  5
39F
 100
AcDbEntity
  8
SILKSCREEN_TOP
 100
AcDb2dPolyline
 66
     1
 10
0.000
 20
0.000
 40
0.000
 41
0.000
  0
VERTEX
  5
3A0
 100
AcDbEntity
  8
SILKSCREEN_TOP
 100
AcDbVertex
 100
AcDb2dVertex
 10
11.497
 20
-3.386
 40
0.102
 41
0.102
 42
1.00000
  0
VERTEX
  5
3A1
 100
AcDbEntity
  8
SILKSCREEN_TOP
 100
AcDbVertex
 100
AcDb2dVertex
 10
11.568
 20
-3.314
  0
VERTEX
  5
3A2
 100
AcDbEntity
  8
SILKSCREEN_TOP
 100
AcDbVertex
 100
AcDb2dVertex
 10
11.533
 20
-3.350
  0
VERTEX
  5
3A3
 100
AcDbEntity
  8
SILKSCREEN_TOP
 100
AcDbVertex
 100
AcDb2dVertex
 10
11.533
 20
-3.350
 40
0.203
 41
0.203
  0
VERTEX
  5
3A4
 100
AcDbEntity
  8
SILKSCREEN_TOP
 100
AcDbVertex
 100
AcDb2dVertex
 10
11.215
 20
-3.033
 40
0.203
 41
0.203
  0
VERTEX
  5
3A5
 100
AcDbEntity
  8
SILKSCREEN_TOP
 100
AcDbVertex
 100
AcDb2dVertex
 10
11.215
 20
-3.033
  0
VERTEX
  5
3A6
 100
AcDbEntity
  8
SILKSCREEN_TOP
 100
AcDbVertex
 100
AcDb2dVertex
 10
11.215
 20
-3.033
 40
0.102
 41
0.102
  0
VERTEX
  5
3A7
 100
AcDbEntity
  8
SILKSCREEN_TOP
 100
AcDbVertex
 100
AcDb2dVertex
 10
11.251
 20
-2.997
 40
0.102
 41
0.102
 42
1.00000
  0
VERTEX
  5
3A8
 100
AcDbEntity
  8
SILKSCREEN_TOP
 100
AcDbVertex
 100
AcDb2dVertex
 10
11.179
 20
-3.068
  0
SEQEND
  5
3A9
 100
AcDbEntity
  8
SILKSCREEN_TOP
  0
POLYLINE
  5
3AA
 100
AcDbEntity
  8
SILKSCREEN_TOP
 100
AcDb2dPolyline
 66
     1
 10
0.000
 20
0.000
 40
0.000
 41
0.000
  0
VERTEX
  5
3AB
 100
AcDbEntity
  8
SILKSCREEN_TOP
 100
AcDbVertex
 100
AcDb2dVertex
 10
14.390
 20
-0.861
 40
0.102
 41
0.102
 42
1.00000
  0
VERTEX
  5
3AC
 100
AcDbEntity
  8
SILKSCREEN_TOP
 100
AcDbVertex
 100
AcDb2dVertex
 10
14.390
 20
-0.759
  0
VERTEX
  5
3AD
 100
AcDbEntity
  8
SILKSCREEN_TOP
 100
AcDbVertex
 100
AcDb2dVertex
 10
14.390
 20
-0.810
  0
VERTEX
  5
3AE
 100
AcDbEntity
  8
SILKSCREEN_TOP
 100
AcDbVertex
 100
AcDb2dVertex
 10
14.390
 20
-0.810
 40
0.203
 41
0.203
  0
VERTEX
  5
3AF
 100
AcDbEntity
  8
SILKSCREEN_TOP
 100
AcDbVertex
 100
AcDb2dVertex
 10
14.073
 20
-0.810
 40
0.102
 41
0.102
  0
VERTEX
  5
3B0
 100
AcDbEntity
  8
SILKSCREEN_TOP
 100
AcDbVertex
 100
AcDb2dVertex
 10
14.073
 20
-0.759
 40
0.102
 41
0.102
 42
1.00000
  0
VERTEX
  5
3B1
 100
AcDbEntity
  8
SILKSCREEN_TOP
 100
AcDbVertex
 100
AcDb2dVertex
 10
14.073
 20
-0.861
  0
VERTEX
  5
3B2
 100
AcDbEntity
  8
SILKSCREEN_TOP
 100
AcDbVertex
 100
AcDb2dVertex
 10
14.108
 20
-0.846
 40
0.102
 41
0.102
 42
1.00000
  0
VERTEX
  5
3B3
 100
AcDbEntity
  8
SILKSCREEN_TOP
 100
AcDbVertex
 100
AcDb2dVertex
 10
14.037
 20
-0.774
  0
VERTEX
  5
3B4
 100
AcDbEntity
  8
SILKSCREEN_TOP
 100
AcDbVertex
 100
AcDb2dVertex
 10
14.073
 20
-0.810
  0
VERTEX
  5
3B5
 100
AcDbEntity
  8
SILKSCREEN_TOP
 100
AcDbVertex
 100
AcDb2dVertex
 10
14.073
 20
-0.810
 40
0.203
 41
0.203
  0
VERTEX
  5
3B6
 100
AcDbEntity
  8
SILKSCREEN_TOP
 100
AcDbVertex
 100
AcDb2dVertex
 10
13.755
 20
-1.128
 40
0.102
 41
0.102
  0
VERTEX
  5
3B7
 100
AcDbEntity
  8
SILKSCREEN_TOP
 100
AcDbVertex
 100
AcDb2dVertex
 10
13.719
 20
-1.092
 40
0.102
 41
0.102
 42
1.00000
  0
VERTEX
  5
3B8
 100
AcDbEntity
  8
SILKSCREEN_TOP
 100
AcDbVertex
 100
AcDb2dVertex
 10
13.791
 20
-1.163
  0
VERTEX
  5
3B9
 100
AcDbEntity
  8
SILKSCREEN_TOP
 100
AcDbVertex
 100
AcDb2dVertex
 10
13.719
 20
-1.163
 40
0.102
 41
0.102
 42
1.00000
  0
VERTEX
  5
3BA
 100
AcDbEntity
  8
SILKSCREEN_TOP
 100
AcDbVertex
 100
AcDb2dVertex
 10
13.791
 20
-1.092
  0
VERTEX
  5
3BB
 100
AcDbEntity
  8
SILKSCREEN_TOP
 100
AcDbVertex
 100
AcDb2dVertex
 10
13.755
 20
-1.128
  0
VERTEX
  5
3BC
 100
AcDbEntity
  8
SILKSCREEN_TOP
 100
AcDbVertex
 100
AcDb2dVertex
 10
13.755
 20
-1.128
 40
0.203
 41
0.203
  0
VERTEX
  5
3BD
 100
AcDbEntity
  8
SILKSCREEN_TOP
 100
AcDbVertex
 100
AcDb2dVertex
 10
13.438
 20
-0.810
 40
0.102
 41
0.102
  0
VERTEX
  5
3BE
 100
AcDbEntity
  8
SILKSCREEN_TOP
 100
AcDbVertex
 100
AcDb2dVertex
 10
13.473
 20
-0.774
 40
0.102
 41
0.102
 42
1.00000
  0
VERTEX
  5
3BF
 100
AcDbEntity
  8
SILKSCREEN_TOP
 100
AcDbVertex
 100
AcDb2dVertex
 10
13.402
 20
-0.846
  0
VERTEX
  5
3C0
 100
AcDbEntity
  8
SILKSCREEN_TOP
 100
AcDbVertex
 100
AcDb2dVertex
 10
13.438
 20
-0.861
 40
0.102
 41
0.102
 42
1.00000
  0
VERTEX
  5
3C1
 100
AcDbEntity
  8
SILKSCREEN_TOP
 100
AcDbVertex
 100
AcDb2dVertex
 10
13.438
 20
-0.759
  0
VERTEX
  5
3C2
 100
AcDbEntity
  8
SILKSCREEN_TOP
 100
AcDbVertex
 100
AcDb2dVertex
 10
13.438
 20
-0.810
  0
VERTEX
  5
3C3
 100
AcDbEntity
  8
SILKSCREEN_TOP
 100
AcDbVertex
 100
AcDb2dVertex
 10
13.438
 20
-0.810
 40
0.203
 41
0.203
  0
VERTEX
  5
3C4
 100
AcDbEntity
  8
SILKSCREEN_TOP
 100
AcDbVertex
 100
AcDb2dVertex
 10
11.533
 20
-0.810
 40
0.203
 41
0.203
  0
VERTEX
  5
3C5
 100
AcDbEntity
  8
SILKSCREEN_TOP
 100
AcDbVertex
 100
AcDb2dVertex
 10
11.533
 20
-0.810
  0
VERTEX
  5
3C6
 100
AcDbEntity
  8
SILKSCREEN_TOP
 100
AcDbVertex
 100
AcDb2dVertex
 10
11.533
 20
-0.810
 40
0.102
 41
0.102
  0
VERTEX
  5
3C7
 100
AcDbEntity
  8
SILKSCREEN_TOP
 100
AcDbVertex
 100
AcDb2dVertex
 10
11.533
 20
-0.759
 40
0.102
 41
0.102
 42
1.00000
  0
VERTEX
  5
3C8
 100
AcDbEntity
  8
SILKSCREEN_TOP
 100
AcDbVertex
 100
AcDb2dVertex
 10
11.533
 20
-0.861
  0
SEQEND
  5
3C9
 100
AcDbEntity
  8
SILKSCREEN_TOP
  0
POLYLINE
  5
3CA
 100
AcDbEntity
  8
SILKSCREEN_TOP
 100
AcDb2dPolyline
 66
     1
 10
0.000
 20
0.000
 40
0.000
 41
0.000
  0
VERTEX
  5
3CB
 100
AcDbEntity
  8
SILKSCREEN_TOP
 100
AcDbVertex
 100
AcDb2dVertex
 10
15.978
 20
-3.401
 40
0.102
 41
0.102
 42
1.00000
  0
VERTEX
  5
3CC
 100
AcDbEntity
  8
SILKSCREEN_TOP
 100
AcDbVertex
 100
AcDb2dVertex
 10
15.978
 20
-3.299
  0
VERTEX
  5
3CD
 100
AcDbEntity
  8
SILKSCREEN_TOP
 100
AcDbVertex
 100
AcDb2dVertex
 10
15.978
 20
-3.350
  0
VERTEX
  5
3CE
 100
AcDbEntity
  8
SILKSCREEN_TOP
 100
AcDbVertex
 100
AcDb2dVertex
 10
15.978
 20
-3.350
 40
0.203
 41
0.203
  0
VERTEX
  5
3CF
 100
AcDbEntity
  8
SILKSCREEN_TOP
 100
AcDbVertex
 100
AcDb2dVertex
 10
14.073
 20
-3.350
 40
0.102
 41
0.102
  0
VERTEX
  5
3D0
 100
AcDbEntity
  8
SILKSCREEN_TOP
 100
AcDbVertex
 100
AcDb2dVertex
 10
14.073
 20
-3.299
 40
0.102
 41
0.102
 42
1.00000
  0
VERTEX
  5
3D1
 100
AcDbEntity
  8
SILKSCREEN_TOP
 100
AcDbVertex
 100
AcDb2dVertex
 10
14.073
 20
-3.401
  0
VERTEX
  5
3D2
 100
AcDbEntity
  8
SILKSCREEN_TOP
 100
AcDbVertex
 100
AcDb2dVertex
 10
14.037
 20
-3.386
 40
0.102
 41
0.102
 42
1.00000
  0
VERTEX
  5
3D3
 100
AcDbEntity
  8
SILKSCREEN_TOP
 100
AcDbVertex
 100
AcDb2dVertex
 10
14.108
 20
-3.314
  0
VERTEX
  5
3D4
 100
AcDbEntity
  8
SILKSCREEN_TOP
 100
AcDbVertex
 100
AcDb2dVertex
 10
14.073
 20
-3.350
  0
VERTEX
  5
3D5
 100
AcDbEntity
  8
SILKSCREEN_TOP
 100
AcDbVertex
 100
AcDb2dVertex
 10
14.073
 20
-3.350
 40
0.203
 41
0.203
  0
VERTEX
  5
3D6
 100
AcDbEntity
  8
SILKSCREEN_TOP
 100
AcDbVertex
 100
AcDb2dVertex
 10
13.755
 20
-3.033
 40
0.102
 41
0.102
  0
VERTEX
  5
3D7
 100
AcDbEntity
  8
SILKSCREEN_TOP
 100
AcDbVertex
 100
AcDb2dVertex
 10
13.791
 20
-2.997
 40
0.102
 41
0.102
 42
1.00000
  0
VERTEX
  5
3D8
 100
AcDbEntity
  8
SILKSCREEN_TOP
 100
AcDbVertex
 100
AcDb2dVertex
 10
13.719
 20
-3.068
  0
VERTEX
  5
3D9
 100
AcDbEntity
  8
SILKSCREEN_TOP
 100
AcDbVertex
 100
AcDb2dVertex
 10
13.791
 20
-3.068
 40
0.102
 41
0.102
 42
1.00000
  0
VERTEX
  5
3DA
 100
AcDbEntity
  8
SILKSCREEN_TOP
 100
AcDbVertex
 100
AcDb2dVertex
 10
13.719
 20
-2.997
  0
VERTEX
  5
3DB
 100
AcDbEntity
  8
SILKSCREEN_TOP
 100
AcDbVertex
 100
AcDb2dVertex
 10
13.755
 20
-3.033
  0
VERTEX
  5
3DC
 100
AcDbEntity
  8
SILKSCREEN_TOP
 100
AcDbVertex
 100
AcDb2dVertex
 10
13.755
 20
-3.033
 40
0.203
 41
0.203
  0
VERTEX
  5
3DD
 100
AcDbEntity
  8
SILKSCREEN_TOP
 100
AcDbVertex
 100
AcDb2dVertex
 10
13.438
 20
-3.350
 40
0.102
 41
0.102
  0
VERTEX
  5
3DE
 100
AcDbEntity
  8
SILKSCREEN_TOP
 100
AcDbVertex
 100
AcDb2dVertex
 10
13.402
 20
-3.314
 40
0.102
 41
0.102
 42
1.00000
  0
VERTEX
  5
3DF
 100
AcDbEntity
  8
SILKSCREEN_TOP
 100
AcDbVertex
 100
AcDb2dVertex
 10
13.473
 20
-3.386
  0
VERTEX
  5
3E0
 100
AcDbEntity
  8
SILKSCREEN_TOP
 100
AcDbVertex
 100
AcDb2dVertex
 10
13.438
 20
-3.401
 40
0.102
 41
0.102
 42
1.00000
  0
VERTEX
  5
3E1
 100
AcDbEntity
  8
SILKSCREEN_TOP
 100
AcDbVertex
 100
AcDb2dVertex
 10
13.438
 20
-3.299
  0
VERTEX
  5
3E2
 100
AcDbEntity
  8
SILKSCREEN_TOP
 100
AcDbVertex
 100
AcDb2dVertex
 10
13.438
 20
-3.350
  0
VERTEX
  5
3E3
 100
AcDbEntity
  8
SILKSCREEN_TOP
 100
AcDbVertex
 100
AcDb2dVertex
 10
13.438
 20
-3.350
 40
0.203
 41
0.203
  0
VERTEX
  5
3E4
 100
AcDbEntity
  8
SILKSCREEN_TOP
 100
AcDbVertex
 100
AcDb2dVertex
 10
11.533
 20
-3.350
 40
0.203
 41
0.203
  0
VERTEX
  5
3E5
 100
AcDbEntity
  8
SILKSCREEN_TOP
 100
AcDbVertex
 100
AcDb2dVertex
 10
11.533
 20
-3.350
  0
VERTEX
  5
3E6
 100
AcDbEntity
  8
SILKSCREEN_TOP
 100
AcDbVertex
 100
AcDb2dVertex
 10
11.533
 20
-3.350
 40
0.102
 41
0.102
  0
VERTEX
  5
3E7
 100
AcDbEntity
  8
SILKSCREEN_TOP
 100
AcDbVertex
 100
AcDb2dVertex
 10
11.533
 20
-3.299
 40
0.102
 41
0.102
 42
1.00000
  0
VERTEX
  5
3E8
 100
AcDbEntity
  8
SILKSCREEN_TOP
 100
AcDbVertex
 100
AcDb2dVertex
 10
11.533
 20
-3.401
  0
SEQEND
  5
3E9
 100
AcDbEntity
  8
SILKSCREEN_TOP
  0
POLYLINE
  5
3EA
 100
AcDbEntity
  8
SILKSCREEN_TOP
 100
AcDb2dPolyline
 66
     1
 10
0.000
 20
0.000
 40
0.000
 41
0.000
  0
VERTEX
  5
3EB
 100
AcDbEntity
  8
SILKSCREEN_TOP
 100
AcDbVertex
 100
AcDb2dVertex
 10
14.108
 20
-0.846
 40
0.102
 41
0.102
 42
1.00000
  0
VERTEX
  5
3EC
 100
AcDbEntity
  8
SILKSCREEN_TOP
 100
AcDbVertex
 100
AcDb2dVertex
 10
14.037
 20
-0.774
  0
VERTEX
  5
3ED
 100
AcDbEntity
  8
SILKSCREEN_TOP
 100
AcDbVertex
 100
AcDb2dVertex
 10
14.073
 20
-0.810
  0
VERTEX
  5
3EE
 100
AcDbEntity
  8
SILKSCREEN_TOP
 100
AcDbVertex
 100
AcDb2dVertex
 10
14.073
 20
-0.810
 40
0.203
 41
0.203
  0
VERTEX
  5
3EF
 100
AcDbEntity
  8
SILKSCREEN_TOP
 100
AcDbVertex
 100
AcDb2dVertex
 10
13.755
 20
-1.128
 40
0.203
 41
0.203
  0
VERTEX
  5
3F0
 100
AcDbEntity
  8
SILKSCREEN_TOP
 100
AcDbVertex
 100
AcDb2dVertex
 10
13.755
 20
-1.128
  0
VERTEX
  5
3F1
 100
AcDbEntity
  8
SILKSCREEN_TOP
 100
AcDbVertex
 100
AcDb2dVertex
 10
13.755
 20
-1.128
 40
0.102
 41
0.102
  0
VERTEX
  5
3F2
 100
AcDbEntity
  8
SILKSCREEN_TOP
 100
AcDbVertex
 100
AcDb2dVertex
 10
13.719
 20
-1.092
 40
0.102
 41
0.102
 42
1.00000
  0
VERTEX
  5
3F3
 100
AcDbEntity
  8
SILKSCREEN_TOP
 100
AcDbVertex
 100
AcDb2dVertex
 10
13.791
 20
-1.163
  0
SEQEND
  5
3F4
 100
AcDbEntity
  8
SILKSCREEN_TOP
  0
POLYLINE
  5
3F5
 100
AcDbEntity
  8
SILKSCREEN_TOP
 100
AcDb2dPolyline
 66
     1
 10
0.000
 20
0.000
 40
0.000
 41
0.000
  0
VERTEX
  5
3F6
 100
AcDbEntity
  8
SILKSCREEN_TOP
 100
AcDbVertex
 100
AcDb2dVertex
 10
14.037
 20
-3.386
 40
0.102
 41
0.102
 42
1.00000
  0
VERTEX
  5
3F7
 100
AcDbEntity
  8
SILKSCREEN_TOP
 100
AcDbVertex
 100
AcDb2dVertex
 10
14.108
 20
-3.314
  0
VERTEX
  5
3F8
 100
AcDbEntity
  8
SILKSCREEN_TOP
 100
AcDbVertex
 100
AcDb2dVertex
 10
14.073
 20
-3.350
  0
VERTEX
  5
3F9
 100
AcDbEntity
  8
SILKSCREEN_TOP
 100
AcDbVertex
 100
AcDb2dVertex
 10
14.073
 20
-3.350
 40
0.203
 41
0.203
  0
VERTEX
  5
3FA
 100
AcDbEntity
  8
SILKSCREEN_TOP
 100
AcDbVertex
 100
AcDb2dVertex
 10
13.755
 20
-3.033
 40
0.203
 41
0.203
  0
VERTEX
  5
3FB
 100
AcDbEntity
  8
SILKSCREEN_TOP
 100
AcDbVertex
 100
AcDb2dVertex
 10
13.755
 20
-3.033
  0
VERTEX
  5
3FC
 100
AcDbEntity
  8
SILKSCREEN_TOP
 100
AcDbVertex
 100
AcDb2dVertex
 10
13.755
 20
-3.033
 40
0.102
 41
0.102
  0
VERTEX
  5
3FD
 100
AcDbEntity
  8
SILKSCREEN_TOP
 100
AcDbVertex
 100
AcDb2dVertex
 10
13.791
 20
-2.997
 40
0.102
 41
0.102
 42
1.00000
  0
VERTEX
  5
3FE
 100
AcDbEntity
  8
SILKSCREEN_TOP
 100
AcDbVertex
 100
AcDb2dVertex
 10
13.719
 20
-3.068
  0
SEQEND
  5
3FF
 100
AcDbEntity
  8
SILKSCREEN_TOP
  0
POLYLINE
  5
400
 100
AcDbEntity
  8
SILKSCREEN_TOP
 100
AcDb2dPolyline
 66
     1
 10
0.000
 20
0.000
 40
0.000
 41
0.000
  0
VERTEX
  5
401
 100
AcDbEntity
  8
SILKSCREEN_TOP
 100
AcDbVertex
 100
AcDb2dVertex
 10
16.930
 20
-0.861
 40
0.102
 41
0.102
 42
1.00000
  0
VERTEX
  5
402
 100
AcDbEntity
  8
SILKSCREEN_TOP
 100
AcDbVertex
 100
AcDb2dVertex
 10
16.930
 20
-0.759
  0
VERTEX
  5
403
 100
AcDbEntity
  8
SILKSCREEN_TOP
 100
AcDbVertex
 100
AcDb2dVertex
 10
16.930
 20
-0.810
  0
VERTEX
  5
404
 100
AcDbEntity
  8
SILKSCREEN_TOP
 100
AcDbVertex
 100
AcDb2dVertex
 10
16.930
 20
-0.810
 40
0.203
 41
0.203
  0
VERTEX
  5
405
 100
AcDbEntity
  8
SILKSCREEN_TOP
 100
AcDbVertex
 100
AcDb2dVertex
 10
16.613
 20
-0.810
 40
0.102
 41
0.102
  0
VERTEX
  5
406
 100
AcDbEntity
  8
SILKSCREEN_TOP
 100
AcDbVertex
 100
AcDb2dVertex
 10
16.613
 20
-0.759
 40
0.102
 41
0.102
 42
1.00000
  0
VERTEX
  5
407
 100
AcDbEntity
  8
SILKSCREEN_TOP
 100
AcDbVertex
 100
AcDb2dVertex
 10
16.613
 20
-0.861
  0
VERTEX
  5
408
 100
AcDbEntity
  8
SILKSCREEN_TOP
 100
AcDbVertex
 100
AcDb2dVertex
 10
16.648
 20
-0.846
 40
0.102
 41
0.102
 42
1.00000
  0
VERTEX
  5
409
 100
AcDbEntity
  8
SILKSCREEN_TOP
 100
AcDbVertex
 100
AcDb2dVertex
 10
16.577
 20
-0.774
  0
VERTEX
  5
40A
 100
AcDbEntity
  8
SILKSCREEN_TOP
 100
AcDbVertex
 100
AcDb2dVertex
 10
16.613
 20
-0.810
  0
VERTEX
  5
40B
 100
AcDbEntity
  8
SILKSCREEN_TOP
 100
AcDbVertex
 100
AcDb2dVertex
 10
16.613
 20
-0.810
 40
0.203
 41
0.203
  0
VERTEX
  5
40C
 100
AcDbEntity
  8
SILKSCREEN_TOP
 100
AcDbVertex
 100
AcDb2dVertex
 10
16.295
 20
-1.128
 40
0.102
 41
0.102
  0
VERTEX
  5
40D
 100
AcDbEntity
  8
SILKSCREEN_TOP
 100
AcDbVertex
 100
AcDb2dVertex
 10
16.259
 20
-1.092
 40
0.102
 41
0.102
 42
1.00000
  0
VERTEX
  5
40E
 100
AcDbEntity
  8
SILKSCREEN_TOP
 100
AcDbVertex
 100
AcDb2dVertex
 10
16.331
 20
-1.163
  0
VERTEX
  5
40F
 100
AcDbEntity
  8
SILKSCREEN_TOP
 100
AcDbVertex
 100
AcDb2dVertex
 10
16.259
 20
-1.163
 40
0.102
 41
0.102
 42
1.00000
  0
VERTEX
  5
410
 100
AcDbEntity
  8
SILKSCREEN_TOP
 100
AcDbVertex
 100
AcDb2dVertex
 10
16.331
 20
-1.092
  0
VERTEX
  5
411
 100
AcDbEntity
  8
SILKSCREEN_TOP
 100
AcDbVertex
 100
AcDb2dVertex
 10
16.295
 20
-1.128
  0
VERTEX
  5
412
 100
AcDbEntity
  8
SILKSCREEN_TOP
 100
AcDbVertex
 100
AcDb2dVertex
 10
16.295
 20
-1.128
 40
0.203
 41
0.203
  0
VERTEX
  5
413
 100
AcDbEntity
  8
SILKSCREEN_TOP
 100
AcDbVertex
 100
AcDb2dVertex
 10
15.978
 20
-0.810
 40
0.102
 41
0.102
  0
VERTEX
  5
414
 100
AcDbEntity
  8
SILKSCREEN_TOP
 100
AcDbVertex
 100
AcDb2dVertex
 10
16.013
 20
-0.774
 40
0.102
 41
0.102
 42
1.00000
  0
VERTEX
  5
415
 100
AcDbEntity
  8
SILKSCREEN_TOP
 100
AcDbVertex
 100
AcDb2dVertex
 10
15.942
 20
-0.846
  0
VERTEX
  5
416
 100
AcDbEntity
  8
SILKSCREEN_TOP
 100
AcDbVertex
 100
AcDb2dVertex
 10
15.978
 20
-0.861
 40
0.102
 41
0.102
 42
1.00000
  0
VERTEX
  5
417
 100
AcDbEntity
  8
SILKSCREEN_TOP
 100
AcDbVertex
 100
AcDb2dVertex
 10
15.978
 20
-0.759
  0
VERTEX
  5
418
 100
AcDbEntity
  8
SILKSCREEN_TOP
 100
AcDbVertex
 100
AcDb2dVertex
 10
15.978
 20
-0.810
  0
VERTEX
  5
419
 100
AcDbEntity
  8
SILKSCREEN_TOP
 100
AcDbVertex
 100
AcDb2dVertex
 10
15.978
 20
-0.810
 40
0.203
 41
0.203
  0
VERTEX
  5
41A
 100
AcDbEntity
  8
SILKSCREEN_TOP
 100
AcDbVertex
 100
AcDb2dVertex
 10
14.073
 20
-0.810
 40
0.203
 41
0.203
  0
VERTEX
  5
41B
 100
AcDbEntity
  8
SILKSCREEN_TOP
 100
AcDbVertex
 100
AcDb2dVertex
 10
14.073
 20
-0.810
  0
VERTEX
  5
41C
 100
AcDbEntity
  8
SILKSCREEN_TOP
 100
AcDbVertex
 100
AcDb2dVertex
 10
14.073
 20
-0.810
 40
0.102
 41
0.102
  0
VERTEX
  5
41D
 100
AcDbEntity
  8
SILKSCREEN_TOP
 100
AcDbVertex
 100
AcDb2dVertex
 10
14.073
 20
-0.759
 40
0.102
 41
0.102
 42
1.00000
  0
VERTEX
  5
41E
 100
AcDbEntity
  8
SILKSCREEN_TOP
 100
AcDbVertex
 100
AcDb2dVertex
 10
14.073
 20
-0.861
  0
SEQEND
  5
41F
 100
AcDbEntity
  8
SILKSCREEN_TOP
  0
POLYLINE
  5
420
 100
AcDbEntity
  8
SILKSCREEN_TOP
 100
AcDb2dPolyline
 66
     1
 10
0.000
 20
0.000
 40
0.000
 41
0.000
  0
VERTEX
  5
421
 100
AcDbEntity
  8
SILKSCREEN_TOP
 100
AcDbVertex
 100
AcDb2dVertex
 10
18.518
 20
-3.401
 40
0.102
 41
0.102
 42
1.00000
  0
VERTEX
  5
422
 100
AcDbEntity
  8
SILKSCREEN_TOP
 100
AcDbVertex
 100
AcDb2dVertex
 10
18.518
 20
-3.299
  0
VERTEX
  5
423
 100
AcDbEntity
  8
SILKSCREEN_TOP
 100
AcDbVertex
 100
AcDb2dVertex
 10
18.518
 20
-3.350
  0
VERTEX
  5
424
 100
AcDbEntity
  8
SILKSCREEN_TOP
 100
AcDbVertex
 100
AcDb2dVertex
 10
18.518
 20
-3.350
 40
0.203
 41
0.203
  0
VERTEX
  5
425
 100
AcDbEntity
  8
SILKSCREEN_TOP
 100
AcDbVertex
 100
AcDb2dVertex
 10
16.613
 20
-3.350
 40
0.102
 41
0.102
  0
VERTEX
  5
426
 100
AcDbEntity
  8
SILKSCREEN_TOP
 100
AcDbVertex
 100
AcDb2dVertex
 10
16.613
 20
-3.299
 40
0.102
 41
0.102
 42
1.00000
  0
VERTEX
  5
427
 100
AcDbEntity
  8
SILKSCREEN_TOP
 100
AcDbVertex
 100
AcDb2dVertex
 10
16.613
 20
-3.401
  0
VERTEX
  5
428
 100
AcDbEntity
  8
SILKSCREEN_TOP
 100
AcDbVertex
 100
AcDb2dVertex
 10
16.577
 20
-3.386
 40
0.102
 41
0.102
 42
1.00000
  0
VERTEX
  5
429
 100
AcDbEntity
  8
SILKSCREEN_TOP
 100
AcDbVertex
 100
AcDb2dVertex
 10
16.648
 20
-3.314
  0
VERTEX
  5
42A
 100
AcDbEntity
  8
SILKSCREEN_TOP
 100
AcDbVertex
 100
AcDb2dVertex
 10
16.613
 20
-3.350
  0
VERTEX
  5
42B
 100
AcDbEntity
  8
SILKSCREEN_TOP
 100
AcDbVertex
 100
AcDb2dVertex
 10
16.613
 20
-3.350
 40
0.203
 41
0.203
  0
VERTEX
  5
42C
 100
AcDbEntity
  8
SILKSCREEN_TOP
 100
AcDbVertex
 100
AcDb2dVertex
 10
16.295
 20
-3.033
 40
0.102
 41
0.102
  0
VERTEX
  5
42D
 100
AcDbEntity
  8
SILKSCREEN_TOP
 100
AcDbVertex
 100
AcDb2dVertex
 10
16.331
 20
-2.997
 40
0.102
 41
0.102
 42
1.00000
  0
VERTEX
  5
42E
 100
AcDbEntity
  8
SILKSCREEN_TOP
 100
AcDbVertex
 100
AcDb2dVertex
 10
16.259
 20
-3.068
  0
VERTEX
  5
42F
 100
AcDbEntity
  8
SILKSCREEN_TOP
 100
AcDbVertex
 100
AcDb2dVertex
 10
16.331
 20
-3.068
 40
0.102
 41
0.102
 42
1.00000
  0
VERTEX
  5
430
 100
AcDbEntity
  8
SILKSCREEN_TOP
 100
AcDbVertex
 100
AcDb2dVertex
 10
16.259
 20
-2.997
  0
VERTEX
  5
431
 100
AcDbEntity
  8
SILKSCREEN_TOP
 100
AcDbVertex
 100
AcDb2dVertex
 10
16.295
 20
-3.033
  0
VERTEX
  5
432
 100
AcDbEntity
  8
SILKSCREEN_TOP
 100
AcDbVertex
 100
AcDb2dVertex
 10
16.295
 20
-3.033
 40
0.203
 41
0.203
  0
VERTEX
  5
433
 100
AcDbEntity
  8
SILKSCREEN_TOP
 100
AcDbVertex
 100
AcDb2dVertex
 10
15.978
 20
-3.350
 40
0.102
 41
0.102
  0
VERTEX
  5
434
 100
AcDbEntity
  8
SILKSCREEN_TOP
 100
AcDbVertex
 100
AcDb2dVertex
 10
15.942
 20
-3.314
 40
0.102
 41
0.102
 42
1.00000
  0
VERTEX
  5
435
 100
AcDbEntity
  8
SILKSCREEN_TOP
 100
AcDbVertex
 100
AcDb2dVertex
 10
16.013
 20
-3.386
  0
VERTEX
  5
436
 100
AcDbEntity
  8
SILKSCREEN_TOP
 100
AcDbVertex
 100
AcDb2dVertex
 10
15.978
 20
-3.401
 40
0.102
 41
0.102
 42
1.00000
  0
VERTEX
  5
437
 100
AcDbEntity
  8
SILKSCREEN_TOP
 100
AcDbVertex
 100
AcDb2dVertex
 10
15.978
 20
-3.299
  0
VERTEX
  5
438
 100
AcDbEntity
  8
SILKSCREEN_TOP
 100
AcDbVertex
 100
AcDb2dVertex
 10
15.978
 20
-3.350
  0
VERTEX
  5
439
 100
AcDbEntity
  8
SILKSCREEN_TOP
 100
AcDbVertex
 100
AcDb2dVertex
 10
15.978
 20
-3.350
 40
0.203
 41
0.203
  0
VERTEX
  5
43A
 100
AcDbEntity
  8
SILKSCREEN_TOP
 100
AcDbVertex
 100
AcDb2dVertex
 10
14.073
 20
-3.350
 40
0.203
 41
0.203
  0
VERTEX
  5
43B
 100
AcDbEntity
  8
SILKSCREEN_TOP
 100
AcDbVertex
 100
AcDb2dVertex
 10
14.073
 20
-3.350
  0
VERTEX
  5
43C
 100
AcDbEntity
  8
SILKSCREEN_TOP
 100
AcDbVertex
 100
AcDb2dVertex
 10
14.073
 20
-3.350
 40
0.102
 41
0.102
  0
VERTEX
  5
43D
 100
AcDbEntity
  8
SILKSCREEN_TOP
 100
AcDbVertex
 100
AcDb2dVertex
 10
14.073
 20
-3.299
 40
0.102
 41
0.102
 42
1.00000
  0
VERTEX
  5
43E
 100
AcDbEntity
  8
SILKSCREEN_TOP
 100
AcDbVertex
 100
AcDb2dVertex
 10
14.073
 20
-3.401
  0
SEQEND
  5
43F
 100
AcDbEntity
  8
SILKSCREEN_TOP
  0
POLYLINE
  5
440
 100
AcDbEntity
  8
SILKSCREEN_TOP
 100
AcDb2dPolyline
 66
     1
 10
0.000
 20
0.000
 40
0.000
 41
0.000
  0
VERTEX
  5
441
 100
AcDbEntity
  8
SILKSCREEN_TOP
 100
AcDbVertex
 100
AcDb2dVertex
 10
16.648
 20
-0.846
 40
0.102
 41
0.102
 42
1.00000
  0
VERTEX
  5
442
 100
AcDbEntity
  8
SILKSCREEN_TOP
 100
AcDbVertex
 100
AcDb2dVertex
 10
16.577
 20
-0.774
  0
VERTEX
  5
443
 100
AcDbEntity
  8
SILKSCREEN_TOP
 100
AcDbVertex
 100
AcDb2dVertex
 10
16.613
 20
-0.810
  0
VERTEX
  5
444
 100
AcDbEntity
  8
SILKSCREEN_TOP
 100
AcDbVertex
 100
AcDb2dVertex
 10
16.613
 20
-0.810
 40
0.203
 41
0.203
  0
VERTEX
  5
445
 100
AcDbEntity
  8
SILKSCREEN_TOP
 100
AcDbVertex
 100
AcDb2dVertex
 10
16.295
 20
-1.128
 40
0.203
 41
0.203
  0
VERTEX
  5
446
 100
AcDbEntity
  8
SILKSCREEN_TOP
 100
AcDbVertex
 100
AcDb2dVertex
 10
16.295
 20
-1.128
  0
VERTEX
  5
447
 100
AcDbEntity
  8
SILKSCREEN_TOP
 100
AcDbVertex
 100
AcDb2dVertex
 10
16.295
 20
-1.128
 40
0.102
 41
0.102
  0
VERTEX
  5
448
 100
AcDbEntity
  8
SILKSCREEN_TOP
 100
AcDbVertex
 100
AcDb2dVertex
 10
16.259
 20
-1.092
 40
0.102
 41
0.102
 42
1.00000
  0
VERTEX
  5
449
 100
AcDbEntity
  8
SILKSCREEN_TOP
 100
AcDbVertex
 100
AcDb2dVertex
 10
16.331
 20
-1.163
  0
SEQEND
  5
44A
 100
AcDbEntity
  8
SILKSCREEN_TOP
  0
POLYLINE
  5
44B
 100
AcDbEntity
  8
SILKSCREEN_TOP
 100
AcDb2dPolyline
 66
     1
 10
0.000
 20
0.000
 40
0.000
 41
0.000
  0
VERTEX
  5
44C
 100
AcDbEntity
  8
SILKSCREEN_TOP
 100
AcDbVertex
 100
AcDb2dVertex
 10
16.577
 20
-3.386
 40
0.102
 41
0.102
 42
1.00000
  0
VERTEX
  5
44D
 100
AcDbEntity
  8
SILKSCREEN_TOP
 100
AcDbVertex
 100
AcDb2dVertex
 10
16.648
 20
-3.314
  0
VERTEX
  5
44E
 100
AcDbEntity
  8
SILKSCREEN_TOP
 100
AcDbVertex
 100
AcDb2dVertex
 10
16.613
 20
-3.350
  0
VERTEX
  5
44F
 100
AcDbEntity
  8
SILKSCREEN_TOP
 100
AcDbVertex
 100
AcDb2dVertex
 10
16.613
 20
-3.350
 40
0.203
 41
0.203
  0
VERTEX
  5
450
 100
AcDbEntity
  8
SILKSCREEN_TOP
 100
AcDbVertex
 100
AcDb2dVertex
 10
16.295
 20
-3.033
 40
0.203
 41
0.203
  0
VERTEX
  5
451
 100
AcDbEntity
  8
SILKSCREEN_TOP
 100
AcDbVertex
 100
AcDb2dVertex
 10
16.295
 20
-3.033
  0
VERTEX
  5
452
 100
AcDbEntity
  8
SILKSCREEN_TOP
 100
AcDbVertex
 100
AcDb2dVertex
 10
16.295
 20
-3.033
 40
0.102
 41
0.102
  0
VERTEX
  5
453
 100
AcDbEntity
  8
SILKSCREEN_TOP
 100
AcDbVertex
 100
AcDb2dVertex
 10
16.331
 20
-2.997
 40
0.102
 41
0.102
 42
1.00000
  0
VERTEX
  5
454
 100
AcDbEntity
  8
SILKSCREEN_TOP
 100
AcDbVertex
 100
AcDb2dVertex
 10
16.259
 20
-3.068
  0
SEQEND
  5
455
 100
AcDbEntity
  8
SILKSCREEN_TOP
  0
POLYLINE
  5
456
 100
AcDbEntity
  8
SILKSCREEN_TOP
 100
AcDb2dPolyline
 66
     1
 10
0.000
 20
0.000
 40
0.000
 41
0.000
  0
VERTEX
  5
457
 100
AcDbEntity
  8
SILKSCREEN_TOP
 100
AcDbVertex
 100
AcDb2dVertex
 10
21.411
 20
-3.068
 40
0.102
 41
0.102
 42
1.00000
  0
VERTEX
  5
458
 100
AcDbEntity
  8
SILKSCREEN_TOP
 100
AcDbVertex
 100
AcDb2dVertex
 10
21.339
 20
-2.997
  0
VERTEX
  5
459
 100
AcDbEntity
  8
SILKSCREEN_TOP
 100
AcDbVertex
 100
AcDb2dVertex
 10
21.375
 20
-3.033
  0
VERTEX
  5
45A
 100
AcDbEntity
  8
SILKSCREEN_TOP
 100
AcDbVertex
 100
AcDb2dVertex
 10
21.375
 20
-3.033
 40
0.203
 41
0.203
  0
VERTEX
  5
45B
 100
AcDbEntity
  8
SILKSCREEN_TOP
 100
AcDbVertex
 100
AcDb2dVertex
 10
21.058
 20
-3.350
 40
0.203
 41
0.203
  0
VERTEX
  5
45C
 100
AcDbEntity
  8
SILKSCREEN_TOP
 100
AcDbVertex
 100
AcDb2dVertex
 10
21.058
 20
-3.350
  0
VERTEX
  5
45D
 100
AcDbEntity
  8
SILKSCREEN_TOP
 100
AcDbVertex
 100
AcDb2dVertex
 10
21.058
 20
-3.350
 40
0.102
 41
0.102
  0
VERTEX
  5
45E
 100
AcDbEntity
  8
SILKSCREEN_TOP
 100
AcDbVertex
 100
AcDb2dVertex
 10
21.022
 20
-3.314
 40
0.102
 41
0.102
 42
1.00000
  0
VERTEX
  5
45F
 100
AcDbEntity
  8
SILKSCREEN_TOP
 100
AcDbVertex
 100
AcDb2dVertex
 10
21.093
 20
-3.386
  0
SEQEND
  5
460
 100
AcDbEntity
  8
SILKSCREEN_TOP
  0
POLYLINE
  5
461
 100
AcDbEntity
  8
SILKSCREEN_TOP
 100
AcDb2dPolyline
 66
     1
 10
0.000
 20
0.000
 40
0.000
 41
0.000
  0
VERTEX
  5
462
 100
AcDbEntity
  8
SILKSCREEN_TOP
 100
AcDbVertex
 100
AcDb2dVertex
 10
21.339
 20
-1.163
 40
0.102
 41
0.102
 42
1.00000
  0
VERTEX
  5
463
 100
AcDbEntity
  8
SILKSCREEN_TOP
 100
AcDbVertex
 100
AcDb2dVertex
 10
21.411
 20
-1.092
  0
VERTEX
  5
464
 100
AcDbEntity
  8
SILKSCREEN_TOP
 100
AcDbVertex
 100
AcDb2dVertex
 10
21.375
 20
-1.128
  0
VERTEX
  5
465
 100
AcDbEntity
  8
SILKSCREEN_TOP
 100
AcDbVertex
 100
AcDb2dVertex
 10
21.375
 20
-1.128
 40
0.203
 41
0.203
  0
VERTEX
  5
466
 100
AcDbEntity
  8
SILKSCREEN_TOP
 100
AcDbVertex
 100
AcDb2dVertex
 10
21.058
 20
-0.810
 40
0.203
 41
0.203
  0
VERTEX
  5
467
 100
AcDbEntity
  8
SILKSCREEN_TOP
 100
AcDbVertex
 100
AcDb2dVertex
 10
21.058
 20
-0.810
  0
VERTEX
  5
468
 100
AcDbEntity
  8
SILKSCREEN_TOP
 100
AcDbVertex
 100
AcDb2dVertex
 10
21.058
 20
-0.810
 40
0.102
 41
0.102
  0
VERTEX
  5
469
 100
AcDbEntity
  8
SILKSCREEN_TOP
 100
AcDbVertex
 100
AcDb2dVertex
 10
21.093
 20
-0.774
 40
0.102
 41
0.102
 42
1.00000
  0
VERTEX
  5
46A
 100
AcDbEntity
  8
SILKSCREEN_TOP
 100
AcDbVertex
 100
AcDb2dVertex
 10
21.022
 20
-0.846
  0
SEQEND
  5
46B
 100
AcDbEntity
  8
SILKSCREEN_TOP
  0
POLYLINE
  5
46C
 100
AcDbEntity
  8
SILKSCREEN_TOP
 100
AcDb2dPolyline
 66
     1
 10
0.000
 20
0.000
 40
0.000
 41
0.000
  0
VERTEX
  5
46D
 100
AcDbEntity
  8
SILKSCREEN_TOP
 100
AcDbVertex
 100
AcDb2dVertex
 10
19.470
 20
-0.861
 40
0.102
 41
0.102
 42
1.00000
  0
VERTEX
  5
46E
 100
AcDbEntity
  8
SILKSCREEN_TOP
 100
AcDbVertex
 100
AcDb2dVertex
 10
19.470
 20
-0.759
  0
VERTEX
  5
46F
 100
AcDbEntity
  8
SILKSCREEN_TOP
 100
AcDbVertex
 100
AcDb2dVertex
 10
19.470
 20
-0.810
  0
VERTEX
  5
470
 100
AcDbEntity
  8
SILKSCREEN_TOP
 100
AcDbVertex
 100
AcDb2dVertex
 10
19.470
 20
-0.810
 40
0.203
 41
0.203
  0
VERTEX
  5
471
 100
AcDbEntity
  8
SILKSCREEN_TOP
 100
AcDbVertex
 100
AcDb2dVertex
 10
19.153
 20
-0.810
 40
0.102
 41
0.102
  0
VERTEX
  5
472
 100
AcDbEntity
  8
SILKSCREEN_TOP
 100
AcDbVertex
 100
AcDb2dVertex
 10
19.153
 20
-0.759
 40
0.102
 41
0.102
 42
1.00000
  0
VERTEX
  5
473
 100
AcDbEntity
  8
SILKSCREEN_TOP
 100
AcDbVertex
 100
AcDb2dVertex
 10
19.153
 20
-0.861
  0
VERTEX
  5
474
 100
AcDbEntity
  8
SILKSCREEN_TOP
 100
AcDbVertex
 100
AcDb2dVertex
 10
19.188
 20
-0.846
 40
0.102
 41
0.102
 42
1.00000
  0
VERTEX
  5
475
 100
AcDbEntity
  8
SILKSCREEN_TOP
 100
AcDbVertex
 100
AcDb2dVertex
 10
19.117
 20
-0.774
  0
VERTEX
  5
476
 100
AcDbEntity
  8
SILKSCREEN_TOP
 100
AcDbVertex
 100
AcDb2dVertex
 10
19.153
 20
-0.810
  0
VERTEX
  5
477
 100
AcDbEntity
  8
SILKSCREEN_TOP
 100
AcDbVertex
 100
AcDb2dVertex
 10
19.153
 20
-0.810
 40
0.203
 41
0.203
  0
VERTEX
  5
478
 100
AcDbEntity
  8
SILKSCREEN_TOP
 100
AcDbVertex
 100
AcDb2dVertex
 10
18.835
 20
-1.128
 40
0.102
 41
0.102
  0
VERTEX
  5
479
 100
AcDbEntity
  8
SILKSCREEN_TOP
 100
AcDbVertex
 100
AcDb2dVertex
 10
18.799
 20
-1.092
 40
0.102
 41
0.102
 42
1.00000
  0
VERTEX
  5
47A
 100
AcDbEntity
  8
SILKSCREEN_TOP
 100
AcDbVertex
 100
AcDb2dVertex
 10
18.871
 20
-1.163
  0
VERTEX
  5
47B
 100
AcDbEntity
  8
SILKSCREEN_TOP
 100
AcDbVertex
 100
AcDb2dVertex
 10
18.799
 20
-1.163
 40
0.102
 41
0.102
 42
1.00000
  0
VERTEX
  5
47C
 100
AcDbEntity
  8
SILKSCREEN_TOP
 100
AcDbVertex
 100
AcDb2dVertex
 10
18.871
 20
-1.092
  0
VERTEX
  5
47D
 100
AcDbEntity
  8
SILKSCREEN_TOP
 100
AcDbVertex
 100
AcDb2dVertex
 10
18.835
 20
-1.128
  0
VERTEX
  5
47E
 100
AcDbEntity
  8
SILKSCREEN_TOP
 100
AcDbVertex
 100
AcDb2dVertex
 10
18.835
 20
-1.128
 40
0.203
 41
0.203
  0
VERTEX
  5
47F
 100
AcDbEntity
  8
SILKSCREEN_TOP
 100
AcDbVertex
 100
AcDb2dVertex
 10
18.518
 20
-0.810
 40
0.102
 41
0.102
  0
VERTEX
  5
480
 100
AcDbEntity
  8
SILKSCREEN_TOP
 100
AcDbVertex
 100
AcDb2dVertex
 10
18.553
 20
-0.774
 40
0.102
 41
0.102
 42
1.00000
  0
VERTEX
  5
481
 100
AcDbEntity
  8
SILKSCREEN_TOP
 100
AcDbVertex
 100
AcDb2dVertex
 10
18.482
 20
-0.846
  0
VERTEX
  5
482
 100
AcDbEntity
  8
SILKSCREEN_TOP
 100
AcDbVertex
 100
AcDb2dVertex
 10
18.518
 20
-0.861
 40
0.102
 41
0.102
 42
1.00000
  0
VERTEX
  5
483
 100
AcDbEntity
  8
SILKSCREEN_TOP
 100
AcDbVertex
 100
AcDb2dVertex
 10
18.518
 20
-0.759
  0
VERTEX
  5
484
 100
AcDbEntity
  8
SILKSCREEN_TOP
 100
AcDbVertex
 100
AcDb2dVertex
 10
18.518
 20
-0.810
  0
VERTEX
  5
485
 100
AcDbEntity
  8
SILKSCREEN_TOP
 100
AcDbVertex
 100
AcDb2dVertex
 10
18.518
 20
-0.810
 40
0.203
 41
0.203
  0
VERTEX
  5
486
 100
AcDbEntity
  8
SILKSCREEN_TOP
 100
AcDbVertex
 100
AcDb2dVertex
 10
16.613
 20
-0.810
 40
0.203
 41
0.203
  0
VERTEX
  5
487
 100
AcDbEntity
  8
SILKSCREEN_TOP
 100
AcDbVertex
 100
AcDb2dVertex
 10
16.613
 20
-0.810
  0
VERTEX
  5
488
 100
AcDbEntity
  8
SILKSCREEN_TOP
 100
AcDbVertex
 100
AcDb2dVertex
 10
16.613
 20
-0.810
 40
0.102
 41
0.102
  0
VERTEX
  5
489
 100
AcDbEntity
  8
SILKSCREEN_TOP
 100
AcDbVertex
 100
AcDb2dVertex
 10
16.613
 20
-0.759
 40
0.102
 41
0.102
 42
1.00000
  0
VERTEX
  5
48A
 100
AcDbEntity
  8
SILKSCREEN_TOP
 100
AcDbVertex
 100
AcDb2dVertex
 10
16.613
 20
-0.861
  0
SEQEND
  5
48B
 100
AcDbEntity
  8
SILKSCREEN_TOP
  0
POLYLINE
  5
48C
 100
AcDbEntity
  8
SILKSCREEN_TOP
 100
AcDb2dPolyline
 66
     1
 10
0.000
 20
0.000
 40
0.000
 41
0.000
  0
VERTEX
  5
48D
 100
AcDbEntity
  8
SILKSCREEN_TOP
 100
AcDbVertex
 100
AcDb2dVertex
 10
21.058
 20
-0.861
 40
0.102
 41
0.102
 42
1.00000
  0
VERTEX
  5
48E
 100
AcDbEntity
  8
SILKSCREEN_TOP
 100
AcDbVertex
 100
AcDb2dVertex
 10
21.058
 20
-0.759
  0
VERTEX
  5
48F
 100
AcDbEntity
  8
SILKSCREEN_TOP
 100
AcDbVertex
 100
AcDb2dVertex
 10
21.058
 20
-0.810
  0
VERTEX
  5
490
 100
AcDbEntity
  8
SILKSCREEN_TOP
 100
AcDbVertex
 100
AcDb2dVertex
 10
21.058
 20
-0.810
 40
0.203
 41
0.203
  0
VERTEX
  5
491
 100
AcDbEntity
  8
SILKSCREEN_TOP
 100
AcDbVertex
 100
AcDb2dVertex
 10
19.470
 20
-0.810
 40
0.203
 41
0.203
  0
VERTEX
  5
492
 100
AcDbEntity
  8
SILKSCREEN_TOP
 100
AcDbVertex
 100
AcDb2dVertex
 10
19.470
 20
-0.810
  0
VERTEX
  5
493
 100
AcDbEntity
  8
SILKSCREEN_TOP
 100
AcDbVertex
 100
AcDb2dVertex
 10
19.470
 20
-0.810
 40
0.102
 41
0.102
  0
VERTEX
  5
494
 100
AcDbEntity
  8
SILKSCREEN_TOP
 100
AcDbVertex
 100
AcDb2dVertex
 10
19.470
 20
-0.759
 40
0.102
 41
0.102
 42
1.00000
  0
VERTEX
  5
495
 100
AcDbEntity
  8
SILKSCREEN_TOP
 100
AcDbVertex
 100
AcDb2dVertex
 10
19.470
 20
-0.861
  0
SEQEND
  5
496
 100
AcDbEntity
  8
SILKSCREEN_TOP
  0
POLYLINE
  5
497
 100
AcDbEntity
  8
SILKSCREEN_TOP
 100
AcDb2dPolyline
 66
     1
 10
0.000
 20
0.000
 40
0.000
 41
0.000
  0
VERTEX
  5
498
 100
AcDbEntity
  8
SILKSCREEN_TOP
 100
AcDbVertex
 100
AcDb2dVertex
 10
21.324
 20
-3.033
 40
0.102
 41
0.102
 42
1.00000
  0
VERTEX
  5
499
 100
AcDbEntity
  8
SILKSCREEN_TOP
 100
AcDbVertex
 100
AcDb2dVertex
 10
21.426
 20
-3.033
  0
VERTEX
  5
49A
 100
AcDbEntity
  8
SILKSCREEN_TOP
 100
AcDbVertex
 100
AcDb2dVertex
 10
21.375
 20
-3.033
  0
VERTEX
  5
49B
 100
AcDbEntity
  8
SILKSCREEN_TOP
 100
AcDbVertex
 100
AcDb2dVertex
 10
21.375
 20
-3.033
 40
0.203
 41
0.203
  0
VERTEX
  5
49C
 100
AcDbEntity
  8
SILKSCREEN_TOP
 100
AcDbVertex
 100
AcDb2dVertex
 10
21.375
 20
-1.128
 40
0.203
 41
0.203
  0
VERTEX
  5
49D
 100
AcDbEntity
  8
SILKSCREEN_TOP
 100
AcDbVertex
 100
AcDb2dVertex
 10
21.375
 20
-1.128
  0
VERTEX
  5
49E
 100
AcDbEntity
  8
SILKSCREEN_TOP
 100
AcDbVertex
 100
AcDb2dVertex
 10
21.375
 20
-1.128
 40
0.102
 41
0.102
  0
VERTEX
  5
49F
 100
AcDbEntity
  8
SILKSCREEN_TOP
 100
AcDbVertex
 100
AcDb2dVertex
 10
21.426
 20
-1.128
 40
0.102
 41
0.102
 42
1.00000
  0
VERTEX
  5
4A0
 100
AcDbEntity
  8
SILKSCREEN_TOP
 100
AcDbVertex
 100
AcDb2dVertex
 10
21.324
 20
-1.128
  0
SEQEND
  5
4A1
 100
AcDbEntity
  8
SILKSCREEN_TOP
  0
POLYLINE
  5
4A2
 100
AcDbEntity
  8
SILKSCREEN_TOP
 100
AcDb2dPolyline
 66
     1
 10
0.000
 20
0.000
 40
0.000
 41
0.000
  0
VERTEX
  5
4A3
 100
AcDbEntity
  8
SILKSCREEN_TOP
 100
AcDbVertex
 100
AcDb2dVertex
 10
21.058
 20
-3.401
 40
0.102
 41
0.102
 42
1.00000
  0
VERTEX
  5
4A4
 100
AcDbEntity
  8
SILKSCREEN_TOP
 100
AcDbVertex
 100
AcDb2dVertex
 10
21.058
 20
-3.299
  0
VERTEX
  5
4A5
 100
AcDbEntity
  8
SILKSCREEN_TOP
 100
AcDbVertex
 100
AcDb2dVertex
 10
21.058
 20
-3.350
  0
VERTEX
  5
4A6
 100
AcDbEntity
  8
SILKSCREEN_TOP
 100
AcDbVertex
 100
AcDb2dVertex
 10
21.058
 20
-3.350
 40
0.203
 41
0.203
  0
VERTEX
  5
4A7
 100
AcDbEntity
  8
SILKSCREEN_TOP
 100
AcDbVertex
 100
AcDb2dVertex
 10
19.153
 20
-3.350
 40
0.102
 41
0.102
  0
VERTEX
  5
4A8
 100
AcDbEntity
  8
SILKSCREEN_TOP
 100
AcDbVertex
 100
AcDb2dVertex
 10
19.153
 20
-3.299
 40
0.102
 41
0.102
 42
1.00000
  0
VERTEX
  5
4A9
 100
AcDbEntity
  8
SILKSCREEN_TOP
 100
AcDbVertex
 100
AcDb2dVertex
 10
19.153
 20
-3.401
  0
VERTEX
  5
4AA
 100
AcDbEntity
  8
SILKSCREEN_TOP
 100
AcDbVertex
 100
AcDb2dVertex
 10
19.117
 20
-3.386
 40
0.102
 41
0.102
 42
1.00000
  0
VERTEX
  5
4AB
 100
AcDbEntity
  8
SILKSCREEN_TOP
 100
AcDbVertex
 100
AcDb2dVertex
 10
19.188
 20
-3.314
  0
VERTEX
  5
4AC
 100
AcDbEntity
  8
SILKSCREEN_TOP
 100
AcDbVertex
 100
AcDb2dVertex
 10
19.153
 20
-3.350
  0
VERTEX
  5
4AD
 100
AcDbEntity
  8
SILKSCREEN_TOP
 100
AcDbVertex
 100
AcDb2dVertex
 10
19.153
 20
-3.350
 40
0.203
 41
0.203
  0
VERTEX
  5
4AE
 100
AcDbEntity
  8
SILKSCREEN_TOP
 100
AcDbVertex
 100
AcDb2dVertex
 10
18.835
 20
-3.033
 40
0.102
 41
0.102
  0
VERTEX
  5
4AF
 100
AcDbEntity
  8
SILKSCREEN_TOP
 100
AcDbVertex
 100
AcDb2dVertex
 10
18.871
 20
-2.997
 40
0.102
 41
0.102
 42
1.00000
  0
VERTEX
  5
4B0
 100
AcDbEntity
  8
SILKSCREEN_TOP
 100
AcDbVertex
 100
AcDb2dVertex
 10
18.799
 20
-3.068
  0
VERTEX
  5
4B1
 100
AcDbEntity
  8
SILKSCREEN_TOP
 100
AcDbVertex
 100
AcDb2dVertex
 10
18.871
 20
-3.068
 40
0.102
 41
0.102
 42
1.00000
  0
VERTEX
  5
4B2
 100
AcDbEntity
  8
SILKSCREEN_TOP
 100
AcDbVertex
 100
AcDb2dVertex
 10
18.799
 20
-2.997
  0
VERTEX
  5
4B3
 100
AcDbEntity
  8
SILKSCREEN_TOP
 100
AcDbVertex
 100
AcDb2dVertex
 10
18.835
 20
-3.033
  0
VERTEX
  5
4B4
 100
AcDbEntity
  8
SILKSCREEN_TOP
 100
AcDbVertex
 100
AcDb2dVertex
 10
18.835
 20
-3.033
 40
0.203
 41
0.203
  0
VERTEX
  5
4B5
 100
AcDbEntity
  8
SILKSCREEN_TOP
 100
AcDbVertex
 100
AcDb2dVertex
 10
18.518
 20
-3.350
 40
0.102
 41
0.102
  0
VERTEX
  5
4B6
 100
AcDbEntity
  8
SILKSCREEN_TOP
 100
AcDbVertex
 100
AcDb2dVertex
 10
18.482
 20
-3.314
 40
0.102
 41
0.102
 42
1.00000
  0
VERTEX
  5
4B7
 100
AcDbEntity
  8
SILKSCREEN_TOP
 100
AcDbVertex
 100
AcDb2dVertex
 10
18.553
 20
-3.386
  0
VERTEX
  5
4B8
 100
AcDbEntity
  8
SILKSCREEN_TOP
 100
AcDbVertex
 100
AcDb2dVertex
 10
18.518
 20
-3.401
 40
0.102
 41
0.102
 42
1.00000
  0
VERTEX
  5
4B9
 100
AcDbEntity
  8
SILKSCREEN_TOP
 100
AcDbVertex
 100
AcDb2dVertex
 10
18.518
 20
-3.299
  0
VERTEX
  5
4BA
 100
AcDbEntity
  8
SILKSCREEN_TOP
 100
AcDbVertex
 100
AcDb2dVertex
 10
18.518
 20
-3.350
  0
VERTEX
  5
4BB
 100
AcDbEntity
  8
SILKSCREEN_TOP
 100
AcDbVertex
 100
AcDb2dVertex
 10
18.518
 20
-3.350
 40
0.203
 41
0.203
  0
VERTEX
  5
4BC
 100
AcDbEntity
  8
SILKSCREEN_TOP
 100
AcDbVertex
 100
AcDb2dVertex
 10
16.613
 20
-3.350
 40
0.203
 41
0.203
  0
VERTEX
  5
4BD
 100
AcDbEntity
  8
SILKSCREEN_TOP
 100
AcDbVertex
 100
AcDb2dVertex
 10
16.613
 20
-3.350
  0
VERTEX
  5
4BE
 100
AcDbEntity
  8
SILKSCREEN_TOP
 100
AcDbVertex
 100
AcDb2dVertex
 10
16.613
 20
-3.350
 40
0.102
 41
0.102
  0
VERTEX
  5
4BF
 100
AcDbEntity
  8
SILKSCREEN_TOP
 100
AcDbVertex
 100
AcDb2dVertex
 10
16.613
 20
-3.299
 40
0.102
 41
0.102
 42
1.00000
  0
VERTEX
  5
4C0
 100
AcDbEntity
  8
SILKSCREEN_TOP
 100
AcDbVertex
 100
AcDb2dVertex
 10
16.613
 20
-3.401
  0
SEQEND
  5
4C1
 100
AcDbEntity
  8
SILKSCREEN_TOP
  0
POLYLINE
  5
4C2
 100
AcDbEntity
  8
_TOP_SIDE_
 100
AcDb2dPolyline
 66
     1
 10
0.000
 20
0.000
 70
     1
 40
0.000
 41
0.000
  0
VERTEX
  5
4C3
 100
AcDbEntity
  8
_TOP_SIDE_
 100
AcDbVertex
 100
AcDb2dVertex
 10
21.375
 20
-3.363
 40
0.025
 41
0.025
 42
1.00000
  0
VERTEX
  5
4C4
 100
AcDbEntity
  8
_TOP_SIDE_
 100
AcDbVertex
 100
AcDb2dVertex
 10
21.375
 20
-3.337
  0
VERTEX
  5
4C5
 100
AcDbEntity
  8
_TOP_SIDE_
 100
AcDbVertex
 100
AcDb2dVertex
 10
21.375
 20
-3.350
  0
VERTEX
  5
4C6
 100
AcDbEntity
  8
_TOP_SIDE_
 100
AcDbVertex
 100
AcDb2dVertex
 10
21.375
 20
-3.350
 40
0.051
 41
0.051
  0
VERTEX
  5
4C7
 100
AcDbEntity
  8
_TOP_SIDE_
 100
AcDbVertex
 100
AcDb2dVertex
 10
8.675
 20
-3.350
 40
0.025
 41
0.025
  0
VERTEX
  5
4C8
 100
AcDbEntity
  8
_TOP_SIDE_
 100
AcDbVertex
 100
AcDb2dVertex
 10
8.675
 20
-3.337
 40
0.025
 41
0.025
 42
1.00000
  0
VERTEX
  5
4C9
 100
AcDbEntity
  8
_TOP_SIDE_
 100
AcDbVertex
 100
AcDb2dVertex
 10
8.675
 20
-3.363
  0
VERTEX
  5
4CA
 100
AcDbEntity
  8
_TOP_SIDE_
 100
AcDbVertex
 100
AcDb2dVertex
 10
8.662
 20
-3.350
 40
0.025
 41
0.025
 42
1.00000
  0
VERTEX
  5
4CB
 100
AcDbEntity
  8
_TOP_SIDE_
 100
AcDbVertex
 100
AcDb2dVertex
 10
8.688
 20
-3.350
  0
VERTEX
  5
4CC
 100
AcDbEntity
  8
_TOP_SIDE_
 100
AcDbVertex
 100
AcDb2dVertex
 10
8.675
 20
-3.350
  0
VERTEX
  5
4CD
 100
AcDbEntity
  8
_TOP_SIDE_
 100
AcDbVertex
 100
AcDb2dVertex
 10
8.675
 20
-3.350
 40
0.051
 41
0.051
  0
VERTEX
  5
4CE
 100
AcDbEntity
  8
_TOP_SIDE_
 100
AcDbVertex
 100
AcDb2dVertex
 10
8.675
 20
-0.810
 40
0.025
 41
0.025
  0
VERTEX
  5
4CF
 100
AcDbEntity
  8
_TOP_SIDE_
 100
AcDbVertex
 100
AcDb2dVertex
 10
8.688
 20
-0.810
 40
0.025
 41
0.025
 42
1.00000
  0
VERTEX
  5
4D0
 100
AcDbEntity
  8
_TOP_SIDE_
 100
AcDbVertex
 100
AcDb2dVertex
 10
8.662
 20
-0.810
  0
VERTEX
  5
4D1
 100
AcDbEntity
  8
_TOP_SIDE_
 100
AcDbVertex
 100
AcDb2dVertex
 10
8.675
 20
-0.797
 40
0.025
 41
0.025
 42
1.00000
  0
VERTEX
  5
4D2
 100
AcDbEntity
  8
_TOP_SIDE_
 100
AcDbVertex
 100
AcDb2dVertex
 10
8.675
 20
-0.823
  0
VERTEX
  5
4D3
 100
AcDbEntity
  8
_TOP_SIDE_
 100
AcDbVertex
 100
AcDb2dVertex
 10
8.675
 20
-0.810
  0
VERTEX
  5
4D4
 100
AcDbEntity
  8
_TOP_SIDE_
 100
AcDbVertex
 100
AcDb2dVertex
 10
8.675
 20
-0.810
 40
0.051
 41
0.051
  0
VERTEX
  5
4D5
 100
AcDbEntity
  8
_TOP_SIDE_
 100
AcDbVertex
 100
AcDb2dVertex
 10
21.375
 20
-0.810
 40
0.025
 41
0.025
  0
VERTEX
  5
4D6
 100
AcDbEntity
  8
_TOP_SIDE_
 100
AcDbVertex
 100
AcDb2dVertex
 10
21.375
 20
-0.823
 40
0.025
 41
0.025
 42
1.00000
  0
VERTEX
  5
4D7
 100
AcDbEntity
  8
_TOP_SIDE_
 100
AcDbVertex
 100
AcDb2dVertex
 10
21.375
 20
-0.797
  0
VERTEX
  5
4D8
 100
AcDbEntity
  8
_TOP_SIDE_
 100
AcDbVertex
 100
AcDb2dVertex
 10
21.388
 20
-0.810
 40
0.025
 41
0.025
 42
1.00000
  0
VERTEX
  5
4D9
 100
AcDbEntity
  8
_TOP_SIDE_
 100
AcDbVertex
 100
AcDb2dVertex
 10
21.362
 20
-0.810
  0
VERTEX
  5
4DA
 100
AcDbEntity
  8
_TOP_SIDE_
 100
AcDbVertex
 100
AcDb2dVertex
 10
21.375
 20
-0.810
  0
VERTEX
  5
4DB
 100
AcDbEntity
  8
_TOP_SIDE_
 100
AcDbVertex
 100
AcDb2dVertex
 10
21.375
 20
-0.810
 40
0.051
 41
0.051
  0
VERTEX
  5
4DC
 100
AcDbEntity
  8
_TOP_SIDE_
 100
AcDbVertex
 100
AcDb2dVertex
 10
21.375
 20
-3.350
 40
0.051
 41
0.051
  0
VERTEX
  5
4DD
 100
AcDbEntity
  8
_TOP_SIDE_
 100
AcDbVertex
 100
AcDb2dVertex
 10
21.375
 20
-3.350
  0
VERTEX
  5
4DE
 100
AcDbEntity
  8
_TOP_SIDE_
 100
AcDbVertex
 100
AcDb2dVertex
 10
21.375
 20
-3.350
 40
0.025
 41
0.025
  0
VERTEX
  5
4DF
 100
AcDbEntity
  8
_TOP_SIDE_
 100
AcDbVertex
 100
AcDb2dVertex
 10
21.362
 20
-3.350
 40
0.025
 41
0.025
 42
1.00000
  0
VERTEX
  5
4E0
 100
AcDbEntity
  8
_TOP_SIDE_
 100
AcDbVertex
 100
AcDb2dVertex
 10
21.388
 20
-3.350
  0
SEQEND
  5
4E1
 100
AcDbEntity
  8
_TOP_SIDE_
  0
POLYLINE
  5
4E2
 100
AcDbEntity
  8
SILKSCREEN_TOP
 100
AcDb2dPolyline
 66
     1
 10
0.000
 20
0.000
 70
     1
 40
0.000
 41
0.000
  0
VERTEX
  5
4E3
 100
AcDbEntity
  8
SILKSCREEN_TOP
 100
AcDbVertex
 100
AcDb2dVertex
 10
-16.435
 20
-18.710
 40
0.100
 41
0.100
 42
1.00000
  0
VERTEX
  5
4E4
 100
AcDbEntity
  8
SILKSCREEN_TOP
 100
AcDbVertex
 100
AcDb2dVertex
 10
-16.435
 20
-18.810
  0
VERTEX
  5
4E5
 100
AcDbEntity
  8
SILKSCREEN_TOP
 100
AcDbVertex
 100
AcDb2dVertex
 10
-16.435
 20
-18.760
  0
VERTEX
  5
4E6
 100
AcDbEntity
  8
SILKSCREEN_TOP
 100
AcDbVertex
 100
AcDb2dVertex
 10
-16.435
 20
-18.760
 40
0.200
 41
0.200
  0
VERTEX
  5
4E7
 100
AcDbEntity
  8
SILKSCREEN_TOP
 100
AcDbVertex
 100
AcDb2dVertex
 10
-4.435
 20
-18.760
 40
0.100
 41
0.100
  0
VERTEX
  5
4E8
 100
AcDbEntity
  8
SILKSCREEN_TOP
 100
AcDbVertex
 100
AcDb2dVertex
 10
-4.435
 20
-18.810
 40
0.100
 41
0.100
 42
1.00000
  0
VERTEX
  5
4E9
 100
AcDbEntity
  8
SILKSCREEN_TOP
 100
AcDbVertex
 100
AcDb2dVertex
 10
-4.435
 20
-18.710
  0
VERTEX
  5
4EA
 100
AcDbEntity
  8
SILKSCREEN_TOP
 100
AcDbVertex
 100
AcDb2dVertex
 10
-4.385
 20
-18.760
 40
0.100
 41
0.100
 42
1.00000
  0
VERTEX
  5
4EB
 100
AcDbEntity
  8
SILKSCREEN_TOP
 100
AcDbVertex
 100
AcDb2dVertex
 10
-4.485
 20
-18.760
  0
VERTEX
  5
4EC
 100
AcDbEntity
  8
SILKSCREEN_TOP
 100
AcDbVertex
 100
AcDb2dVertex
 10
-4.435
 20
-18.760
  0
VERTEX
  5
4ED
 100
AcDbEntity
  8
SILKSCREEN_TOP
 100
AcDbVertex
 100
AcDb2dVertex
 10
-4.435
 20
-18.760
 40
0.200
 41
0.200
  0
VERTEX
  5
4EE
 100
AcDbEntity
  8
SILKSCREEN_TOP
 100
AcDbVertex
 100
AcDb2dVertex
 10
-4.435
 20
-28.860
 40
0.100
 41
0.100
  0
VERTEX
  5
4EF
 100
AcDbEntity
  8
SILKSCREEN_TOP
 100
AcDbVertex
 100
AcDb2dVertex
 10
-4.485
 20
-28.860
 40
0.100
 41
0.100
 42
1.00000
  0
VERTEX
  5
4F0
 100
AcDbEntity
  8
SILKSCREEN_TOP
 100
AcDbVertex
 100
AcDb2dVertex
 10
-4.385
 20
-28.860
  0
VERTEX
  5
4F1
 100
AcDbEntity
  8
SILKSCREEN_TOP
 100
AcDbVertex
 100
AcDb2dVertex
 10
-4.435
 20
-28.910
 40
0.100
 41
0.100
 42
1.00000
  0
VERTEX
  5
4F2
 100
AcDbEntity
  8
SILKSCREEN_TOP
 100
AcDbVertex
 100
AcDb2dVertex
 10
-4.435
 20
-28.810
  0
VERTEX
  5
4F3
 100
AcDbEntity
  8
SILKSCREEN_TOP
 100
AcDbVertex
 100
AcDb2dVertex
 10
-4.435
 20
-28.860
  0
VERTEX
  5
4F4
 100
AcDbEntity
  8
SILKSCREEN_TOP
 100
AcDbVertex
 100
AcDb2dVertex
 10
-4.435
 20
-28.860
 40
0.200
 41
0.200
  0
VERTEX
  5
4F5
 100
AcDbEntity
  8
SILKSCREEN_TOP
 100
AcDbVertex
 100
AcDb2dVertex
 10
-16.435
 20
-28.860
 40
0.100
 41
0.100
  0
VERTEX
  5
4F6
 100
AcDbEntity
  8
SILKSCREEN_TOP
 100
AcDbVertex
 100
AcDb2dVertex
 10
-16.435
 20
-28.810
 40
0.100
 41
0.100
 42
1.00000
  0
VERTEX
  5
4F7
 100
AcDbEntity
  8
SILKSCREEN_TOP
 100
AcDbVertex
 100
AcDb2dVertex
 10
-16.435
 20
-28.910
  0
VERTEX
  5
4F8
 100
AcDbEntity
  8
SILKSCREEN_TOP
 100
AcDbVertex
 100
AcDb2dVertex
 10
-16.485
 20
-28.860
 40
0.100
 41
0.100
 42
1.00000
  0
VERTEX
  5
4F9
 100
AcDbEntity
  8
SILKSCREEN_TOP
 100
AcDbVertex
 100
AcDb2dVertex
 10
-16.385
 20
-28.860
  0
VERTEX
  5
4FA
 100
AcDbEntity
  8
SILKSCREEN_TOP
 100
AcDbVertex
 100
AcDb2dVertex
 10
-16.435
 20
-28.860
  0
VERTEX
  5
4FB
 100
AcDbEntity
  8
SILKSCREEN_TOP
 100
AcDbVertex
 100
AcDb2dVertex
 10
-16.435
 20
-28.860
 40
0.200
 41
0.200
  0
VERTEX
  5
4FC
 100
AcDbEntity
  8
SILKSCREEN_TOP
 100
AcDbVertex
 100
AcDb2dVertex
 10
-16.435
 20
-18.760
 40
0.200
 41
0.200
  0
VERTEX
  5
4FD
 100
AcDbEntity
  8
SILKSCREEN_TOP
 100
AcDbVertex
 100
AcDb2dVertex
 10
-16.435
 20
-18.760
  0
VERTEX
  5
4FE
 100
AcDbEntity
  8
SILKSCREEN_TOP
 100
AcDbVertex
 100
AcDb2dVertex
 10
-16.435
 20
-18.760
 40
0.100
 41
0.100
  0
VERTEX
  5
4FF
 100
AcDbEntity
  8
SILKSCREEN_TOP
 100
AcDbVertex
 100
AcDb2dVertex
 10
-16.385
 20
-18.760
 40
0.100
 41
0.100
 42
1.00000
  0
VERTEX
  5
500
 100
AcDbEntity
  8
SILKSCREEN_TOP
 100
AcDbVertex
 100
AcDb2dVertex
 10
-16.485
 20
-18.760
  0
SEQEND
  5
501
 100
AcDbEntity
  8
SILKSCREEN_TOP
  0
POLYLINE
  5
502
 100
AcDbEntity
  8
_TOP_SIDE_
 100
AcDb2dPolyline
 66
     1
 10
0.000
 20
0.000
 70
     1
 40
0.000
 41
0.000
  0
VERTEX
  5
503
 100
AcDbEntity
  8
_TOP_SIDE_
 100
AcDbVertex
 100
AcDb2dVertex
 10
-16.435
 20
-18.748
 40
0.025
 41
0.025
 42
1.00000
  0
VERTEX
  5
504
 100
AcDbEntity
  8
_TOP_SIDE_
 100
AcDbVertex
 100
AcDb2dVertex
 10
-16.435
 20
-18.773
  0
VERTEX
  5
505
 100
AcDbEntity
  8
_TOP_SIDE_
 100
AcDbVertex
 100
AcDb2dVertex
 10
-16.435
 20
-18.760
  0
VERTEX
  5
506
 100
AcDbEntity
  8
_TOP_SIDE_
 100
AcDbVertex
 100
AcDb2dVertex
 10
-16.435
 20
-18.760
 40
0.050
 41
0.050
  0
VERTEX
  5
507
 100
AcDbEntity
  8
_TOP_SIDE_
 100
AcDbVertex
 100
AcDb2dVertex
 10
-4.435
 20
-18.760
 40
0.025
 41
0.025
  0
VERTEX
  5
508
 100
AcDbEntity
  8
_TOP_SIDE_
 100
AcDbVertex
 100
AcDb2dVertex
 10
-4.435
 20
-18.773
 40
0.025
 41
0.025
 42
1.00000
  0
VERTEX
  5
509
 100
AcDbEntity
  8
_TOP_SIDE_
 100
AcDbVertex
 100
AcDb2dVertex
 10
-4.435
 20
-18.748
  0
VERTEX
  5
50A
 100
AcDbEntity
  8
_TOP_SIDE_
 100
AcDbVertex
 100
AcDb2dVertex
 10
-4.423
 20
-18.760
 40
0.025
 41
0.025
 42
1.00000
  0
VERTEX
  5
50B
 100
AcDbEntity
  8
_TOP_SIDE_
 100
AcDbVertex
 100
AcDb2dVertex
 10
-4.448
 20
-18.760
  0
VERTEX
  5
50C
 100
AcDbEntity
  8
_TOP_SIDE_
 100
AcDbVertex
 100
AcDb2dVertex
 10
-4.435
 20
-18.760
  0
VERTEX
  5
50D
 100
AcDbEntity
  8
_TOP_SIDE_
 100
AcDbVertex
 100
AcDb2dVertex
 10
-4.435
 20
-18.760
 40
0.050
 41
0.050
  0
VERTEX
  5
50E
 100
AcDbEntity
  8
_TOP_SIDE_
 100
AcDbVertex
 100
AcDb2dVertex
 10
-4.435
 20
-28.860
 40
0.025
 41
0.025
  0
VERTEX
  5
50F
 100
AcDbEntity
  8
_TOP_SIDE_
 100
AcDbVertex
 100
AcDb2dVertex
 10
-4.448
 20
-28.860
 40
0.025
 41
0.025
 42
1.00000
  0
VERTEX
  5
510
 100
AcDbEntity
  8
_TOP_SIDE_
 100
AcDbVertex
 100
AcDb2dVertex
 10
-4.423
 20
-28.860
  0
VERTEX
  5
511
 100
AcDbEntity
  8
_TOP_SIDE_
 100
AcDbVertex
 100
AcDb2dVertex
 10
-4.435
 20
-28.873
 40
0.025
 41
0.025
 42
1.00000
  0
VERTEX
  5
512
 100
AcDbEntity
  8
_TOP_SIDE_
 100
AcDbVertex
 100
AcDb2dVertex
 10
-4.435
 20
-28.848
  0
VERTEX
  5
513
 100
AcDbEntity
  8
_TOP_SIDE_
 100
AcDbVertex
 100
AcDb2dVertex
 10
-4.435
 20
-28.860
  0
VERTEX
  5
514
 100
AcDbEntity
  8
_TOP_SIDE_
 100
AcDbVertex
 100
AcDb2dVertex
 10
-4.435
 20
-28.860
 40
0.050
 41
0.050
  0
VERTEX
  5
515
 100
AcDbEntity
  8
_TOP_SIDE_
 100
AcDbVertex
 100
AcDb2dVertex
 10
-16.435
 20
-28.860
 40
0.025
 41
0.025
  0
VERTEX
  5
516
 100
AcDbEntity
  8
_TOP_SIDE_
 100
AcDbVertex
 100
AcDb2dVertex
 10
-16.435
 20
-28.848
 40
0.025
 41
0.025
 42
1.00000
  0
VERTEX
  5
517
 100
AcDbEntity
  8
_TOP_SIDE_
 100
AcDbVertex
 100
AcDb2dVertex
 10
-16.435
 20
-28.873
  0
VERTEX
  5
518
 100
AcDbEntity
  8
_TOP_SIDE_
 100
AcDbVertex
 100
AcDb2dVertex
 10
-16.448
 20
-28.860
 40
0.025
 41
0.025
 42
1.00000
  0
VERTEX
  5
519
 100
AcDbEntity
  8
_TOP_SIDE_
 100
AcDbVertex
 100
AcDb2dVertex
 10
-16.423
 20
-28.860
  0
VERTEX
  5
51A
 100
AcDbEntity
  8
_TOP_SIDE_
 100
AcDbVertex
 100
AcDb2dVertex
 10
-16.435
 20
-28.860
  0
VERTEX
  5
51B
 100
AcDbEntity
  8
_TOP_SIDE_
 100
AcDbVertex
 100
AcDb2dVertex
 10
-16.435
 20
-28.860
 40
0.050
 41
0.050
  0
VERTEX
  5
51C
 100
AcDbEntity
  8
_TOP_SIDE_
 100
AcDbVertex
 100
AcDb2dVertex
 10
-16.435
 20
-18.760
 40
0.050
 41
0.050
  0
VERTEX
  5
51D
 100
AcDbEntity
  8
_TOP_SIDE_
 100
AcDbVertex
 100
AcDb2dVertex
 10
-16.435
 20
-18.760
  0
VERTEX
  5
51E
 100
AcDbEntity
  8
_TOP_SIDE_
 100
AcDbVertex
 100
AcDb2dVertex
 10
-16.435
 20
-18.760
 40
0.025
 41
0.025
  0
VERTEX
  5
51F
 100
AcDbEntity
  8
_TOP_SIDE_
 100
AcDbVertex
 100
AcDb2dVertex
 10
-16.423
 20
-18.760
 40
0.025
 41
0.025
 42
1.00000
  0
VERTEX
  5
520
 100
AcDbEntity
  8
_TOP_SIDE_
 100
AcDbVertex
 100
AcDb2dVertex
 10
-16.448
 20
-18.760
  0
SEQEND
  5
521
 100
AcDbEntity
  8
_TOP_SIDE_
  0
POLYLINE
  5
522
 100
AcDbEntity
  8
SILKSCREEN_TOP
 100
AcDb2dPolyline
 66
     1
 10
0.000
 20
0.000
 40
0.000
 41
0.000
  0
VERTEX
  5
523
 100
AcDbEntity
  8
SILKSCREEN_TOP
 100
AcDbVertex
 100
AcDb2dVertex
 10
-16.090
 20
-15.465
 40
0.100
 41
0.100
 42
1.00000
  0
VERTEX
  5
524
 100
AcDbEntity
  8
SILKSCREEN_TOP
 100
AcDbVertex
 100
AcDb2dVertex
 10
-16.090
 20
-15.365
  0
VERTEX
  5
525
 100
AcDbEntity
  8
SILKSCREEN_TOP
 100
AcDbVertex
 100
AcDb2dVertex
 10
-16.090
 20
-15.415
  0
VERTEX
  5
526
 100
AcDbEntity
  8
SILKSCREEN_TOP
 100
AcDbVertex
 100
AcDb2dVertex
 10
-16.090
 20
-15.415
 40
0.200
 41
0.200
  0
VERTEX
  5
527
 100
AcDbEntity
  8
SILKSCREEN_TOP
 100
AcDbVertex
 100
AcDb2dVertex
 10
-16.725
 20
-15.415
 40
0.200
 41
0.200
  0
VERTEX
  5
528
 100
AcDbEntity
  8
SILKSCREEN_TOP
 100
AcDbVertex
 100
AcDb2dVertex
 10
-16.725
 20
-15.415
  0
VERTEX
  5
529
 100
AcDbEntity
  8
SILKSCREEN_TOP
 100
AcDbVertex
 100
AcDb2dVertex
 10
-16.725
 20
-15.415
 40
0.100
 41
0.100
  0
VERTEX
  5
52A
 100
AcDbEntity
  8
SILKSCREEN_TOP
 100
AcDbVertex
 100
AcDb2dVertex
 10
-16.725
 20
-15.365
 40
0.100
 41
0.100
 42
1.00000
  0
VERTEX
  5
52B
 100
AcDbEntity
  8
SILKSCREEN_TOP
 100
AcDbVertex
 100
AcDb2dVertex
 10
-16.725
 20
-15.465
  0
SEQEND
  5
52C
 100
AcDbEntity
  8
SILKSCREEN_TOP
  0
POLYLINE
  5
52D
 100
AcDbEntity
  8
SILKSCREEN_TOP
 100
AcDb2dPolyline
 66
     1
 10
0.000
 20
0.000
 40
0.000
 41
0.000
  0
VERTEX
  5
52E
 100
AcDbEntity
  8
SILKSCREEN_TOP
 100
AcDbVertex
 100
AcDb2dVertex
 10
-9.740
 20
-15.365
 40
0.100
 41
0.100
 42
1.00000
  0
VERTEX
  5
52F
 100
AcDbEntity
  8
SILKSCREEN_TOP
 100
AcDbVertex
 100
AcDb2dVertex
 10
-9.740
 20
-15.465
  0
VERTEX
  5
530
 100
AcDbEntity
  8
SILKSCREEN_TOP
 100
AcDbVertex
 100
AcDb2dVertex
 10
-9.740
 20
-15.415
  0
VERTEX
  5
531
 100
AcDbEntity
  8
SILKSCREEN_TOP
 100
AcDbVertex
 100
AcDb2dVertex
 10
-9.740
 20
-15.415
 40
0.200
 41
0.200
  0
VERTEX
  5
532
 100
AcDbEntity
  8
SILKSCREEN_TOP
 100
AcDbVertex
 100
AcDb2dVertex
 10
-9.105
 20
-15.415
 40
0.200
 41
0.200
  0
VERTEX
  5
533
 100
AcDbEntity
  8
SILKSCREEN_TOP
 100
AcDbVertex
 100
AcDb2dVertex
 10
-9.105
 20
-15.415
  0
VERTEX
  5
534
 100
AcDbEntity
  8
SILKSCREEN_TOP
 100
AcDbVertex
 100
AcDb2dVertex
 10
-9.105
 20
-15.415
 40
0.100
 41
0.100
  0
VERTEX
  5
535
 100
AcDbEntity
  8
SILKSCREEN_TOP
 100
AcDbVertex
 100
AcDb2dVertex
 10
-9.105
 20
-15.465
 40
0.100
 41
0.100
 42
1.00000
  0
VERTEX
  5
536
 100
AcDbEntity
  8
SILKSCREEN_TOP
 100
AcDbVertex
 100
AcDb2dVertex
 10
-9.105
 20
-15.365
  0
SEQEND
  5
537
 100
AcDbEntity
  8
SILKSCREEN_TOP
  0
POLYLINE
  5
538
 100
AcDbEntity
  8
SILKSCREEN_TOP
 100
AcDb2dPolyline
 66
     1
 10
0.000
 20
0.000
 40
0.000
 41
0.000
  0
VERTEX
  5
539
 100
AcDbEntity
  8
SILKSCREEN_TOP
 100
AcDbVertex
 100
AcDb2dVertex
 10
-9.790
 20
-15.415
 40
0.100
 41
0.100
 42
-1.00000
  0
VERTEX
  5
53A
 100
AcDbEntity
  8
SILKSCREEN_TOP
 100
AcDbVertex
 100
AcDb2dVertex
 10
-9.690
 20
-15.415
  0
VERTEX
  5
53B
 100
AcDbEntity
  8
SILKSCREEN_TOP
 100
AcDbVertex
 100
AcDb2dVertex
 10
-9.740
 20
-15.415
  0
VERTEX
  5
53C
 100
AcDbEntity
  8
SILKSCREEN_TOP
 100
AcDbVertex
 100
AcDb2dVertex
 10
-9.740
 20
-15.415
 40
0.200
 41
0.200
 42
-0.41421
  0
VERTEX
  5
53D
 100
AcDbEntity
  8
SILKSCREEN_TOP
 100
AcDbVertex
 100
AcDb2dVertex
 10
-10.890
 20
-16.565
 40
0.100
 41
0.100
  0
VERTEX
  5
53E
 100
AcDbEntity
  8
SILKSCREEN_TOP
 100
AcDbVertex
 100
AcDb2dVertex
 10
-10.890
 20
-16.615
 40
0.100
 41
0.100
 42
-1.00000
  0
VERTEX
  5
53F
 100
AcDbEntity
  8
SILKSCREEN_TOP
 100
AcDbVertex
 100
AcDb2dVertex
 10
-10.890
 20
-16.515
  0
VERTEX
  5
540
 100
AcDbEntity
  8
SILKSCREEN_TOP
 100
AcDbVertex
 100
AcDb2dVertex
 10
-10.890
 20
-16.615
 40
0.100
 41
0.100
 42
1.00000
  0
VERTEX
  5
541
 100
AcDbEntity
  8
SILKSCREEN_TOP
 100
AcDbVertex
 100
AcDb2dVertex
 10
-10.890
 20
-16.515
  0
VERTEX
  5
542
 100
AcDbEntity
  8
SILKSCREEN_TOP
 100
AcDbVertex
 100
AcDb2dVertex
 10
-10.890
 20
-16.565
  0
VERTEX
  5
543
 100
AcDbEntity
  8
SILKSCREEN_TOP
 100
AcDbVertex
 100
AcDb2dVertex
 10
-10.890
 20
-16.565
 40
0.200
 41
0.200
  0
VERTEX
  5
544
 100
AcDbEntity
  8
SILKSCREEN_TOP
 100
AcDbVertex
 100
AcDb2dVertex
 10
-11.169
 20
-16.565
 40
0.100
 41
0.100
  0
VERTEX
  5
545
 100
AcDbEntity
  8
SILKSCREEN_TOP
 100
AcDbVertex
 100
AcDb2dVertex
 10
-11.169
 20
-16.515
 40
0.100
 41
0.100
 42
1.00000
  0
VERTEX
  5
546
 100
AcDbEntity
  8
SILKSCREEN_TOP
 100
AcDbVertex
 100
AcDb2dVertex
 10
-11.169
 20
-16.615
  0
VERTEX
  5
547
 100
AcDbEntity
  8
SILKSCREEN_TOP
 100
AcDbVertex
 100
AcDb2dVertex
 10
-11.161
 20
-16.516
 40
0.100
 41
0.100
 42
-1.00000
  0
VERTEX
  5
548
 100
AcDbEntity
  8
SILKSCREEN_TOP
 100
AcDbVertex
 100
AcDb2dVertex
 10
-11.176
 20
-16.614
  0
VERTEX
  5
549
 100
AcDbEntity
  8
SILKSCREEN_TOP
 100
AcDbVertex
 100
AcDb2dVertex
 10
-11.169
 20
-16.565
  0
VERTEX
  5
54A
 100
AcDbEntity
  8
SILKSCREEN_TOP
 100
AcDbVertex
 100
AcDb2dVertex
 10
-11.169
 20
-16.565
 40
0.200
 41
0.200
 42
-0.20449
  0
VERTEX
  5
54B
 100
AcDbEntity
  8
SILKSCREEN_TOP
 100
AcDbVertex
 100
AcDb2dVertex
 10
-11.485
 20
-16.368
 40
0.100
 41
0.100
  0
VERTEX
  5
54C
 100
AcDbEntity
  8
SILKSCREEN_TOP
 100
AcDbVertex
 100
AcDb2dVertex
 10
-11.526
 20
-16.396
 40
0.100
 41
0.100
 42
-1.00000
  0
VERTEX
  5
54D
 100
AcDbEntity
  8
SILKSCREEN_TOP
 100
AcDbVertex
 100
AcDb2dVertex
 10
-11.444
 20
-16.339
  0
VERTEX
  5
54E
 100
AcDbEntity
  8
SILKSCREEN_TOP
 100
AcDbVertex
 100
AcDb2dVertex
 10
-11.522
 20
-16.401
 40
0.100
 41
0.100
 42
1.00000
  0
VERTEX
  5
54F
 100
AcDbEntity
  8
SILKSCREEN_TOP
 100
AcDbVertex
 100
AcDb2dVertex
 10
-11.448
 20
-16.334
  0
VERTEX
  5
550
 100
AcDbEntity
  8
SILKSCREEN_TOP
 100
AcDbVertex
 100
AcDb2dVertex
 10
-11.485
 20
-16.368
  0
VERTEX
  5
551
 100
AcDbEntity
  8
SILKSCREEN_TOP
 100
AcDbVertex
 100
AcDb2dVertex
 10
-11.485
 20
-16.368
 40
0.200
 41
0.200
 42
0.22476
  0
VERTEX
  5
552
 100
AcDbEntity
  8
SILKSCREEN_TOP
 100
AcDbVertex
 100
AcDb2dVertex
 10
-11.963
 20
-16.165
 40
0.100
 41
0.100
  0
VERTEX
  5
553
 100
AcDbEntity
  8
SILKSCREEN_TOP
 100
AcDbVertex
 100
AcDb2dVertex
 10
-11.965
 20
-16.115
 40
0.100
 41
0.100
 42
1.00000
  0
VERTEX
  5
554
 100
AcDbEntity
  8
SILKSCREEN_TOP
 100
AcDbVertex
 100
AcDb2dVertex
 10
-11.960
 20
-16.215
  0
VERTEX
  5
555
 100
AcDbEntity
  8
SILKSCREEN_TOP
 100
AcDbVertex
 100
AcDb2dVertex
 10
-11.963
 20
-16.215
 40
0.100
 41
0.100
 42
1.00000
  0
VERTEX
  5
556
 100
AcDbEntity
  8
SILKSCREEN_TOP
 100
AcDbVertex
 100
AcDb2dVertex
 10
-11.963
 20
-16.115
  0
VERTEX
  5
557
 100
AcDbEntity
  8
SILKSCREEN_TOP
 100
AcDbVertex
 100
AcDb2dVertex
 10
-11.963
 20
-16.165
  0
VERTEX
  5
558
 100
AcDbEntity
  8
SILKSCREEN_TOP
 100
AcDbVertex
 100
AcDb2dVertex
 10
-11.963
 20
-16.165
 40
0.200
 41
0.200
  0
VERTEX
  5
559
 100
AcDbEntity
  8
SILKSCREEN_TOP
 100
AcDbVertex
 100
AcDb2dVertex
 10
-13.868
 20
-16.165
 40
0.100
 41
0.100
  0
VERTEX
  5
55A
 100
AcDbEntity
  8
SILKSCREEN_TOP
 100
AcDbVertex
 100
AcDb2dVertex
 10
-13.868
 20
-16.115
 40
0.100
 41
0.100
 42
1.00000
  0
VERTEX
  5
55B
 100
AcDbEntity
  8
SILKSCREEN_TOP
 100
AcDbVertex
 100
AcDb2dVertex
 10
-13.868
 20
-16.215
  0
VERTEX
  5
55C
 100
AcDbEntity
  8
SILKSCREEN_TOP
 100
AcDbVertex
 100
AcDb2dVertex
 10
-13.866
 20
-16.215
 40
0.100
 41
0.100
 42
1.00000
  0
VERTEX
  5
55D
 100
AcDbEntity
  8
SILKSCREEN_TOP
 100
AcDbVertex
 100
AcDb2dVertex
 10
-13.869
 20
-16.115
  0
VERTEX
  5
55E
 100
AcDbEntity
  8
SILKSCREEN_TOP
 100
AcDbVertex
 100
AcDb2dVertex
 10
-13.868
 20
-16.165
  0
VERTEX
  5
55F
 100
AcDbEntity
  8
SILKSCREEN_TOP
 100
AcDbVertex
 100
AcDb2dVertex
 10
-13.868
 20
-16.165
 40
0.200
 41
0.200
 42
0.22090
  0
VERTEX
  5
560
 100
AcDbEntity
  8
SILKSCREEN_TOP
 100
AcDbVertex
 100
AcDb2dVertex
 10
-14.345
 20
-16.406
 40
0.100
 41
0.100
  0
VERTEX
  5
561
 100
AcDbEntity
  8
SILKSCREEN_TOP
 100
AcDbVertex
 100
AcDb2dVertex
 10
-14.384
 20
-16.375
 40
0.100
 41
0.100
 42
1.00000
  0
VERTEX
  5
562
 100
AcDbEntity
  8
SILKSCREEN_TOP
 100
AcDbVertex
 100
AcDb2dVertex
 10
-14.306
 20
-16.437
  0
VERTEX
  5
563
 100
AcDbEntity
  8
SILKSCREEN_TOP
 100
AcDbVertex
 100
AcDb2dVertex
 10
-14.383
 20
-16.374
 40
0.100
 41
0.100
 42
-1.00000
  0
VERTEX
  5
564
 100
AcDbEntity
  8
SILKSCREEN_TOP
 100
AcDbVertex
 100
AcDb2dVertex
 10
-14.307
 20
-16.438
  0
VERTEX
  5
565
 100
AcDbEntity
  8
SILKSCREEN_TOP
 100
AcDbVertex
 100
AcDb2dVertex
 10
-14.345
 20
-16.406
  0
VERTEX
  5
566
 100
AcDbEntity
  8
SILKSCREEN_TOP
 100
AcDbVertex
 100
AcDb2dVertex
 10
-14.345
 20
-16.406
 40
0.200
 41
0.200
 42
-0.20762
  0
VERTEX
  5
567
 100
AcDbEntity
  8
SILKSCREEN_TOP
 100
AcDbVertex
 100
AcDb2dVertex
 10
-14.665
 20
-16.565
 40
0.100
 41
0.100
  0
VERTEX
  5
568
 100
AcDbEntity
  8
SILKSCREEN_TOP
 100
AcDbVertex
 100
AcDb2dVertex
 10
-14.662
 20
-16.615
 40
0.100
 41
0.100
 42
-1.00000
  0
VERTEX
  5
569
 100
AcDbEntity
  8
SILKSCREEN_TOP
 100
AcDbVertex
 100
AcDb2dVertex
 10
-14.668
 20
-16.515
  0
VERTEX
  5
56A
 100
AcDbEntity
  8
SILKSCREEN_TOP
 100
AcDbVertex
 100
AcDb2dVertex
 10
-14.665
 20
-16.615
 40
0.100
 41
0.100
 42
1.00000
  0
VERTEX
  5
56B
 100
AcDbEntity
  8
SILKSCREEN_TOP
 100
AcDbVertex
 100
AcDb2dVertex
 10
-14.665
 20
-16.515
  0
VERTEX
  5
56C
 100
AcDbEntity
  8
SILKSCREEN_TOP
 100
AcDbVertex
 100
AcDb2dVertex
 10
-14.665
 20
-16.565
  0
VERTEX
  5
56D
 100
AcDbEntity
  8
SILKSCREEN_TOP
 100
AcDbVertex
 100
AcDb2dVertex
 10
-14.665
 20
-16.565
 40
0.200
 41
0.200
  0
VERTEX
  5
56E
 100
AcDbEntity
  8
SILKSCREEN_TOP
 100
AcDbVertex
 100
AcDb2dVertex
 10
-14.940
 20
-16.565
 40
0.100
 41
0.100
  0
VERTEX
  5
56F
 100
AcDbEntity
  8
SILKSCREEN_TOP
 100
AcDbVertex
 100
AcDb2dVertex
 10
-14.940
 20
-16.515
 40
0.100
 41
0.100
 42
1.00000
  0
VERTEX
  5
570
 100
AcDbEntity
  8
SILKSCREEN_TOP
 100
AcDbVertex
 100
AcDb2dVertex
 10
-14.940
 20
-16.615
  0
VERTEX
  5
571
 100
AcDbEntity
  8
SILKSCREEN_TOP
 100
AcDbVertex
 100
AcDb2dVertex
 10
-14.940
 20
-16.515
 40
0.100
 41
0.100
 42
-1.00000
  0
VERTEX
  5
572
 100
AcDbEntity
  8
SILKSCREEN_TOP
 100
AcDbVertex
 100
AcDb2dVertex
 10
-14.940
 20
-16.615
  0
VERTEX
  5
573
 100
AcDbEntity
  8
SILKSCREEN_TOP
 100
AcDbVertex
 100
AcDb2dVertex
 10
-14.940
 20
-16.565
  0
VERTEX
  5
574
 100
AcDbEntity
  8
SILKSCREEN_TOP
 100
AcDbVertex
 100
AcDb2dVertex
 10
-14.940
 20
-16.565
 40
0.200
 41
0.200
 42
-0.41421
  0
VERTEX
  5
575
 100
AcDbEntity
  8
SILKSCREEN_TOP
 100
AcDbVertex
 100
AcDb2dVertex
 10
-16.090
 20
-15.415
 40
0.100
 41
0.100
  0
VERTEX
  5
576
 100
AcDbEntity
  8
SILKSCREEN_TOP
 100
AcDbVertex
 100
AcDb2dVertex
 10
-16.140
 20
-15.415
 40
0.100
 41
0.100
 42
-1.00000
  0
VERTEX
  5
577
 100
AcDbEntity
  8
SILKSCREEN_TOP
 100
AcDbVertex
 100
AcDb2dVertex
 10
-16.040
 20
-15.415
  0
VERTEX
  5
578
 100
AcDbEntity
  8
SILKSCREEN_TOP
 100
AcDbVertex
 100
AcDb2dVertex
 10
-16.040
 20
-15.415
 40
0.100
 41
0.100
 42
-1.00000
  0
VERTEX
  5
579
 100
AcDbEntity
  8
SILKSCREEN_TOP
 100
AcDbVertex
 100
AcDb2dVertex
 10
-16.140
 20
-15.415
  0
VERTEX
  5
57A
 100
AcDbEntity
  8
SILKSCREEN_TOP
 100
AcDbVertex
 100
AcDb2dVertex
 10
-16.090
 20
-15.415
  0
VERTEX
  5
57B
 100
AcDbEntity
  8
SILKSCREEN_TOP
 100
AcDbVertex
 100
AcDb2dVertex
 10
-16.090
 20
-15.415
 40
0.200
 41
0.200
 42
-0.41421
  0
VERTEX
  5
57C
 100
AcDbEntity
  8
SILKSCREEN_TOP
 100
AcDbVertex
 100
AcDb2dVertex
 10
-14.940
 20
-14.265
 40
0.100
 41
0.100
  0
VERTEX
  5
57D
 100
AcDbEntity
  8
SILKSCREEN_TOP
 100
AcDbVertex
 100
AcDb2dVertex
 10
-14.940
 20
-14.215
 40
0.100
 41
0.100
 42
-1.00000
  0
VERTEX
  5
57E
 100
AcDbEntity
  8
SILKSCREEN_TOP
 100
AcDbVertex
 100
AcDb2dVertex
 10
-14.940
 20
-14.315
  0
VERTEX
  5
57F
 100
AcDbEntity
  8
SILKSCREEN_TOP
 100
AcDbVertex
 100
AcDb2dVertex
 10
-14.940
 20
-14.215
 40
0.100
 41
0.100
 42
1.00000
  0
VERTEX
  5
580
 100
AcDbEntity
  8
SILKSCREEN_TOP
 100
AcDbVertex
 100
AcDb2dVertex
 10
-14.940
 20
-14.315
  0
VERTEX
  5
581
 100
AcDbEntity
  8
SILKSCREEN_TOP
 100
AcDbVertex
 100
AcDb2dVertex
 10
-14.940
 20
-14.265
  0
VERTEX
  5
582
 100
AcDbEntity
  8
SILKSCREEN_TOP
 100
AcDbVertex
 100
AcDb2dVertex
 10
-14.940
 20
-14.265
 40
0.200
 41
0.200
  0
VERTEX
  5
583
 100
AcDbEntity
  8
SILKSCREEN_TOP
 100
AcDbVertex
 100
AcDb2dVertex
 10
-14.665
 20
-14.265
 40
0.100
 41
0.100
  0
VERTEX
  5
584
 100
AcDbEntity
  8
SILKSCREEN_TOP
 100
AcDbVertex
 100
AcDb2dVertex
 10
-14.665
 20
-14.315
 40
0.100
 41
0.100
 42
1.00000
  0
VERTEX
  5
585
 100
AcDbEntity
  8
SILKSCREEN_TOP
 100
AcDbVertex
 100
AcDb2dVertex
 10
-14.665
 20
-14.215
  0
VERTEX
  5
586
 100
AcDbEntity
  8
SILKSCREEN_TOP
 100
AcDbVertex
 100
AcDb2dVertex
 10
-14.669
 20
-14.315
 40
0.100
 41
0.100
 42
-1.00000
  0
VERTEX
  5
587
 100
AcDbEntity
  8
SILKSCREEN_TOP
 100
AcDbVertex
 100
AcDb2dVertex
 10
-14.661
 20
-14.215
  0
VERTEX
  5
588
 100
AcDbEntity
  8
SILKSCREEN_TOP
 100
AcDbVertex
 100
AcDb2dVertex
 10
-14.665
 20
-14.265
  0
VERTEX
  5
589
 100
AcDbEntity
  8
SILKSCREEN_TOP
 100
AcDbVertex
 100
AcDb2dVertex
 10
-14.665
 20
-14.265
 40
0.200
 41
0.200
 42
-0.19462
  0
VERTEX
  5
58A
 100
AcDbEntity
  8
SILKSCREEN_TOP
 100
AcDbVertex
 100
AcDb2dVertex
 10
-14.345
 20
-14.424
 40
0.100
 41
0.100
  0
VERTEX
  5
58B
 100
AcDbEntity
  8
SILKSCREEN_TOP
 100
AcDbVertex
 100
AcDb2dVertex
 10
-14.308
 20
-14.391
 40
0.100
 41
0.100
 42
-1.00000
  0
VERTEX
  5
58C
 100
AcDbEntity
  8
SILKSCREEN_TOP
 100
AcDbVertex
 100
AcDb2dVertex
 10
-14.382
 20
-14.457
  0
VERTEX
  5
58D
 100
AcDbEntity
  8
SILKSCREEN_TOP
 100
AcDbVertex
 100
AcDb2dVertex
 10
-14.302
 20
-14.399
 40
0.100
 41
0.100
 42
1.00000
  0
VERTEX
  5
58E
 100
AcDbEntity
  8
SILKSCREEN_TOP
 100
AcDbVertex
 100
AcDb2dVertex
 10
-14.389
 20
-14.448
  0
VERTEX
  5
58F
 100
AcDbEntity
  8
SILKSCREEN_TOP
 100
AcDbVertex
 100
AcDb2dVertex
 10
-14.345
 20
-14.424
  0
VERTEX
  5
590
 100
AcDbEntity
  8
SILKSCREEN_TOP
 100
AcDbVertex
 100
AcDb2dVertex
 10
-14.345
 20
-14.424
 40
0.200
 41
0.200
 42
0.26274
  0
VERTEX
  5
591
 100
AcDbEntity
  8
SILKSCREEN_TOP
 100
AcDbVertex
 100
AcDb2dVertex
 10
-13.944
 20
-14.665
 40
0.100
 41
0.100
  0
VERTEX
  5
592
 100
AcDbEntity
  8
SILKSCREEN_TOP
 100
AcDbVertex
 100
AcDb2dVertex
 10
-13.945
 20
-14.715
 40
0.100
 41
0.100
 42
1.00000
  0
VERTEX
  5
593
 100
AcDbEntity
  8
SILKSCREEN_TOP
 100
AcDbVertex
 100
AcDb2dVertex
 10
-13.942
 20
-14.615
  0
VERTEX
  5
594
 100
AcDbEntity
  8
SILKSCREEN_TOP
 100
AcDbVertex
 100
AcDb2dVertex
 10
-13.944
 20
-14.615
 40
0.100
 41
0.100
 42
1.00000
  0
VERTEX
  5
595
 100
AcDbEntity
  8
SILKSCREEN_TOP
 100
AcDbVertex
 100
AcDb2dVertex
 10
-13.944
 20
-14.715
  0
VERTEX
  5
596
 100
AcDbEntity
  8
SILKSCREEN_TOP
 100
AcDbVertex
 100
AcDb2dVertex
 10
-13.944
 20
-14.665
  0
VERTEX
  5
597
 100
AcDbEntity
  8
SILKSCREEN_TOP
 100
AcDbVertex
 100
AcDb2dVertex
 10
-13.944
 20
-14.665
 40
0.200
 41
0.200
  0
VERTEX
  5
598
 100
AcDbEntity
  8
SILKSCREEN_TOP
 100
AcDbVertex
 100
AcDb2dVertex
 10
-11.886
 20
-14.665
 40
0.100
 41
0.100
  0
VERTEX
  5
599
 100
AcDbEntity
  8
SILKSCREEN_TOP
 100
AcDbVertex
 100
AcDb2dVertex
 10
-11.886
 20
-14.715
 40
0.100
 41
0.100
 42
1.00000
  0
VERTEX
  5
59A
 100
AcDbEntity
  8
SILKSCREEN_TOP
 100
AcDbVertex
 100
AcDb2dVertex
 10
-11.886
 20
-14.615
  0
VERTEX
  5
59B
 100
AcDbEntity
  8
SILKSCREEN_TOP
 100
AcDbVertex
 100
AcDb2dVertex
 10
-11.888
 20
-14.615
 40
0.100
 41
0.100
 42
1.00000
  0
VERTEX
  5
59C
 100
AcDbEntity
  8
SILKSCREEN_TOP
 100
AcDbVertex
 100
AcDb2dVertex
 10
-11.885
 20
-14.715
  0
VERTEX
  5
59D
 100
AcDbEntity
  8
SILKSCREEN_TOP
 100
AcDbVertex
 100
AcDb2dVertex
 10
-11.886
 20
-14.665
  0
VERTEX
  5
59E
 100
AcDbEntity
  8
SILKSCREEN_TOP
 100
AcDbVertex
 100
AcDb2dVertex
 10
-11.886
 20
-14.665
 40
0.200
 41
0.200
 42
0.26274
  0
VERTEX
  5
59F
 100
AcDbEntity
  8
SILKSCREEN_TOP
 100
AcDbVertex
 100
AcDb2dVertex
 10
-11.485
 20
-14.424
 40
0.100
 41
0.100
  0
VERTEX
  5
5A0
 100
AcDbEntity
  8
SILKSCREEN_TOP
 100
AcDbVertex
 100
AcDb2dVertex
 10
-11.442
 20
-14.448
 40
0.100
 41
0.100
 42
1.00000
  0
VERTEX
  5
5A1
 100
AcDbEntity
  8
SILKSCREEN_TOP
 100
AcDbVertex
 100
AcDb2dVertex
 10
-11.529
 20
-14.399
  0
VERTEX
  5
5A2
 100
AcDbEntity
  8
SILKSCREEN_TOP
 100
AcDbVertex
 100
AcDb2dVertex
 10
-11.441
 20
-14.448
 40
0.100
 41
0.100
 42
-1.00000
  0
VERTEX
  5
5A3
 100
AcDbEntity
  8
SILKSCREEN_TOP
 100
AcDbVertex
 100
AcDb2dVertex
 10
-11.529
 20
-14.399
  0
VERTEX
  5
5A4
 100
AcDbEntity
  8
SILKSCREEN_TOP
 100
AcDbVertex
 100
AcDb2dVertex
 10
-11.485
 20
-14.424
  0
VERTEX
  5
5A5
 100
AcDbEntity
  8
SILKSCREEN_TOP
 100
AcDbVertex
 100
AcDb2dVertex
 10
-11.485
 20
-14.424
 40
0.200
 41
0.200
 42
-0.30794
  0
VERTEX
  5
5A6
 100
AcDbEntity
  8
SILKSCREEN_TOP
 100
AcDbVertex
 100
AcDb2dVertex
 10
-11.165
 20
-14.265
 40
0.100
 41
0.100
  0
VERTEX
  5
5A7
 100
AcDbEntity
  8
SILKSCREEN_TOP
 100
AcDbVertex
 100
AcDb2dVertex
 10
-11.158
 20
-14.215
 40
0.100
 41
0.100
 42
-1.00000
  0
VERTEX
  5
5A8
 100
AcDbEntity
  8
SILKSCREEN_TOP
 100
AcDbVertex
 100
AcDb2dVertex
 10
-11.172
 20
-14.315
  0
VERTEX
  5
5A9
 100
AcDbEntity
  8
SILKSCREEN_TOP
 100
AcDbVertex
 100
AcDb2dVertex
 10
-11.165
 20
-14.215
 40
0.100
 41
0.100
 42
1.00000
  0
VERTEX
  5
5AA
 100
AcDbEntity
  8
SILKSCREEN_TOP
 100
AcDbVertex
 100
AcDb2dVertex
 10
-11.165
 20
-14.315
  0
VERTEX
  5
5AB
 100
AcDbEntity
  8
SILKSCREEN_TOP
 100
AcDbVertex
 100
AcDb2dVertex
 10
-11.165
 20
-14.265
  0
VERTEX
  5
5AC
 100
AcDbEntity
  8
SILKSCREEN_TOP
 100
AcDbVertex
 100
AcDb2dVertex
 10
-11.165
 20
-14.265
 40
0.200
 41
0.200
  0
VERTEX
  5
5AD
 100
AcDbEntity
  8
SILKSCREEN_TOP
 100
AcDbVertex
 100
AcDb2dVertex
 10
-10.890
 20
-14.265
 40
0.100
 41
0.100
  0
VERTEX
  5
5AE
 100
AcDbEntity
  8
SILKSCREEN_TOP
 100
AcDbVertex
 100
AcDb2dVertex
 10
-10.890
 20
-14.315
 40
0.100
 41
0.100
 42
1.00000
  0
VERTEX
  5
5AF
 100
AcDbEntity
  8
SILKSCREEN_TOP
 100
AcDbVertex
 100
AcDb2dVertex
 10
-10.890
 20
-14.215
  0
VERTEX
  5
5B0
 100
AcDbEntity
  8
SILKSCREEN_TOP
 100
AcDbVertex
 100
AcDb2dVertex
 10
-10.890
 20
-14.315
 40
0.100
 41
0.100
 42
-1.00000
  0
VERTEX
  5
5B1
 100
AcDbEntity
  8
SILKSCREEN_TOP
 100
AcDbVertex
 100
AcDb2dVertex
 10
-10.890
 20
-14.215
  0
VERTEX
  5
5B2
 100
AcDbEntity
  8
SILKSCREEN_TOP
 100
AcDbVertex
 100
AcDb2dVertex
 10
-10.890
 20
-14.265
  0
VERTEX
  5
5B3
 100
AcDbEntity
  8
SILKSCREEN_TOP
 100
AcDbVertex
 100
AcDb2dVertex
 10
-10.890
 20
-14.265
 40
0.200
 41
0.200
 42
-0.41421
  0
VERTEX
  5
5B4
 100
AcDbEntity
  8
SILKSCREEN_TOP
 100
AcDbVertex
 100
AcDb2dVertex
 10
-9.740
 20
-15.415
 40
0.200
 41
0.200
  0
VERTEX
  5
5B5
 100
AcDbEntity
  8
SILKSCREEN_TOP
 100
AcDbVertex
 100
AcDb2dVertex
 10
-9.740
 20
-15.415
  0
VERTEX
  5
5B6
 100
AcDbEntity
  8
SILKSCREEN_TOP
 100
AcDbVertex
 100
AcDb2dVertex
 10
-9.740
 20
-15.415
 40
0.100
 41
0.100
  0
VERTEX
  5
5B7
 100
AcDbEntity
  8
SILKSCREEN_TOP
 100
AcDbVertex
 100
AcDb2dVertex
 10
-9.690
 20
-15.415
 40
0.100
 41
0.100
 42
-1.00000
  0
VERTEX
  5
5B8
 100
AcDbEntity
  8
SILKSCREEN_TOP
 100
AcDbVertex
 100
AcDb2dVertex
 10
-9.790
 20
-15.415
  0
SEQEND
  5
5B9
 100
AcDbEntity
  8
SILKSCREEN_TOP
  0
POLYLINE
  5
5BA
 100
AcDbEntity
  8
_TOP_SIDE_
 100
AcDb2dPolyline
 66
     1
 10
0.000
 20
0.000
 70
     1
 40
0.000
 41
0.000
  0
VERTEX
  5
5BB
 100
AcDbEntity
  8
_TOP_SIDE_
 100
AcDbVertex
 100
AcDb2dVertex
 10
-9.740
 20
-16.698
 40
0.025
 41
0.025
 42
1.00000
  0
VERTEX
  5
5BC
 100
AcDbEntity
  8
_TOP_SIDE_
 100
AcDbVertex
 100
AcDb2dVertex
 10
-9.740
 20
-16.673
  0
VERTEX
  5
5BD
 100
AcDbEntity
  8
_TOP_SIDE_
 100
AcDbVertex
 100
AcDb2dVertex
 10
-9.740
 20
-16.685
  0
VERTEX
  5
5BE
 100
AcDbEntity
  8
_TOP_SIDE_
 100
AcDbVertex
 100
AcDb2dVertex
 10
-9.740
 20
-16.685
 40
0.050
 41
0.050
  0
VERTEX
  5
5BF
 100
AcDbEntity
  8
_TOP_SIDE_
 100
AcDbVertex
 100
AcDb2dVertex
 10
-16.090
 20
-16.685
 40
0.025
 41
0.025
  0
VERTEX
  5
5C0
 100
AcDbEntity
  8
_TOP_SIDE_
 100
AcDbVertex
 100
AcDb2dVertex
 10
-16.090
 20
-16.673
 40
0.025
 41
0.025
 42
1.00000
  0
VERTEX
  5
5C1
 100
AcDbEntity
  8
_TOP_SIDE_
 100
AcDbVertex
 100
AcDb2dVertex
 10
-16.090
 20
-16.698
  0
VERTEX
  5
5C2
 100
AcDbEntity
  8
_TOP_SIDE_
 100
AcDbVertex
 100
AcDb2dVertex
 10
-16.103
 20
-16.685
 40
0.025
 41
0.025
 42
1.00000
  0
VERTEX
  5
5C3
 100
AcDbEntity
  8
_TOP_SIDE_
 100
AcDbVertex
 100
AcDb2dVertex
 10
-16.078
 20
-16.685
  0
VERTEX
  5
5C4
 100
AcDbEntity
  8
_TOP_SIDE_
 100
AcDbVertex
 100
AcDb2dVertex
 10
-16.090
 20
-16.685
  0
VERTEX
  5
5C5
 100
AcDbEntity
  8
_TOP_SIDE_
 100
AcDbVertex
 100
AcDb2dVertex
 10
-16.090
 20
-16.685
 40
0.050
 41
0.050
  0
VERTEX
  5
5C6
 100
AcDbEntity
  8
_TOP_SIDE_
 100
AcDbVertex
 100
AcDb2dVertex
 10
-16.090
 20
-14.145
 40
0.025
 41
0.025
  0
VERTEX
  5
5C7
 100
AcDbEntity
  8
_TOP_SIDE_
 100
AcDbVertex
 100
AcDb2dVertex
 10
-16.078
 20
-14.145
 40
0.025
 41
0.025
 42
1.00000
  0
VERTEX
  5
5C8
 100
AcDbEntity
  8
_TOP_SIDE_
 100
AcDbVertex
 100
AcDb2dVertex
 10
-16.103
 20
-14.145
  0
VERTEX
  5
5C9
 100
AcDbEntity
  8
_TOP_SIDE_
 100
AcDbVertex
 100
AcDb2dVertex
 10
-16.090
 20
-14.133
 40
0.025
 41
0.025
 42
1.00000
  0
VERTEX
  5
5CA
 100
AcDbEntity
  8
_TOP_SIDE_
 100
AcDbVertex
 100
AcDb2dVertex
 10
-16.090
 20
-14.158
  0
VERTEX
  5
5CB
 100
AcDbEntity
  8
_TOP_SIDE_
 100
AcDbVertex
 100
AcDb2dVertex
 10
-16.090
 20
-14.145
  0
VERTEX
  5
5CC
 100
AcDbEntity
  8
_TOP_SIDE_
 100
AcDbVertex
 100
AcDb2dVertex
 10
-16.090
 20
-14.145
 40
0.050
 41
0.050
  0
VERTEX
  5
5CD
 100
AcDbEntity
  8
_TOP_SIDE_
 100
AcDbVertex
 100
AcDb2dVertex
 10
-9.740
 20
-14.145
 40
0.025
 41
0.025
  0
VERTEX
  5
5CE
 100
AcDbEntity
  8
_TOP_SIDE_
 100
AcDbVertex
 100
AcDb2dVertex
 10
-9.740
 20
-14.158
 40
0.025
 41
0.025
 42
1.00000
  0
VERTEX
  5
5CF
 100
AcDbEntity
  8
_TOP_SIDE_
 100
AcDbVertex
 100
AcDb2dVertex
 10
-9.740
 20
-14.133
  0
VERTEX
  5
5D0
 100
AcDbEntity
  8
_TOP_SIDE_
 100
AcDbVertex
 100
AcDb2dVertex
 10
-9.728
 20
-14.145
 40
0.025
 41
0.025
 42
1.00000
  0
VERTEX
  5
5D1
 100
AcDbEntity
  8
_TOP_SIDE_
 100
AcDbVertex
 100
AcDb2dVertex
 10
-9.753
 20
-14.145
  0
VERTEX
  5
5D2
 100
AcDbEntity
  8
_TOP_SIDE_
 100
AcDbVertex
 100
AcDb2dVertex
 10
-9.740
 20
-14.145
  0
VERTEX
  5
5D3
 100
AcDbEntity
  8
_TOP_SIDE_
 100
AcDbVertex
 100
AcDb2dVertex
 10
-9.740
 20
-14.145
 40
0.050
 41
0.050
  0
VERTEX
  5
5D4
 100
AcDbEntity
  8
_TOP_SIDE_
 100
AcDbVertex
 100
AcDb2dVertex
 10
-9.740
 20
-16.685
 40
0.050
 41
0.050
  0
VERTEX
  5
5D5
 100
AcDbEntity
  8
_TOP_SIDE_
 100
AcDbVertex
 100
AcDb2dVertex
 10
-9.740
 20
-16.685
  0
VERTEX
  5
5D6
 100
AcDbEntity
  8
_TOP_SIDE_
 100
AcDbVertex
 100
AcDb2dVertex
 10
-9.740
 20
-16.685
 40
0.025
 41
0.025
  0
VERTEX
  5
5D7
 100
AcDbEntity
  8
_TOP_SIDE_
 100
AcDbVertex
 100
AcDb2dVertex
 10
-9.753
 20
-16.685
 40
0.025
 41
0.025
 42
1.00000
  0
VERTEX
  5
5D8
 100
AcDbEntity
  8
_TOP_SIDE_
 100
AcDbVertex
 100
AcDb2dVertex
 10
-9.728
 20
-16.685
  0
SEQEND
  5
5D9
 100
AcDbEntity
  8
_TOP_SIDE_
  0
POLYLINE
  5
5DA
 100
AcDbEntity
  8
SILKSCREEN_TOP
 100
AcDb2dPolyline
 66
     1
 10
0.000
 20
0.000
 40
0.000
 41
0.000
  0
VERTEX
  5
5DB
 100
AcDbEntity
  8
SILKSCREEN_TOP
 100
AcDbVertex
 100
AcDb2dVertex
 10
1.817
 20
-8.735
 40
0.102
 41
0.102
 42
1.00000
  0
VERTEX
  5
5DC
 100
AcDbEntity
  8
SILKSCREEN_TOP
 100
AcDbVertex
 100
AcDb2dVertex
 10
1.817
 20
-8.633
  0
VERTEX
  5
5DD
 100
AcDbEntity
  8
SILKSCREEN_TOP
 100
AcDbVertex
 100
AcDb2dVertex
 10
1.817
 20
-8.684
  0
VERTEX
  5
5DE
 100
AcDbEntity
  8
SILKSCREEN_TOP
 100
AcDbVertex
 100
AcDb2dVertex
 10
1.817
 20
-8.684
 40
0.203
 41
0.203
  0
VERTEX
  5
5DF
 100
AcDbEntity
  8
SILKSCREEN_TOP
 100
AcDbVertex
 100
AcDb2dVertex
 10
-5.803
 20
-8.684
 40
0.203
 41
0.203
  0
VERTEX
  5
5E0
 100
AcDbEntity
  8
SILKSCREEN_TOP
 100
AcDbVertex
 100
AcDb2dVertex
 10
-5.803
 20
-8.684
  0
VERTEX
  5
5E1
 100
AcDbEntity
  8
SILKSCREEN_TOP
 100
AcDbVertex
 100
AcDb2dVertex
 10
-5.803
 20
-8.684
 40
0.102
 41
0.102
  0
VERTEX
  5
5E2
 100
AcDbEntity
  8
SILKSCREEN_TOP
 100
AcDbVertex
 100
AcDb2dVertex
 10
-5.803
 20
-8.633
 40
0.102
 41
0.102
 42
1.00000
  0
VERTEX
  5
5E3
 100
AcDbEntity
  8
SILKSCREEN_TOP
 100
AcDbVertex
 100
AcDb2dVertex
 10
-5.803
 20
-8.735
  0
SEQEND
  5
5E4
 100
AcDbEntity
  8
SILKSCREEN_TOP
  0
POLYLINE
  5
5E5
 100
AcDbEntity
  8
SILKSCREEN_TOP
 100
AcDb2dPolyline
 66
     1
 10
0.000
 20
0.000
 40
0.000
 41
0.000
  0
VERTEX
  5
5E6
 100
AcDbEntity
  8
SILKSCREEN_TOP
 100
AcDbVertex
 100
AcDb2dVertex
 10
1.766
 20
-15.796
 40
0.102
 41
0.102
 42
1.00000
  0
VERTEX
  5
5E7
 100
AcDbEntity
  8
SILKSCREEN_TOP
 100
AcDbVertex
 100
AcDb2dVertex
 10
1.868
 20
-15.796
  0
VERTEX
  5
5E8
 100
AcDbEntity
  8
SILKSCREEN_TOP
 100
AcDbVertex
 100
AcDb2dVertex
 10
1.817
 20
-15.796
  0
VERTEX
  5
5E9
 100
AcDbEntity
  8
SILKSCREEN_TOP
 100
AcDbVertex
 100
AcDb2dVertex
 10
1.817
 20
-15.796
 40
0.203
 41
0.203
  0
VERTEX
  5
5EA
 100
AcDbEntity
  8
SILKSCREEN_TOP
 100
AcDbVertex
 100
AcDb2dVertex
 10
1.817
 20
-8.684
 40
0.203
 41
0.203
  0
VERTEX
  5
5EB
 100
AcDbEntity
  8
SILKSCREEN_TOP
 100
AcDbVertex
 100
AcDb2dVertex
 10
1.817
 20
-8.684
  0
VERTEX
  5
5EC
 100
AcDbEntity
  8
SILKSCREEN_TOP
 100
AcDbVertex
 100
AcDb2dVertex
 10
1.817
 20
-8.684
 40
0.102
 41
0.102
  0
VERTEX
  5
5ED
 100
AcDbEntity
  8
SILKSCREEN_TOP
 100
AcDbVertex
 100
AcDb2dVertex
 10
1.868
 20
-8.684
 40
0.102
 41
0.102
 42
1.00000
  0
VERTEX
  5
5EE
 100
AcDbEntity
  8
SILKSCREEN_TOP
 100
AcDbVertex
 100
AcDb2dVertex
 10
1.766
 20
-8.684
  0
SEQEND
  5
5EF
 100
AcDbEntity
  8
SILKSCREEN_TOP
  0
POLYLINE
  5
5F0
 100
AcDbEntity
  8
SILKSCREEN_TOP
 100
AcDb2dPolyline
 66
     1
 10
0.000
 20
0.000
 40
0.000
 41
0.000
  0
VERTEX
  5
5F1
 100
AcDbEntity
  8
SILKSCREEN_TOP
 100
AcDbVertex
 100
AcDb2dVertex
 10
1.817
 20
-15.847
 40
0.102
 41
0.102
 42
1.00000
  0
VERTEX
  5
5F2
 100
AcDbEntity
  8
SILKSCREEN_TOP
 100
AcDbVertex
 100
AcDb2dVertex
 10
1.817
 20
-15.745
  0
VERTEX
  5
5F3
 100
AcDbEntity
  8
SILKSCREEN_TOP
 100
AcDbVertex
 100
AcDb2dVertex
 10
1.817
 20
-15.796
  0
VERTEX
  5
5F4
 100
AcDbEntity
  8
SILKSCREEN_TOP
 100
AcDbVertex
 100
AcDb2dVertex
 10
1.817
 20
-15.796
 40
0.203
 41
0.203
  0
VERTEX
  5
5F5
 100
AcDbEntity
  8
SILKSCREEN_TOP
 100
AcDbVertex
 100
AcDb2dVertex
 10
-5.803
 20
-15.796
 40
0.203
 41
0.203
  0
VERTEX
  5
5F6
 100
AcDbEntity
  8
SILKSCREEN_TOP
 100
AcDbVertex
 100
AcDb2dVertex
 10
-5.803
 20
-15.796
  0
VERTEX
  5
5F7
 100
AcDbEntity
  8
SILKSCREEN_TOP
 100
AcDbVertex
 100
AcDb2dVertex
 10
-5.803
 20
-15.796
 40
0.102
 41
0.102
  0
VERTEX
  5
5F8
 100
AcDbEntity
  8
SILKSCREEN_TOP
 100
AcDbVertex
 100
AcDb2dVertex
 10
-5.803
 20
-15.745
 40
0.102
 41
0.102
 42
1.00000
  0
VERTEX
  5
5F9
 100
AcDbEntity
  8
SILKSCREEN_TOP
 100
AcDbVertex
 100
AcDb2dVertex
 10
-5.803
 20
-15.847
  0
SEQEND
  5
5FA
 100
AcDbEntity
  8
SILKSCREEN_TOP
  0
POLYLINE
  5
5FB
 100
AcDbEntity
  8
SILKSCREEN_TOP
 100
AcDb2dPolyline
 66
     1
 10
0.000
 20
0.000
 40
0.000
 41
0.000
  0
VERTEX
  5
5FC
 100
AcDbEntity
  8
SILKSCREEN_TOP
 100
AcDbVertex
 100
AcDb2dVertex
 10
18.895
 20
-14.430
 40
0.100
 41
0.100
 42
1.00000
  0
VERTEX
  5
5FD
 100
AcDbEntity
  8
SILKSCREEN_TOP
 100
AcDbVertex
 100
AcDb2dVertex
 10
18.795
 20
-14.430
  0
VERTEX
  5
5FE
 100
AcDbEntity
  8
SILKSCREEN_TOP
 100
AcDbVertex
 100
AcDb2dVertex
 10
18.845
 20
-14.430
  0
VERTEX
  5
5FF
 100
AcDbEntity
  8
SILKSCREEN_TOP
 100
AcDbVertex
 100
AcDb2dVertex
 10
18.845
 20
-14.430
 40
0.200
 41
0.200
  0
VERTEX
  5
600
 100
AcDbEntity
  8
SILKSCREEN_TOP
 100
AcDbVertex
 100
AcDb2dVertex
 10
18.845
 20
-15.130
 40
0.200
 41
0.200
  0
VERTEX
  5
601
 100
AcDbEntity
  8
SILKSCREEN_TOP
 100
AcDbVertex
 100
AcDb2dVertex
 10
18.845
 20
-15.130
  0
VERTEX
  5
602
 100
AcDbEntity
  8
SILKSCREEN_TOP
 100
AcDbVertex
 100
AcDb2dVertex
 10
18.845
 20
-15.130
 40
0.100
 41
0.100
  0
VERTEX
  5
603
 100
AcDbEntity
  8
SILKSCREEN_TOP
 100
AcDbVertex
 100
AcDb2dVertex
 10
18.795
 20
-15.130
 40
0.100
 41
0.100
 42
1.00000
  0
VERTEX
  5
604
 100
AcDbEntity
  8
SILKSCREEN_TOP
 100
AcDbVertex
 100
AcDb2dVertex
 10
18.895
 20
-15.130
  0
SEQEND
  5
605
 100
AcDbEntity
  8
SILKSCREEN_TOP
  0
POLYLINE
  5
606
 100
AcDbEntity
  8
SILKSCREEN_TOP
 100
AcDb2dPolyline
 66
     1
 10
0.000
 20
0.000
 40
0.000
 41
0.000
  0
VERTEX
  5
607
 100
AcDbEntity
  8
SILKSCREEN_TOP
 100
AcDbVertex
 100
AcDb2dVertex
 10
20.145
 20
-14.430
 40
0.100
 41
0.100
 42
1.00000
  0
VERTEX
  5
608
 100
AcDbEntity
  8
SILKSCREEN_TOP
 100
AcDbVertex
 100
AcDb2dVertex
 10
20.045
 20
-14.430
  0
VERTEX
  5
609
 100
AcDbEntity
  8
SILKSCREEN_TOP
 100
AcDbVertex
 100
AcDb2dVertex
 10
20.095
 20
-14.430
  0
VERTEX
  5
60A
 100
AcDbEntity
  8
SILKSCREEN_TOP
 100
AcDbVertex
 100
AcDb2dVertex
 10
20.095
 20
-14.430
 40
0.200
 41
0.200
  0
VERTEX
  5
60B
 100
AcDbEntity
  8
SILKSCREEN_TOP
 100
AcDbVertex
 100
AcDb2dVertex
 10
20.095
 20
-15.130
 40
0.200
 41
0.200
  0
VERTEX
  5
60C
 100
AcDbEntity
  8
SILKSCREEN_TOP
 100
AcDbVertex
 100
AcDb2dVertex
 10
20.095
 20
-15.130
  0
VERTEX
  5
60D
 100
AcDbEntity
  8
SILKSCREEN_TOP
 100
AcDbVertex
 100
AcDb2dVertex
 10
20.095
 20
-15.130
 40
0.100
 41
0.100
  0
VERTEX
  5
60E
 100
AcDbEntity
  8
SILKSCREEN_TOP
 100
AcDbVertex
 100
AcDb2dVertex
 10
20.045
 20
-15.130
 40
0.100
 41
0.100
 42
1.00000
  0
VERTEX
  5
60F
 100
AcDbEntity
  8
SILKSCREEN_TOP
 100
AcDbVertex
 100
AcDb2dVertex
 10
20.145
 20
-15.130
  0
SEQEND
  5
610
 100
AcDbEntity
  8
SILKSCREEN_TOP
  0
POLYLINE
  5
611
 100
AcDbEntity
  8
_TOP_SIDE_
 100
AcDb2dPolyline
 66
     1
 10
0.000
 20
0.000
 70
     1
 40
0.000
 41
0.000
  0
VERTEX
  5
612
 100
AcDbEntity
  8
_TOP_SIDE_
 100
AcDbVertex
 100
AcDb2dVertex
 10
20.095
 20
-13.783
 40
0.005
 41
0.005
 42
1.00000
  0
VERTEX
  5
613
 100
AcDbEntity
  8
_TOP_SIDE_
 100
AcDbVertex
 100
AcDb2dVertex
 10
20.095
 20
-13.778
  0
VERTEX
  5
614
 100
AcDbEntity
  8
_TOP_SIDE_
 100
AcDbVertex
 100
AcDb2dVertex
 10
20.095
 20
-13.780
  0
VERTEX
  5
615
 100
AcDbEntity
  8
_TOP_SIDE_
 100
AcDbVertex
 100
AcDb2dVertex
 10
20.095
 20
-13.780
 40
0.010
 41
0.010
  0
VERTEX
  5
616
 100
AcDbEntity
  8
_TOP_SIDE_
 100
AcDbVertex
 100
AcDb2dVertex
 10
18.845
 20
-13.780
 40
0.005
 41
0.005
  0
VERTEX
  5
617
 100
AcDbEntity
  8
_TOP_SIDE_
 100
AcDbVertex
 100
AcDb2dVertex
 10
18.845
 20
-13.778
 40
0.005
 41
0.005
 42
1.00000
  0
VERTEX
  5
618
 100
AcDbEntity
  8
_TOP_SIDE_
 100
AcDbVertex
 100
AcDb2dVertex
 10
18.845
 20
-13.783
  0
VERTEX
  5
619
 100
AcDbEntity
  8
_TOP_SIDE_
 100
AcDbVertex
 100
AcDb2dVertex
 10
18.848
 20
-13.780
 40
0.005
 41
0.005
 42
1.00000
  0
VERTEX
  5
61A
 100
AcDbEntity
  8
_TOP_SIDE_
 100
AcDbVertex
 100
AcDb2dVertex
 10
18.843
 20
-13.780
  0
VERTEX
  5
61B
 100
AcDbEntity
  8
_TOP_SIDE_
 100
AcDbVertex
 100
AcDb2dVertex
 10
18.845
 20
-13.780
  0
VERTEX
  5
61C
 100
AcDbEntity
  8
_TOP_SIDE_
 100
AcDbVertex
 100
AcDb2dVertex
 10
18.845
 20
-13.780
 40
0.010
 41
0.010
  0
VERTEX
  5
61D
 100
AcDbEntity
  8
_TOP_SIDE_
 100
AcDbVertex
 100
AcDb2dVertex
 10
18.845
 20
-15.780
 40
0.005
 41
0.005
  0
VERTEX
  5
61E
 100
AcDbEntity
  8
_TOP_SIDE_
 100
AcDbVertex
 100
AcDb2dVertex
 10
18.843
 20
-15.780
 40
0.005
 41
0.005
 42
1.00000
  0
VERTEX
  5
61F
 100
AcDbEntity
  8
_TOP_SIDE_
 100
AcDbVertex
 100
AcDb2dVertex
 10
18.848
 20
-15.780
  0
VERTEX
  5
620
 100
AcDbEntity
  8
_TOP_SIDE_
 100
AcDbVertex
 100
AcDb2dVertex
 10
18.845
 20
-15.778
 40
0.005
 41
0.005
 42
1.00000
  0
VERTEX
  5
621
 100
AcDbEntity
  8
_TOP_SIDE_
 100
AcDbVertex
 100
AcDb2dVertex
 10
18.845
 20
-15.783
  0
VERTEX
  5
622
 100
AcDbEntity
  8
_TOP_SIDE_
 100
AcDbVertex
 100
AcDb2dVertex
 10
18.845
 20
-15.780
  0
VERTEX
  5
623
 100
AcDbEntity
  8
_TOP_SIDE_
 100
AcDbVertex
 100
AcDb2dVertex
 10
18.845
 20
-15.780
 40
0.010
 41
0.010
  0
VERTEX
  5
624
 100
AcDbEntity
  8
_TOP_SIDE_
 100
AcDbVertex
 100
AcDb2dVertex
 10
20.095
 20
-15.780
 40
0.005
 41
0.005
  0
VERTEX
  5
625
 100
AcDbEntity
  8
_TOP_SIDE_
 100
AcDbVertex
 100
AcDb2dVertex
 10
20.095
 20
-15.783
 40
0.005
 41
0.005
 42
1.00000
  0
VERTEX
  5
626
 100
AcDbEntity
  8
_TOP_SIDE_
 100
AcDbVertex
 100
AcDb2dVertex
 10
20.095
 20
-15.778
  0
VERTEX
  5
627
 100
AcDbEntity
  8
_TOP_SIDE_
 100
AcDbVertex
 100
AcDb2dVertex
 10
20.093
 20
-15.780
 40
0.005
 41
0.005
 42
1.00000
  0
VERTEX
  5
628
 100
AcDbEntity
  8
_TOP_SIDE_
 100
AcDbVertex
 100
AcDb2dVertex
 10
20.098
 20
-15.780
  0
VERTEX
  5
629
 100
AcDbEntity
  8
_TOP_SIDE_
 100
AcDbVertex
 100
AcDb2dVertex
 10
20.095
 20
-15.780
  0
VERTEX
  5
62A
 100
AcDbEntity
  8
_TOP_SIDE_
 100
AcDbVertex
 100
AcDb2dVertex
 10
20.095
 20
-15.780
 40
0.010
 41
0.010
  0
VERTEX
  5
62B
 100
AcDbEntity
  8
_TOP_SIDE_
 100
AcDbVertex
 100
AcDb2dVertex
 10
20.095
 20
-13.780
 40
0.010
 41
0.010
  0
VERTEX
  5
62C
 100
AcDbEntity
  8
_TOP_SIDE_
 100
AcDbVertex
 100
AcDb2dVertex
 10
20.095
 20
-13.780
  0
VERTEX
  5
62D
 100
AcDbEntity
  8
_TOP_SIDE_
 100
AcDbVertex
 100
AcDb2dVertex
 10
20.095
 20
-13.780
 40
0.005
 41
0.005
  0
VERTEX
  5
62E
 100
AcDbEntity
  8
_TOP_SIDE_
 100
AcDbVertex
 100
AcDb2dVertex
 10
20.098
 20
-13.780
 40
0.005
 41
0.005
 42
1.00000
  0
VERTEX
  5
62F
 100
AcDbEntity
  8
_TOP_SIDE_
 100
AcDbVertex
 100
AcDb2dVertex
 10
20.093
 20
-13.780
  0
SEQEND
  5
630
 100
AcDbEntity
  8
_TOP_SIDE_
  0
POLYLINE
  5
631
 100
AcDbEntity
  8
SILKSCREEN_TOP
 100
AcDb2dPolyline
 66
     1
 10
0.000
 20
0.000
 70
     1
 40
0.000
 41
0.000
  0
VERTEX
  5
632
 100
AcDbEntity
  8
SILKSCREEN_TOP
 100
AcDbVertex
 100
AcDb2dVertex
 10
10.855
 20
-17.760
 40
0.102
 41
0.102
 42
1.00000
  0
VERTEX
  5
633
 100
AcDbEntity
  8
SILKSCREEN_TOP
 100
AcDbVertex
 100
AcDb2dVertex
 10
10.957
 20
-17.760
  0
VERTEX
  5
634
 100
AcDbEntity
  8
SILKSCREEN_TOP
 100
AcDbVertex
 100
AcDb2dVertex
 10
10.906
 20
-17.760
  0
VERTEX
  5
635
 100
AcDbEntity
  8
SILKSCREEN_TOP
 100
AcDbVertex
 100
AcDb2dVertex
 10
10.906
 20
-17.760
 40
0.203
 41
0.203
  0
VERTEX
  5
636
 100
AcDbEntity
  8
SILKSCREEN_TOP
 100
AcDbVertex
 100
AcDb2dVertex
 10
10.906
 20
-17.574
 40
0.102
 41
0.102
  0
VERTEX
  5
637
 100
AcDbEntity
  8
SILKSCREEN_TOP
 100
AcDbVertex
 100
AcDb2dVertex
 10
10.957
 20
-17.574
 40
0.102
 41
0.102
 42
1.00000
  0
VERTEX
  5
638
 100
AcDbEntity
  8
SILKSCREEN_TOP
 100
AcDbVertex
 100
AcDb2dVertex
 10
10.855
 20
-17.574
  0
VERTEX
  5
639
 100
AcDbEntity
  8
SILKSCREEN_TOP
 100
AcDbVertex
 100
AcDb2dVertex
 10
10.957
 20
-17.574
 40
0.102
 41
0.102
 42
-1.00000
  0
VERTEX
  5
63A
 100
AcDbEntity
  8
SILKSCREEN_TOP
 100
AcDbVertex
 100
AcDb2dVertex
 10
10.855
 20
-17.574
  0
VERTEX
  5
63B
 100
AcDbEntity
  8
SILKSCREEN_TOP
 100
AcDbVertex
 100
AcDb2dVertex
 10
10.906
 20
-17.574
  0
VERTEX
  5
63C
 100
AcDbEntity
  8
SILKSCREEN_TOP
 100
AcDbVertex
 100
AcDb2dVertex
 10
10.906
 20
-17.574
 40
0.203
 41
0.203
 42
-1.00000
  0
VERTEX
  5
63D
 100
AcDbEntity
  8
SILKSCREEN_TOP
 100
AcDbVertex
 100
AcDb2dVertex
 10
12.938
 20
-17.574
 40
0.102
 41
0.102
  0
VERTEX
  5
63E
 100
AcDbEntity
  8
SILKSCREEN_TOP
 100
AcDbVertex
 100
AcDb2dVertex
 10
12.989
 20
-17.574
 40
0.102
 41
0.102
 42
-1.00000
  0
VERTEX
  5
63F
 100
AcDbEntity
  8
SILKSCREEN_TOP
 100
AcDbVertex
 100
AcDb2dVertex
 10
12.887
 20
-17.574
  0
VERTEX
  5
640
 100
AcDbEntity
  8
SILKSCREEN_TOP
 100
AcDbVertex
 100
AcDb2dVertex
 10
12.989
 20
-17.574
 40
0.102
 41
0.102
 42
1.00000
  0
VERTEX
  5
641
 100
AcDbEntity
  8
SILKSCREEN_TOP
 100
AcDbVertex
 100
AcDb2dVertex
 10
12.887
 20
-17.574
  0
VERTEX
  5
642
 100
AcDbEntity
  8
SILKSCREEN_TOP
 100
AcDbVertex
 100
AcDb2dVertex
 10
12.938
 20
-17.574
  0
VERTEX
  5
643
 100
AcDbEntity
  8
SILKSCREEN_TOP
 100
AcDbVertex
 100
AcDb2dVertex
 10
12.938
 20
-17.574
 40
0.203
 41
0.203
  0
VERTEX
  5
644
 100
AcDbEntity
  8
SILKSCREEN_TOP
 100
AcDbVertex
 100
AcDb2dVertex
 10
12.938
 20
-17.760
 40
0.102
 41
0.102
  0
VERTEX
  5
645
 100
AcDbEntity
  8
SILKSCREEN_TOP
 100
AcDbVertex
 100
AcDb2dVertex
 10
12.887
 20
-17.760
 40
0.102
 41
0.102
 42
1.00000
  0
VERTEX
  5
646
 100
AcDbEntity
  8
SILKSCREEN_TOP
 100
AcDbVertex
 100
AcDb2dVertex
 10
12.989
 20
-17.760
  0
VERTEX
  5
647
 100
AcDbEntity
  8
SILKSCREEN_TOP
 100
AcDbVertex
 100
AcDb2dVertex
 10
12.938
 20
-17.811
 40
0.102
 41
0.102
 42
1.00000
  0
VERTEX
  5
648
 100
AcDbEntity
  8
SILKSCREEN_TOP
 100
AcDbVertex
 100
AcDb2dVertex
 10
12.938
 20
-17.709
  0
VERTEX
  5
649
 100
AcDbEntity
  8
SILKSCREEN_TOP
 100
AcDbVertex
 100
AcDb2dVertex
 10
12.938
 20
-17.760
  0
VERTEX
  5
64A
 100
AcDbEntity
  8
SILKSCREEN_TOP
 100
AcDbVertex
 100
AcDb2dVertex
 10
12.938
 20
-17.760
 40
0.203
 41
0.203
  0
VERTEX
  5
64B
 100
AcDbEntity
  8
SILKSCREEN_TOP
 100
AcDbVertex
 100
AcDb2dVertex
 10
10.906
 20
-17.760
 40
0.203
 41
0.203
  0
VERTEX
  5
64C
 100
AcDbEntity
  8
SILKSCREEN_TOP
 100
AcDbVertex
 100
AcDb2dVertex
 10
10.906
 20
-17.760
  0
VERTEX
  5
64D
 100
AcDbEntity
  8
SILKSCREEN_TOP
 100
AcDbVertex
 100
AcDb2dVertex
 10
10.906
 20
-17.760
 40
0.102
 41
0.102
  0
VERTEX
  5
64E
 100
AcDbEntity
  8
SILKSCREEN_TOP
 100
AcDbVertex
 100
AcDb2dVertex
 10
10.906
 20
-17.709
 40
0.102
 41
0.102
 42
1.00000
  0
VERTEX
  5
64F
 100
AcDbEntity
  8
SILKSCREEN_TOP
 100
AcDbVertex
 100
AcDb2dVertex
 10
10.906
 20
-17.811
  0
SEQEND
  5
650
 100
AcDbEntity
  8
SILKSCREEN_TOP
  0
POLYLINE
  5
651
 100
AcDbEntity
  8
SILKSCREEN_TOP
 100
AcDb2dPolyline
 66
     1
 10
0.000
 20
0.000
 70
     1
 40
0.000
 41
0.000
  0
VERTEX
  5
652
 100
AcDbEntity
  8
SILKSCREEN_TOP
 100
AcDbVertex
 100
AcDb2dVertex
 10
8.549
 20
-17.760
 40
0.102
 41
0.102
 42
1.00000
  0
VERTEX
  5
653
 100
AcDbEntity
  8
SILKSCREEN_TOP
 100
AcDbVertex
 100
AcDb2dVertex
 10
8.651
 20
-17.760
  0
VERTEX
  5
654
 100
AcDbEntity
  8
SILKSCREEN_TOP
 100
AcDbVertex
 100
AcDb2dVertex
 10
8.600
 20
-17.760
  0
VERTEX
  5
655
 100
AcDbEntity
  8
SILKSCREEN_TOP
 100
AcDbVertex
 100
AcDb2dVertex
 10
8.600
 20
-17.760
 40
0.203
 41
0.203
  0
VERTEX
  5
656
 100
AcDbEntity
  8
SILKSCREEN_TOP
 100
AcDbVertex
 100
AcDb2dVertex
 10
8.600
 20
-9.260
 40
0.102
 41
0.102
  0
VERTEX
  5
657
 100
AcDbEntity
  8
SILKSCREEN_TOP
 100
AcDbVertex
 100
AcDb2dVertex
 10
8.651
 20
-9.260
 40
0.102
 41
0.102
 42
1.00000
  0
VERTEX
  5
658
 100
AcDbEntity
  8
SILKSCREEN_TOP
 100
AcDbVertex
 100
AcDb2dVertex
 10
8.549
 20
-9.260
  0
VERTEX
  5
659
 100
AcDbEntity
  8
SILKSCREEN_TOP
 100
AcDbVertex
 100
AcDb2dVertex
 10
8.600
 20
-9.209
 40
0.102
 41
0.102
 42
1.00000
  0
VERTEX
  5
65A
 100
AcDbEntity
  8
SILKSCREEN_TOP
 100
AcDbVertex
 100
AcDb2dVertex
 10
8.600
 20
-9.311
  0
VERTEX
  5
65B
 100
AcDbEntity
  8
SILKSCREEN_TOP
 100
AcDbVertex
 100
AcDb2dVertex
 10
8.600
 20
-9.260
  0
VERTEX
  5
65C
 100
AcDbEntity
  8
SILKSCREEN_TOP
 100
AcDbVertex
 100
AcDb2dVertex
 10
8.600
 20
-9.260
 40
0.203
 41
0.203
  0
VERTEX
  5
65D
 100
AcDbEntity
  8
SILKSCREEN_TOP
 100
AcDbVertex
 100
AcDb2dVertex
 10
15.100
 20
-9.260
 40
0.102
 41
0.102
  0
VERTEX
  5
65E
 100
AcDbEntity
  8
SILKSCREEN_TOP
 100
AcDbVertex
 100
AcDb2dVertex
 10
15.100
 20
-9.311
 40
0.102
 41
0.102
 42
1.00000
  0
VERTEX
  5
65F
 100
AcDbEntity
  8
SILKSCREEN_TOP
 100
AcDbVertex
 100
AcDb2dVertex
 10
15.100
 20
-9.209
  0
VERTEX
  5
660
 100
AcDbEntity
  8
SILKSCREEN_TOP
 100
AcDbVertex
 100
AcDb2dVertex
 10
15.151
 20
-9.260
 40
0.102
 41
0.102
 42
1.00000
  0
VERTEX
  5
661
 100
AcDbEntity
  8
SILKSCREEN_TOP
 100
AcDbVertex
 100
AcDb2dVertex
 10
15.049
 20
-9.260
  0
VERTEX
  5
662
 100
AcDbEntity
  8
SILKSCREEN_TOP
 100
AcDbVertex
 100
AcDb2dVertex
 10
15.100
 20
-9.260
  0
VERTEX
  5
663
 100
AcDbEntity
  8
SILKSCREEN_TOP
 100
AcDbVertex
 100
AcDb2dVertex
 10
15.100
 20
-9.260
 40
0.203
 41
0.203
  0
VERTEX
  5
664
 100
AcDbEntity
  8
SILKSCREEN_TOP
 100
AcDbVertex
 100
AcDb2dVertex
 10
15.100
 20
-17.760
 40
0.102
 41
0.102
  0
VERTEX
  5
665
 100
AcDbEntity
  8
SILKSCREEN_TOP
 100
AcDbVertex
 100
AcDb2dVertex
 10
15.049
 20
-17.760
 40
0.102
 41
0.102
 42
1.00000
  0
VERTEX
  5
666
 100
AcDbEntity
  8
SILKSCREEN_TOP
 100
AcDbVertex
 100
AcDb2dVertex
 10
15.151
 20
-17.760
  0
VERTEX
  5
667
 100
AcDbEntity
  8
SILKSCREEN_TOP
 100
AcDbVertex
 100
AcDb2dVertex
 10
15.100
 20
-17.811
 40
0.102
 41
0.102
 42
1.00000
  0
VERTEX
  5
668
 100
AcDbEntity
  8
SILKSCREEN_TOP
 100
AcDbVertex
 100
AcDb2dVertex
 10
15.100
 20
-17.709
  0
VERTEX
  5
669
 100
AcDbEntity
  8
SILKSCREEN_TOP
 100
AcDbVertex
 100
AcDb2dVertex
 10
15.100
 20
-17.760
  0
VERTEX
  5
66A
 100
AcDbEntity
  8
SILKSCREEN_TOP
 100
AcDbVertex
 100
AcDb2dVertex
 10
15.100
 20
-17.760
 40
0.203
 41
0.203
  0
VERTEX
  5
66B
 100
AcDbEntity
  8
SILKSCREEN_TOP
 100
AcDbVertex
 100
AcDb2dVertex
 10
8.600
 20
-17.760
 40
0.203
 41
0.203
  0
VERTEX
  5
66C
 100
AcDbEntity
  8
SILKSCREEN_TOP
 100
AcDbVertex
 100
AcDb2dVertex
 10
8.600
 20
-17.760
  0
VERTEX
  5
66D
 100
AcDbEntity
  8
SILKSCREEN_TOP
 100
AcDbVertex
 100
AcDb2dVertex
 10
8.600
 20
-17.760
 40
0.102
 41
0.102
  0
VERTEX
  5
66E
 100
AcDbEntity
  8
SILKSCREEN_TOP
 100
AcDbVertex
 100
AcDb2dVertex
 10
8.600
 20
-17.709
 40
0.102
 41
0.102
 42
1.00000
  0
VERTEX
  5
66F
 100
AcDbEntity
  8
SILKSCREEN_TOP
 100
AcDbVertex
 100
AcDb2dVertex
 10
8.600
 20
-17.811
  0
SEQEND
  5
670
 100
AcDbEntity
  8
SILKSCREEN_TOP
  0
POLYLINE
  5
671
 100
AcDbEntity
  8
_TOP_SIDE_
 100
AcDb2dPolyline
 66
     1
 10
0.000
 20
0.000
 70
     1
 40
0.000
 41
0.000
  0
VERTEX
  5
672
 100
AcDbEntity
  8
_TOP_SIDE_
 100
AcDbVertex
 100
AcDb2dVertex
 10
6.537
 20
-17.760
 40
0.025
 41
0.025
 42
1.00000
  0
VERTEX
  5
673
 100
AcDbEntity
  8
_TOP_SIDE_
 100
AcDbVertex
 100
AcDb2dVertex
 10
6.563
 20
-17.760
  0
VERTEX
  5
674
 100
AcDbEntity
  8
_TOP_SIDE_
 100
AcDbVertex
 100
AcDb2dVertex
 10
6.550
 20
-17.760
  0
VERTEX
  5
675
 100
AcDbEntity
  8
_TOP_SIDE_
 100
AcDbVertex
 100
AcDb2dVertex
 10
6.550
 20
-17.760
 40
0.051
 41
0.051
  0
VERTEX
  5
676
 100
AcDbEntity
  8
_TOP_SIDE_
 100
AcDbVertex
 100
AcDb2dVertex
 10
6.550
 20
-9.260
 40
0.025
 41
0.025
  0
VERTEX
  5
677
 100
AcDbEntity
  8
_TOP_SIDE_
 100
AcDbVertex
 100
AcDb2dVertex
 10
6.563
 20
-9.260
 40
0.025
 41
0.025
 42
1.00000
  0
VERTEX
  5
678
 100
AcDbEntity
  8
_TOP_SIDE_
 100
AcDbVertex
 100
AcDb2dVertex
 10
6.537
 20
-9.260
  0
VERTEX
  5
679
 100
AcDbEntity
  8
_TOP_SIDE_
 100
AcDbVertex
 100
AcDb2dVertex
 10
6.550
 20
-9.247
 40
0.025
 41
0.025
 42
1.00000
  0
VERTEX
  5
67A
 100
AcDbEntity
  8
_TOP_SIDE_
 100
AcDbVertex
 100
AcDb2dVertex
 10
6.550
 20
-9.273
  0
VERTEX
  5
67B
 100
AcDbEntity
  8
_TOP_SIDE_
 100
AcDbVertex
 100
AcDb2dVertex
 10
6.550
 20
-9.260
  0
VERTEX
  5
67C
 100
AcDbEntity
  8
_TOP_SIDE_
 100
AcDbVertex
 100
AcDb2dVertex
 10
6.550
 20
-9.260
 40
0.051
 41
0.051
  0
VERTEX
  5
67D
 100
AcDbEntity
  8
_TOP_SIDE_
 100
AcDbVertex
 100
AcDb2dVertex
 10
17.150
 20
-9.260
 40
0.025
 41
0.025
  0
VERTEX
  5
67E
 100
AcDbEntity
  8
_TOP_SIDE_
 100
AcDbVertex
 100
AcDb2dVertex
 10
17.150
 20
-9.273
 40
0.025
 41
0.025
 42
1.00000
  0
VERTEX
  5
67F
 100
AcDbEntity
  8
_TOP_SIDE_
 100
AcDbVertex
 100
AcDb2dVertex
 10
17.150
 20
-9.247
  0
VERTEX
  5
680
 100
AcDbEntity
  8
_TOP_SIDE_
 100
AcDbVertex
 100
AcDb2dVertex
 10
17.163
 20
-9.260
 40
0.025
 41
0.025
 42
1.00000
  0
VERTEX
  5
681
 100
AcDbEntity
  8
_TOP_SIDE_
 100
AcDbVertex
 100
AcDb2dVertex
 10
17.137
 20
-9.260
  0
VERTEX
  5
682
 100
AcDbEntity
  8
_TOP_SIDE_
 100
AcDbVertex
 100
AcDb2dVertex
 10
17.150
 20
-9.260
  0
VERTEX
  5
683
 100
AcDbEntity
  8
_TOP_SIDE_
 100
AcDbVertex
 100
AcDb2dVertex
 10
17.150
 20
-9.260
 40
0.051
 41
0.051
  0
VERTEX
  5
684
 100
AcDbEntity
  8
_TOP_SIDE_
 100
AcDbVertex
 100
AcDb2dVertex
 10
17.150
 20
-17.760
 40
0.025
 41
0.025
  0
VERTEX
  5
685
 100
AcDbEntity
  8
_TOP_SIDE_
 100
AcDbVertex
 100
AcDb2dVertex
 10
17.137
 20
-17.760
 40
0.025
 41
0.025
 42
1.00000
  0
VERTEX
  5
686
 100
AcDbEntity
  8
_TOP_SIDE_
 100
AcDbVertex
 100
AcDb2dVertex
 10
17.163
 20
-17.760
  0
VERTEX
  5
687
 100
AcDbEntity
  8
_TOP_SIDE_
 100
AcDbVertex
 100
AcDb2dVertex
 10
17.150
 20
-17.773
 40
0.025
 41
0.025
 42
1.00000
  0
VERTEX
  5
688
 100
AcDbEntity
  8
_TOP_SIDE_
 100
AcDbVertex
 100
AcDb2dVertex
 10
17.150
 20
-17.747
  0
VERTEX
  5
689
 100
AcDbEntity
  8
_TOP_SIDE_
 100
AcDbVertex
 100
AcDb2dVertex
 10
17.150
 20
-17.760
  0
VERTEX
  5
68A
 100
AcDbEntity
  8
_TOP_SIDE_
 100
AcDbVertex
 100
AcDb2dVertex
 10
17.150
 20
-17.760
 40
0.051
 41
0.051
  0
VERTEX
  5
68B
 100
AcDbEntity
  8
_TOP_SIDE_
 100
AcDbVertex
 100
AcDb2dVertex
 10
6.550
 20
-17.760
 40
0.051
 41
0.051
  0
VERTEX
  5
68C
 100
AcDbEntity
  8
_TOP_SIDE_
 100
AcDbVertex
 100
AcDb2dVertex
 10
6.550
 20
-17.760
  0
VERTEX
  5
68D
 100
AcDbEntity
  8
_TOP_SIDE_
 100
AcDbVertex
 100
AcDb2dVertex
 10
6.550
 20
-17.760
 40
0.025
 41
0.025
  0
VERTEX
  5
68E
 100
AcDbEntity
  8
_TOP_SIDE_
 100
AcDbVertex
 100
AcDb2dVertex
 10
6.550
 20
-17.747
 40
0.025
 41
0.025
 42
1.00000
  0
VERTEX
  5
68F
 100
AcDbEntity
  8
_TOP_SIDE_
 100
AcDbVertex
 100
AcDb2dVertex
 10
6.550
 20
-17.773
  0
SEQEND
  5
690
 100
AcDbEntity
  8
_TOP_SIDE_
  0
POLYLINE
  5
691
 100
AcDbEntity
  8
SILKSCREEN_TOP
 100
AcDb2dPolyline
 66
     1
 10
0.000
 20
0.000
 40
0.000
 41
0.000
  0
VERTEX
  5
692
 100
AcDbEntity
  8
SILKSCREEN_TOP
 100
AcDbVertex
 100
AcDb2dVertex
 10
-0.350
 20
19.570
 40
0.100
 41
0.100
 42
1.00000
  0
VERTEX
  5
693
 100
AcDbEntity
  8
SILKSCREEN_TOP
 100
AcDbVertex
 100
AcDb2dVertex
 10
-0.350
 20
19.470
  0
VERTEX
  5
694
 100
AcDbEntity
  8
SILKSCREEN_TOP
 100
AcDbVertex
 100
AcDb2dVertex
 10
-0.350
 20
19.520
  0
VERTEX
  5
695
 100
AcDbEntity
  8
SILKSCREEN_TOP
 100
AcDbVertex
 100
AcDb2dVertex
 10
-0.350
 20
19.520
 40
0.200
 41
0.200
  0
VERTEX
  5
696
 100
AcDbEntity
  8
SILKSCREEN_TOP
 100
AcDbVertex
 100
AcDb2dVertex
 10
0.350
 20
19.520
 40
0.200
 41
0.200
  0
VERTEX
  5
697
 100
AcDbEntity
  8
SILKSCREEN_TOP
 100
AcDbVertex
 100
AcDb2dVertex
 10
0.350
 20
19.520
  0
VERTEX
  5
698
 100
AcDbEntity
  8
SILKSCREEN_TOP
 100
AcDbVertex
 100
AcDb2dVertex
 10
0.350
 20
19.520
 40
0.100
 41
0.100
  0
VERTEX
  5
699
 100
AcDbEntity
  8
SILKSCREEN_TOP
 100
AcDbVertex
 100
AcDb2dVertex
 10
0.350
 20
19.470
 40
0.100
 41
0.100
 42
1.00000
  0
VERTEX
  5
69A
 100
AcDbEntity
  8
SILKSCREEN_TOP
 100
AcDbVertex
 100
AcDb2dVertex
 10
0.350
 20
19.570
  0
SEQEND
  5
69B
 100
AcDbEntity
  8
SILKSCREEN_TOP
  0
POLYLINE
  5
69C
 100
AcDbEntity
  8
SILKSCREEN_TOP
 100
AcDb2dPolyline
 66
     1
 10
0.000
 20
0.000
 40
0.000
 41
0.000
  0
VERTEX
  5
69D
 100
AcDbEntity
  8
SILKSCREEN_TOP
 100
AcDbVertex
 100
AcDb2dVertex
 10
-0.350
 20
20.820
 40
0.100
 41
0.100
 42
1.00000
  0
VERTEX
  5
69E
 100
AcDbEntity
  8
SILKSCREEN_TOP
 100
AcDbVertex
 100
AcDb2dVertex
 10
-0.350
 20
20.720
  0
VERTEX
  5
69F
 100
AcDbEntity
  8
SILKSCREEN_TOP
 100
AcDbVertex
 100
AcDb2dVertex
 10
-0.350
 20
20.770
  0
VERTEX
  5
6A0
 100
AcDbEntity
  8
SILKSCREEN_TOP
 100
AcDbVertex
 100
AcDb2dVertex
 10
-0.350
 20
20.770
 40
0.200
 41
0.200
  0
VERTEX
  5
6A1
 100
AcDbEntity
  8
SILKSCREEN_TOP
 100
AcDbVertex
 100
AcDb2dVertex
 10
0.350
 20
20.770
 40
0.200
 41
0.200
  0
VERTEX
  5
6A2
 100
AcDbEntity
  8
SILKSCREEN_TOP
 100
AcDbVertex
 100
AcDb2dVertex
 10
0.350
 20
20.770
  0
VERTEX
  5
6A3
 100
AcDbEntity
  8
SILKSCREEN_TOP
 100
AcDbVertex
 100
AcDb2dVertex
 10
0.350
 20
20.770
 40
0.100
 41
0.100
  0
VERTEX
  5
6A4
 100
AcDbEntity
  8
SILKSCREEN_TOP
 100
AcDbVertex
 100
AcDb2dVertex
 10
0.350
 20
20.720
 40
0.100
 41
0.100
 42
1.00000
  0
VERTEX
  5
6A5
 100
AcDbEntity
  8
SILKSCREEN_TOP
 100
AcDbVertex
 100
AcDb2dVertex
 10
0.350
 20
20.820
  0
SEQEND
  5
6A6
 100
AcDbEntity
  8
SILKSCREEN_TOP
  0
POLYLINE
  5
6A7
 100
AcDbEntity
  8
_TOP_SIDE_
 100
AcDb2dPolyline
 66
     1
 10
0.000
 20
0.000
 70
     1
 40
0.000
 41
0.000
  0
VERTEX
  5
6A8
 100
AcDbEntity
  8
_TOP_SIDE_
 100
AcDbVertex
 100
AcDb2dVertex
 10
-0.998
 20
20.770
 40
0.005
 41
0.005
 42
1.00000
  0
VERTEX
  5
6A9
 100
AcDbEntity
  8
_TOP_SIDE_
 100
AcDbVertex
 100
AcDb2dVertex
 10
-1.003
 20
20.770
  0
VERTEX
  5
6AA
 100
AcDbEntity
  8
_TOP_SIDE_
 100
AcDbVertex
 100
AcDb2dVertex
 10
-1.000
 20
20.770
  0
VERTEX
  5
6AB
 100
AcDbEntity
  8
_TOP_SIDE_
 100
AcDbVertex
 100
AcDb2dVertex
 10
-1.000
 20
20.770
 40
0.010
 41
0.010
  0
VERTEX
  5
6AC
 100
AcDbEntity
  8
_TOP_SIDE_
 100
AcDbVertex
 100
AcDb2dVertex
 10
-1.000
 20
19.520
 40
0.005
 41
0.005
  0
VERTEX
  5
6AD
 100
AcDbEntity
  8
_TOP_SIDE_
 100
AcDbVertex
 100
AcDb2dVertex
 10
-1.003
 20
19.520
 40
0.005
 41
0.005
 42
1.00000
  0
VERTEX
  5
6AE
 100
AcDbEntity
  8
_TOP_SIDE_
 100
AcDbVertex
 100
AcDb2dVertex
 10
-0.998
 20
19.520
  0
VERTEX
  5
6AF
 100
AcDbEntity
  8
_TOP_SIDE_
 100
AcDbVertex
 100
AcDb2dVertex
 10
-1.000
 20
19.523
 40
0.005
 41
0.005
 42
1.00000
  0
VERTEX
  5
6B0
 100
AcDbEntity
  8
_TOP_SIDE_
 100
AcDbVertex
 100
AcDb2dVertex
 10
-1.000
 20
19.518
  0
VERTEX
  5
6B1
 100
AcDbEntity
  8
_TOP_SIDE_
 100
AcDbVertex
 100
AcDb2dVertex
 10
-1.000
 20
19.520
  0
VERTEX
  5
6B2
 100
AcDbEntity
  8
_TOP_SIDE_
 100
AcDbVertex
 100
AcDb2dVertex
 10
-1.000
 20
19.520
 40
0.010
 41
0.010
  0
VERTEX
  5
6B3
 100
AcDbEntity
  8
_TOP_SIDE_
 100
AcDbVertex
 100
AcDb2dVertex
 10
1.000
 20
19.520
 40
0.005
 41
0.005
  0
VERTEX
  5
6B4
 100
AcDbEntity
  8
_TOP_SIDE_
 100
AcDbVertex
 100
AcDb2dVertex
 10
1.000
 20
19.518
 40
0.005
 41
0.005
 42
1.00000
  0
VERTEX
  5
6B5
 100
AcDbEntity
  8
_TOP_SIDE_
 100
AcDbVertex
 100
AcDb2dVertex
 10
1.000
 20
19.523
  0
VERTEX
  5
6B6
 100
AcDbEntity
  8
_TOP_SIDE_
 100
AcDbVertex
 100
AcDb2dVertex
 10
0.998
 20
19.520
 40
0.005
 41
0.005
 42
1.00000
  0
VERTEX
  5
6B7
 100
AcDbEntity
  8
_TOP_SIDE_
 100
AcDbVertex
 100
AcDb2dVertex
 10
1.003
 20
19.520
  0
VERTEX
  5
6B8
 100
AcDbEntity
  8
_TOP_SIDE_
 100
AcDbVertex
 100
AcDb2dVertex
 10
1.000
 20
19.520
  0
VERTEX
  5
6B9
 100
AcDbEntity
  8
_TOP_SIDE_
 100
AcDbVertex
 100
AcDb2dVertex
 10
1.000
 20
19.520
 40
0.010
 41
0.010
  0
VERTEX
  5
6BA
 100
AcDbEntity
  8
_TOP_SIDE_
 100
AcDbVertex
 100
AcDb2dVertex
 10
1.000
 20
20.770
 40
0.005
 41
0.005
  0
VERTEX
  5
6BB
 100
AcDbEntity
  8
_TOP_SIDE_
 100
AcDbVertex
 100
AcDb2dVertex
 10
1.003
 20
20.770
 40
0.005
 41
0.005
 42
1.00000
  0
VERTEX
  5
6BC
 100
AcDbEntity
  8
_TOP_SIDE_
 100
AcDbVertex
 100
AcDb2dVertex
 10
0.998
 20
20.770
  0
VERTEX
  5
6BD
 100
AcDbEntity
  8
_TOP_SIDE_
 100
AcDbVertex
 100
AcDb2dVertex
 10
1.000
 20
20.768
 40
0.005
 41
0.005
 42
1.00000
  0
VERTEX
  5
6BE
 100
AcDbEntity
  8
_TOP_SIDE_
 100
AcDbVertex
 100
AcDb2dVertex
 10
1.000
 20
20.773
  0
VERTEX
  5
6BF
 100
AcDbEntity
  8
_TOP_SIDE_
 100
AcDbVertex
 100
AcDb2dVertex
 10
1.000
 20
20.770
  0
VERTEX
  5
6C0
 100
AcDbEntity
  8
_TOP_SIDE_
 100
AcDbVertex
 100
AcDb2dVertex
 10
1.000
 20
20.770
 40
0.010
 41
0.010
  0
VERTEX
  5
6C1
 100
AcDbEntity
  8
_TOP_SIDE_
 100
AcDbVertex
 100
AcDb2dVertex
 10
-1.000
 20
20.770
 40
0.010
 41
0.010
  0
VERTEX
  5
6C2
 100
AcDbEntity
  8
_TOP_SIDE_
 100
AcDbVertex
 100
AcDb2dVertex
 10
-1.000
 20
20.770
  0
VERTEX
  5
6C3
 100
AcDbEntity
  8
_TOP_SIDE_
 100
AcDbVertex
 100
AcDb2dVertex
 10
-1.000
 20
20.770
 40
0.005
 41
0.005
  0
VERTEX
  5
6C4
 100
AcDbEntity
  8
_TOP_SIDE_
 100
AcDbVertex
 100
AcDb2dVertex
 10
-1.000
 20
20.773
 40
0.005
 41
0.005
 42
1.00000
  0
VERTEX
  5
6C5
 100
AcDbEntity
  8
_TOP_SIDE_
 100
AcDbVertex
 100
AcDb2dVertex
 10
-1.000
 20
20.768
  0
SEQEND
  5
6C6
 100
AcDbEntity
  8
_TOP_SIDE_
  0
POLYLINE
  5
6C7
 100
AcDbEntity
  8
SILKSCREEN_TOP
 100
AcDb2dPolyline
 66
     1
 10
0.000
 20
0.000
 70
     1
 40
0.000
 41
0.000
  0
VERTEX
  5
6C8
 100
AcDbEntity
  8
SILKSCREEN_TOP
 100
AcDbVertex
 100
AcDb2dVertex
 10
-1.310
 20
25.550
 40
0.100
 41
0.100
 42
1.00000
  0
VERTEX
  5
6C9
 100
AcDbEntity
  8
SILKSCREEN_TOP
 100
AcDbVertex
 100
AcDb2dVertex
 10
-1.310
 20
25.650
  0
VERTEX
  5
6CA
 100
AcDbEntity
  8
SILKSCREEN_TOP
 100
AcDbVertex
 100
AcDb2dVertex
 10
-1.310
 20
25.600
  0
VERTEX
  5
6CB
 100
AcDbEntity
  8
SILKSCREEN_TOP
 100
AcDbVertex
 100
AcDb2dVertex
 10
-1.310
 20
25.600
 40
0.200
 41
0.200
 42
1.00000
  0
VERTEX
  5
6CC
 100
AcDbEntity
  8
SILKSCREEN_TOP
 100
AcDbVertex
 100
AcDb2dVertex
 10
-1.310
 20
25.100
 40
0.100
 41
0.100
  0
VERTEX
  5
6CD
 100
AcDbEntity
  8
SILKSCREEN_TOP
 100
AcDbVertex
 100
AcDb2dVertex
 10
-1.310
 20
25.050
 40
0.100
 41
0.100
 42
1.00000
  0
VERTEX
  5
6CE
 100
AcDbEntity
  8
SILKSCREEN_TOP
 100
AcDbVertex
 100
AcDb2dVertex
 10
-1.310
 20
25.150
  0
VERTEX
  5
6CF
 100
AcDbEntity
  8
SILKSCREEN_TOP
 100
AcDbVertex
 100
AcDb2dVertex
 10
-1.310
 20
25.150
 40
0.100
 41
0.100
 42
1.00000
  0
VERTEX
  5
6D0
 100
AcDbEntity
  8
SILKSCREEN_TOP
 100
AcDbVertex
 100
AcDb2dVertex
 10
-1.310
 20
25.050
  0
VERTEX
  5
6D1
 100
AcDbEntity
  8
SILKSCREEN_TOP
 100
AcDbVertex
 100
AcDb2dVertex
 10
-1.310
 20
25.100
  0
VERTEX
  5
6D2
 100
AcDbEntity
  8
SILKSCREEN_TOP
 100
AcDbVertex
 100
AcDb2dVertex
 10
-1.310
 20
25.100
 40
0.200
 41
0.200
 42
1.00000
  0
VERTEX
  5
6D3
 100
AcDbEntity
  8
SILKSCREEN_TOP
 100
AcDbVertex
 100
AcDb2dVertex
 10
-1.310
 20
25.600
 40
0.200
 41
0.200
  0
VERTEX
  5
6D4
 100
AcDbEntity
  8
SILKSCREEN_TOP
 100
AcDbVertex
 100
AcDb2dVertex
 10
-1.310
 20
25.600
  0
VERTEX
  5
6D5
 100
AcDbEntity
  8
SILKSCREEN_TOP
 100
AcDbVertex
 100
AcDb2dVertex
 10
-1.310
 20
25.600
 40
0.100
 41
0.100
  0
VERTEX
  5
6D6
 100
AcDbEntity
  8
SILKSCREEN_TOP
 100
AcDbVertex
 100
AcDb2dVertex
 10
-1.310
 20
25.650
 40
0.100
 41
0.100
 42
1.00000
  0
VERTEX
  5
6D7
 100
AcDbEntity
  8
SILKSCREEN_TOP
 100
AcDbVertex
 100
AcDb2dVertex
 10
-1.310
 20
25.550
  0
SEQEND
  5
6D8
 100
AcDbEntity
  8
SILKSCREEN_TOP
  0
POLYLINE
  5
6D9
 100
AcDbEntity
  8
SILKSCREEN_TOP
 100
AcDb2dPolyline
 66
     1
 10
0.000
 20
0.000
 40
0.000
 41
0.000
  0
VERTEX
  5
6DA
 100
AcDbEntity
  8
SILKSCREEN_TOP
 100
AcDbVertex
 100
AcDb2dVertex
 10
-1.510
 20
25.250
 40
0.100
 41
0.100
 42
1.00000
  0
VERTEX
  5
6DB
 100
AcDbEntity
  8
SILKSCREEN_TOP
 100
AcDbVertex
 100
AcDb2dVertex
 10
-1.510
 20
25.150
  0
VERTEX
  5
6DC
 100
AcDbEntity
  8
SILKSCREEN_TOP
 100
AcDbVertex
 100
AcDb2dVertex
 10
-1.510
 20
25.200
  0
VERTEX
  5
6DD
 100
AcDbEntity
  8
SILKSCREEN_TOP
 100
AcDbVertex
 100
AcDb2dVertex
 10
-1.510
 20
25.200
 40
0.200
 41
0.200
  0
VERTEX
  5
6DE
 100
AcDbEntity
  8
SILKSCREEN_TOP
 100
AcDbVertex
 100
AcDb2dVertex
 10
-1.110
 20
25.200
 40
0.200
 41
0.200
  0
VERTEX
  5
6DF
 100
AcDbEntity
  8
SILKSCREEN_TOP
 100
AcDbVertex
 100
AcDb2dVertex
 10
-1.110
 20
25.200
  0
VERTEX
  5
6E0
 100
AcDbEntity
  8
SILKSCREEN_TOP
 100
AcDbVertex
 100
AcDb2dVertex
 10
-1.110
 20
25.200
 40
0.100
 41
0.100
  0
VERTEX
  5
6E1
 100
AcDbEntity
  8
SILKSCREEN_TOP
 100
AcDbVertex
 100
AcDb2dVertex
 10
-1.110
 20
25.150
 40
0.100
 41
0.100
 42
1.00000
  0
VERTEX
  5
6E2
 100
AcDbEntity
  8
SILKSCREEN_TOP
 100
AcDbVertex
 100
AcDb2dVertex
 10
-1.110
 20
25.250
  0
SEQEND
  5
6E3
 100
AcDbEntity
  8
SILKSCREEN_TOP
  0
POLYLINE
  5
6E4
 100
AcDbEntity
  8
SILKSCREEN_TOP
 100
AcDb2dPolyline
 66
     1
 10
0.000
 20
0.000
 40
0.000
 41
0.000
  0
VERTEX
  5
6E5
 100
AcDbEntity
  8
SILKSCREEN_TOP
 100
AcDbVertex
 100
AcDb2dVertex
 10
-1.555
 20
25.450
 40
0.100
 41
0.100
 42
1.00000
  0
VERTEX
  5
6E6
 100
AcDbEntity
  8
SILKSCREEN_TOP
 100
AcDbVertex
 100
AcDb2dVertex
 10
-1.555
 20
25.350
  0
VERTEX
  5
6E7
 100
AcDbEntity
  8
SILKSCREEN_TOP
 100
AcDbVertex
 100
AcDb2dVertex
 10
-1.555
 20
25.400
  0
VERTEX
  5
6E8
 100
AcDbEntity
  8
SILKSCREEN_TOP
 100
AcDbVertex
 100
AcDb2dVertex
 10
-1.555
 20
25.400
 40
0.200
 41
0.200
  0
VERTEX
  5
6E9
 100
AcDbEntity
  8
SILKSCREEN_TOP
 100
AcDbVertex
 100
AcDb2dVertex
 10
-1.065
 20
25.400
 40
0.200
 41
0.200
  0
VERTEX
  5
6EA
 100
AcDbEntity
  8
SILKSCREEN_TOP
 100
AcDbVertex
 100
AcDb2dVertex
 10
-1.065
 20
25.400
  0
VERTEX
  5
6EB
 100
AcDbEntity
  8
SILKSCREEN_TOP
 100
AcDbVertex
 100
AcDb2dVertex
 10
-1.065
 20
25.400
 40
0.100
 41
0.100
  0
VERTEX
  5
6EC
 100
AcDbEntity
  8
SILKSCREEN_TOP
 100
AcDbVertex
 100
AcDb2dVertex
 10
-1.065
 20
25.350
 40
0.100
 41
0.100
 42
1.00000
  0
VERTEX
  5
6ED
 100
AcDbEntity
  8
SILKSCREEN_TOP
 100
AcDbVertex
 100
AcDb2dVertex
 10
-1.065
 20
25.450
  0
SEQEND
  5
6EE
 100
AcDbEntity
  8
SILKSCREEN_TOP
  0
POLYLINE
  5
6EF
 100
AcDbEntity
  8
SILKSCREEN_TOP
 100
AcDb2dPolyline
 66
     1
 10
0.000
 20
0.000
 70
     1
 40
0.000
 41
0.000
  0
VERTEX
  5
6F0
 100
AcDbEntity
  8
SILKSCREEN_TOP
 100
AcDbVertex
 100
AcDb2dVertex
 10
0.000
 20
25.050
 40
0.100
 41
0.100
 42
1.00000
  0
VERTEX
  5
6F1
 100
AcDbEntity
  8
SILKSCREEN_TOP
 100
AcDbVertex
 100
AcDb2dVertex
 10
0.000
 20
24.950
  0
VERTEX
  5
6F2
 100
AcDbEntity
  8
SILKSCREEN_TOP
 100
AcDbVertex
 100
AcDb2dVertex
 10
0.000
 20
25.000
  0
VERTEX
  5
6F3
 100
AcDbEntity
  8
SILKSCREEN_TOP
 100
AcDbVertex
 100
AcDb2dVertex
 10
0.000
 20
25.000
 40
0.200
 41
0.200
  0
VERTEX
  5
6F4
 100
AcDbEntity
  8
SILKSCREEN_TOP
 100
AcDbVertex
 100
AcDb2dVertex
 10
0.500
 20
25.000
 40
0.100
 41
0.100
  0
VERTEX
  5
6F5
 100
AcDbEntity
  8
SILKSCREEN_TOP
 100
AcDbVertex
 100
AcDb2dVertex
 10
0.500
 20
24.950
 40
0.100
 41
0.100
 42
1.00000
  0
VERTEX
  5
6F6
 100
AcDbEntity
  8
SILKSCREEN_TOP
 100
AcDbVertex
 100
AcDb2dVertex
 10
0.500
 20
25.050
  0
VERTEX
  5
6F7
 100
AcDbEntity
  8
SILKSCREEN_TOP
 100
AcDbVertex
 100
AcDb2dVertex
 10
0.550
 20
25.000
 40
0.100
 41
0.100
 42
1.00000
  0
VERTEX
  5
6F8
 100
AcDbEntity
  8
SILKSCREEN_TOP
 100
AcDbVertex
 100
AcDb2dVertex
 10
0.450
 20
25.000
  0
VERTEX
  5
6F9
 100
AcDbEntity
  8
SILKSCREEN_TOP
 100
AcDbVertex
 100
AcDb2dVertex
 10
0.500
 20
25.000
  0
VERTEX
  5
6FA
 100
AcDbEntity
  8
SILKSCREEN_TOP
 100
AcDbVertex
 100
AcDb2dVertex
 10
0.500
 20
25.000
 40
0.200
 41
0.200
  0
VERTEX
  5
6FB
 100
AcDbEntity
  8
SILKSCREEN_TOP
 100
AcDbVertex
 100
AcDb2dVertex
 10
0.500
 20
22.100
 40
0.100
 41
0.100
  0
VERTEX
  5
6FC
 100
AcDbEntity
  8
SILKSCREEN_TOP
 100
AcDbVertex
 100
AcDb2dVertex
 10
0.450
 20
22.100
 40
0.100
 41
0.100
 42
1.00000
  0
VERTEX
  5
6FD
 100
AcDbEntity
  8
SILKSCREEN_TOP
 100
AcDbVertex
 100
AcDb2dVertex
 10
0.550
 20
22.100
  0
VERTEX
  5
6FE
 100
AcDbEntity
  8
SILKSCREEN_TOP
 100
AcDbVertex
 100
AcDb2dVertex
 10
0.500
 20
22.050
 40
0.100
 41
0.100
 42
1.00000
  0
VERTEX
  5
6FF
 100
AcDbEntity
  8
SILKSCREEN_TOP
 100
AcDbVertex
 100
AcDb2dVertex
 10
0.500
 20
22.150
  0
VERTEX
  5
700
 100
AcDbEntity
  8
SILKSCREEN_TOP
 100
AcDbVertex
 100
AcDb2dVertex
 10
0.500
 20
22.100
  0
VERTEX
  5
701
 100
AcDbEntity
  8
SILKSCREEN_TOP
 100
AcDbVertex
 100
AcDb2dVertex
 10
0.500
 20
22.100
 40
0.200
 41
0.200
  0
VERTEX
  5
702
 100
AcDbEntity
  8
SILKSCREEN_TOP
 100
AcDbVertex
 100
AcDb2dVertex
 10
-0.500
 20
22.100
 40
0.100
 41
0.100
  0
VERTEX
  5
703
 100
AcDbEntity
  8
SILKSCREEN_TOP
 100
AcDbVertex
 100
AcDb2dVertex
 10
-0.500
 20
22.150
 40
0.100
 41
0.100
 42
1.00000
  0
VERTEX
  5
704
 100
AcDbEntity
  8
SILKSCREEN_TOP
 100
AcDbVertex
 100
AcDb2dVertex
 10
-0.500
 20
22.050
  0
VERTEX
  5
705
 100
AcDbEntity
  8
SILKSCREEN_TOP
 100
AcDbVertex
 100
AcDb2dVertex
 10
-0.550
 20
22.100
 40
0.100
 41
0.100
 42
1.00000
  0
VERTEX
  5
706
 100
AcDbEntity
  8
SILKSCREEN_TOP
 100
AcDbVertex
 100
AcDb2dVertex
 10
-0.450
 20
22.100
  0
VERTEX
  5
707
 100
AcDbEntity
  8
SILKSCREEN_TOP
 100
AcDbVertex
 100
AcDb2dVertex
 10
-0.500
 20
22.100
  0
VERTEX
  5
708
 100
AcDbEntity
  8
SILKSCREEN_TOP
 100
AcDbVertex
 100
AcDb2dVertex
 10
-0.500
 20
22.100
 40
0.200
 41
0.200
  0
VERTEX
  5
709
 100
AcDbEntity
  8
SILKSCREEN_TOP
 100
AcDbVertex
 100
AcDb2dVertex
 10
-0.500
 20
24.500
 40
0.100
 41
0.100
  0
VERTEX
  5
70A
 100
AcDbEntity
  8
SILKSCREEN_TOP
 100
AcDbVertex
 100
AcDb2dVertex
 10
-0.450
 20
24.500
 40
0.100
 41
0.100
 42
1.00000
  0
VERTEX
  5
70B
 100
AcDbEntity
  8
SILKSCREEN_TOP
 100
AcDbVertex
 100
AcDb2dVertex
 10
-0.550
 20
24.500
  0
VERTEX
  5
70C
 100
AcDbEntity
  8
SILKSCREEN_TOP
 100
AcDbVertex
 100
AcDb2dVertex
 10
-0.535
 20
24.535
 40
0.100
 41
0.100
 42
1.00000
  0
VERTEX
  5
70D
 100
AcDbEntity
  8
SILKSCREEN_TOP
 100
AcDbVertex
 100
AcDb2dVertex
 10
-0.465
 20
24.465
  0
VERTEX
  5
70E
 100
AcDbEntity
  8
SILKSCREEN_TOP
 100
AcDbVertex
 100
AcDb2dVertex
 10
-0.500
 20
24.500
  0
VERTEX
  5
70F
 100
AcDbEntity
  8
SILKSCREEN_TOP
 100
AcDbVertex
 100
AcDb2dVertex
 10
-0.500
 20
24.500
 40
0.200
 41
0.200
  0
VERTEX
  5
710
 100
AcDbEntity
  8
SILKSCREEN_TOP
 100
AcDbVertex
 100
AcDb2dVertex
 10
0.000
 20
25.000
 40
0.200
 41
0.200
  0
VERTEX
  5
711
 100
AcDbEntity
  8
SILKSCREEN_TOP
 100
AcDbVertex
 100
AcDb2dVertex
 10
0.000
 20
25.000
  0
VERTEX
  5
712
 100
AcDbEntity
  8
SILKSCREEN_TOP
 100
AcDbVertex
 100
AcDb2dVertex
 10
0.000
 20
25.000
 40
0.100
 41
0.100
  0
VERTEX
  5
713
 100
AcDbEntity
  8
SILKSCREEN_TOP
 100
AcDbVertex
 100
AcDb2dVertex
 10
0.035
 20
24.965
 40
0.100
 41
0.100
 42
1.00000
  0
VERTEX
  5
714
 100
AcDbEntity
  8
SILKSCREEN_TOP
 100
AcDbVertex
 100
AcDb2dVertex
 10
-0.035
 20
25.035
  0
SEQEND
  5
715
 100
AcDbEntity
  8
SILKSCREEN_TOP
  0
POLYLINE
  5
716
 100
AcDbEntity
  8
SILKSCREEN_TOP
 100
AcDb2dPolyline
 66
     1
 10
0.000
 20
0.000
 40
0.000
 41
0.000
  0
VERTEX
  5
717
 100
AcDbEntity
  8
SILKSCREEN_TOP
 100
AcDbVertex
 100
AcDb2dVertex
 10
-0.500
 20
22.250
 40
0.100
 41
0.100
 42
1.00000
  0
VERTEX
  5
718
 100
AcDbEntity
  8
SILKSCREEN_TOP
 100
AcDbVertex
 100
AcDb2dVertex
 10
-0.500
 20
22.150
  0
VERTEX
  5
719
 100
AcDbEntity
  8
SILKSCREEN_TOP
 100
AcDbVertex
 100
AcDb2dVertex
 10
-0.500
 20
22.200
  0
VERTEX
  5
71A
 100
AcDbEntity
  8
SILKSCREEN_TOP
 100
AcDbVertex
 100
AcDb2dVertex
 10
-0.500
 20
22.200
 40
0.200
 41
0.200
  0
VERTEX
  5
71B
 100
AcDbEntity
  8
SILKSCREEN_TOP
 100
AcDbVertex
 100
AcDb2dVertex
 10
0.500
 20
22.200
 40
0.200
 41
0.200
  0
VERTEX
  5
71C
 100
AcDbEntity
  8
SILKSCREEN_TOP
 100
AcDbVertex
 100
AcDb2dVertex
 10
0.500
 20
22.200
  0
VERTEX
  5
71D
 100
AcDbEntity
  8
SILKSCREEN_TOP
 100
AcDbVertex
 100
AcDb2dVertex
 10
0.500
 20
22.200
 40
0.100
 41
0.100
  0
VERTEX
  5
71E
 100
AcDbEntity
  8
SILKSCREEN_TOP
 100
AcDbVertex
 100
AcDb2dVertex
 10
0.500
 20
22.150
 40
0.100
 41
0.100
 42
1.00000
  0
VERTEX
  5
71F
 100
AcDbEntity
  8
SILKSCREEN_TOP
 100
AcDbVertex
 100
AcDb2dVertex
 10
0.500
 20
22.250
  0
SEQEND
  5
720
 100
AcDbEntity
  8
SILKSCREEN_TOP
  0
POLYLINE
  5
721
 100
AcDbEntity
  8
SILKSCREEN_TOP
 100
AcDb2dPolyline
 66
     1
 10
0.000
 20
0.000
 40
0.000
 41
0.000
  0
VERTEX
  5
722
 100
AcDbEntity
  8
SILKSCREEN_TOP
 100
AcDbVertex
 100
AcDb2dVertex
 10
-0.500
 20
22.450
 40
0.100
 41
0.100
 42
1.00000
  0
VERTEX
  5
723
 100
AcDbEntity
  8
SILKSCREEN_TOP
 100
AcDbVertex
 100
AcDb2dVertex
 10
-0.500
 20
22.350
  0
VERTEX
  5
724
 100
AcDbEntity
  8
SILKSCREEN_TOP
 100
AcDbVertex
 100
AcDb2dVertex
 10
-0.500
 20
22.400
  0
VERTEX
  5
725
 100
AcDbEntity
  8
SILKSCREEN_TOP
 100
AcDbVertex
 100
AcDb2dVertex
 10
-0.500
 20
22.400
 40
0.200
 41
0.200
  0
VERTEX
  5
726
 100
AcDbEntity
  8
SILKSCREEN_TOP
 100
AcDbVertex
 100
AcDb2dVertex
 10
0.500
 20
22.400
 40
0.200
 41
0.200
  0
VERTEX
  5
727
 100
AcDbEntity
  8
SILKSCREEN_TOP
 100
AcDbVertex
 100
AcDb2dVertex
 10
0.500
 20
22.400
  0
VERTEX
  5
728
 100
AcDbEntity
  8
SILKSCREEN_TOP
 100
AcDbVertex
 100
AcDb2dVertex
 10
0.500
 20
22.400
 40
0.100
 41
0.100
  0
VERTEX
  5
729
 100
AcDbEntity
  8
SILKSCREEN_TOP
 100
AcDbVertex
 100
AcDb2dVertex
 10
0.500
 20
22.350
 40
0.100
 41
0.100
 42
1.00000
  0
VERTEX
  5
72A
 100
AcDbEntity
  8
SILKSCREEN_TOP
 100
AcDbVertex
 100
AcDb2dVertex
 10
0.500
 20
22.450
  0
SEQEND
  5
72B
 100
AcDbEntity
  8
SILKSCREEN_TOP
  0
POLYLINE
  5
72C
 100
AcDbEntity
  8
SILKSCREEN_TOP
 100
AcDb2dPolyline
 66
     1
 10
0.000
 20
0.000
 40
0.000
 41
0.000
  0
VERTEX
  5
72D
 100
AcDbEntity
  8
SILKSCREEN_TOP
 100
AcDbVertex
 100
AcDb2dVertex
 10
-0.500
 20
22.650
 40
0.100
 41
0.100
 42
1.00000
  0
VERTEX
  5
72E
 100
AcDbEntity
  8
SILKSCREEN_TOP
 100
AcDbVertex
 100
AcDb2dVertex
 10
-0.500
 20
22.550
  0
VERTEX
  5
72F
 100
AcDbEntity
  8
SILKSCREEN_TOP
 100
AcDbVertex
 100
AcDb2dVertex
 10
-0.500
 20
22.600
  0
VERTEX
  5
730
 100
AcDbEntity
  8
SILKSCREEN_TOP
 100
AcDbVertex
 100
AcDb2dVertex
 10
-0.500
 20
22.600
 40
0.200
 41
0.200
  0
VERTEX
  5
731
 100
AcDbEntity
  8
SILKSCREEN_TOP
 100
AcDbVertex
 100
AcDb2dVertex
 10
0.500
 20
22.600
 40
0.200
 41
0.200
  0
VERTEX
  5
732
 100
AcDbEntity
  8
SILKSCREEN_TOP
 100
AcDbVertex
 100
AcDb2dVertex
 10
0.500
 20
22.600
  0
VERTEX
  5
733
 100
AcDbEntity
  8
SILKSCREEN_TOP
 100
AcDbVertex
 100
AcDb2dVertex
 10
0.500
 20
22.600
 40
0.100
 41
0.100
  0
VERTEX
  5
734
 100
AcDbEntity
  8
SILKSCREEN_TOP
 100
AcDbVertex
 100
AcDb2dVertex
 10
0.500
 20
22.550
 40
0.100
 41
0.100
 42
1.00000
  0
VERTEX
  5
735
 100
AcDbEntity
  8
SILKSCREEN_TOP
 100
AcDbVertex
 100
AcDb2dVertex
 10
0.500
 20
22.650
  0
SEQEND
  5
736
 100
AcDbEntity
  8
SILKSCREEN_TOP
  0
POLYLINE
  5
737
 100
AcDbEntity
  8
SILKSCREEN_TOP
 100
AcDb2dPolyline
 66
     1
 10
0.000
 20
0.000
 40
0.000
 41
0.000
  0
VERTEX
  5
738
 100
AcDbEntity
  8
SILKSCREEN_TOP
 100
AcDbVertex
 100
AcDb2dVertex
 10
-0.500
 20
22.850
 40
0.100
 41
0.100
 42
1.00000
  0
VERTEX
  5
739
 100
AcDbEntity
  8
SILKSCREEN_TOP
 100
AcDbVertex
 100
AcDb2dVertex
 10
-0.500
 20
22.750
  0
VERTEX
  5
73A
 100
AcDbEntity
  8
SILKSCREEN_TOP
 100
AcDbVertex
 100
AcDb2dVertex
 10
-0.500
 20
22.800
  0
VERTEX
  5
73B
 100
AcDbEntity
  8
SILKSCREEN_TOP
 100
AcDbVertex
 100
AcDb2dVertex
 10
-0.500
 20
22.800
 40
0.200
 41
0.200
  0
VERTEX
  5
73C
 100
AcDbEntity
  8
SILKSCREEN_TOP
 100
AcDbVertex
 100
AcDb2dVertex
 10
0.500
 20
22.800
 40
0.200
 41
0.200
  0
VERTEX
  5
73D
 100
AcDbEntity
  8
SILKSCREEN_TOP
 100
AcDbVertex
 100
AcDb2dVertex
 10
0.500
 20
22.800
  0
VERTEX
  5
73E
 100
AcDbEntity
  8
SILKSCREEN_TOP
 100
AcDbVertex
 100
AcDb2dVertex
 10
0.500
 20
22.800
 40
0.100
 41
0.100
  0
VERTEX
  5
73F
 100
AcDbEntity
  8
SILKSCREEN_TOP
 100
AcDbVertex
 100
AcDb2dVertex
 10
0.500
 20
22.750
 40
0.100
 41
0.100
 42
1.00000
  0
VERTEX
  5
740
 100
AcDbEntity
  8
SILKSCREEN_TOP
 100
AcDbVertex
 100
AcDb2dVertex
 10
0.500
 20
22.850
  0
SEQEND
  5
741
 100
AcDbEntity
  8
SILKSCREEN_TOP
  0
POLYLINE
  5
742
 100
AcDbEntity
  8
SILKSCREEN_TOP
 100
AcDb2dPolyline
 66
     1
 10
0.000
 20
0.000
 40
0.000
 41
0.000
  0
VERTEX
  5
743
 100
AcDbEntity
  8
SILKSCREEN_TOP
 100
AcDbVertex
 100
AcDb2dVertex
 10
-0.500
 20
23.050
 40
0.100
 41
0.100
 42
1.00000
  0
VERTEX
  5
744
 100
AcDbEntity
  8
SILKSCREEN_TOP
 100
AcDbVertex
 100
AcDb2dVertex
 10
-0.500
 20
22.950
  0
VERTEX
  5
745
 100
AcDbEntity
  8
SILKSCREEN_TOP
 100
AcDbVertex
 100
AcDb2dVertex
 10
-0.500
 20
23.000
  0
VERTEX
  5
746
 100
AcDbEntity
  8
SILKSCREEN_TOP
 100
AcDbVertex
 100
AcDb2dVertex
 10
-0.500
 20
23.000
 40
0.200
 41
0.200
  0
VERTEX
  5
747
 100
AcDbEntity
  8
SILKSCREEN_TOP
 100
AcDbVertex
 100
AcDb2dVertex
 10
0.500
 20
23.000
 40
0.200
 41
0.200
  0
VERTEX
  5
748
 100
AcDbEntity
  8
SILKSCREEN_TOP
 100
AcDbVertex
 100
AcDb2dVertex
 10
0.500
 20
23.000
  0
VERTEX
  5
749
 100
AcDbEntity
  8
SILKSCREEN_TOP
 100
AcDbVertex
 100
AcDb2dVertex
 10
0.500
 20
23.000
 40
0.100
 41
0.100
  0
VERTEX
  5
74A
 100
AcDbEntity
  8
SILKSCREEN_TOP
 100
AcDbVertex
 100
AcDb2dVertex
 10
0.500
 20
22.950
 40
0.100
 41
0.100
 42
1.00000
  0
VERTEX
  5
74B
 100
AcDbEntity
  8
SILKSCREEN_TOP
 100
AcDbVertex
 100
AcDb2dVertex
 10
0.500
 20
23.050
  0
SEQEND
  5
74C
 100
AcDbEntity
  8
SILKSCREEN_TOP
  0
POLYLINE
  5
74D
 100
AcDbEntity
  8
SILKSCREEN_TOP
 100
AcDb2dPolyline
 66
     1
 10
0.000
 20
0.000
 40
0.000
 41
0.000
  0
VERTEX
  5
74E
 100
AcDbEntity
  8
SILKSCREEN_TOP
 100
AcDbVertex
 100
AcDb2dVertex
 10
-0.500
 20
23.250
 40
0.100
 41
0.100
 42
1.00000
  0
VERTEX
  5
74F
 100
AcDbEntity
  8
SILKSCREEN_TOP
 100
AcDbVertex
 100
AcDb2dVertex
 10
-0.500
 20
23.150
  0
VERTEX
  5
750
 100
AcDbEntity
  8
SILKSCREEN_TOP
 100
AcDbVertex
 100
AcDb2dVertex
 10
-0.500
 20
23.200
  0
VERTEX
  5
751
 100
AcDbEntity
  8
SILKSCREEN_TOP
 100
AcDbVertex
 100
AcDb2dVertex
 10
-0.500
 20
23.200
 40
0.200
 41
0.200
  0
VERTEX
  5
752
 100
AcDbEntity
  8
SILKSCREEN_TOP
 100
AcDbVertex
 100
AcDb2dVertex
 10
0.500
 20
23.200
 40
0.200
 41
0.200
  0
VERTEX
  5
753
 100
AcDbEntity
  8
SILKSCREEN_TOP
 100
AcDbVertex
 100
AcDb2dVertex
 10
0.500
 20
23.200
  0
VERTEX
  5
754
 100
AcDbEntity
  8
SILKSCREEN_TOP
 100
AcDbVertex
 100
AcDb2dVertex
 10
0.500
 20
23.200
 40
0.100
 41
0.100
  0
VERTEX
  5
755
 100
AcDbEntity
  8
SILKSCREEN_TOP
 100
AcDbVertex
 100
AcDb2dVertex
 10
0.500
 20
23.150
 40
0.100
 41
0.100
 42
1.00000
  0
VERTEX
  5
756
 100
AcDbEntity
  8
SILKSCREEN_TOP
 100
AcDbVertex
 100
AcDb2dVertex
 10
0.500
 20
23.250
  0
SEQEND
  5
757
 100
AcDbEntity
  8
SILKSCREEN_TOP
  0
POLYLINE
  5
758
 100
AcDbEntity
  8
SILKSCREEN_TOP
 100
AcDb2dPolyline
 66
     1
 10
0.000
 20
0.000
 40
0.000
 41
0.000
  0
VERTEX
  5
759
 100
AcDbEntity
  8
SILKSCREEN_TOP
 100
AcDbVertex
 100
AcDb2dVertex
 10
-0.500
 20
23.450
 40
0.100
 41
0.100
 42
1.00000
  0
VERTEX
  5
75A
 100
AcDbEntity
  8
SILKSCREEN_TOP
 100
AcDbVertex
 100
AcDb2dVertex
 10
-0.500
 20
23.350
  0
VERTEX
  5
75B
 100
AcDbEntity
  8
SILKSCREEN_TOP
 100
AcDbVertex
 100
AcDb2dVertex
 10
-0.500
 20
23.400
  0
VERTEX
  5
75C
 100
AcDbEntity
  8
SILKSCREEN_TOP
 100
AcDbVertex
 100
AcDb2dVertex
 10
-0.500
 20
23.400
 40
0.200
 41
0.200
  0
VERTEX
  5
75D
 100
AcDbEntity
  8
SILKSCREEN_TOP
 100
AcDbVertex
 100
AcDb2dVertex
 10
0.500
 20
23.400
 40
0.200
 41
0.200
  0
VERTEX
  5
75E
 100
AcDbEntity
  8
SILKSCREEN_TOP
 100
AcDbVertex
 100
AcDb2dVertex
 10
0.500
 20
23.400
  0
VERTEX
  5
75F
 100
AcDbEntity
  8
SILKSCREEN_TOP
 100
AcDbVertex
 100
AcDb2dVertex
 10
0.500
 20
23.400
 40
0.100
 41
0.100
  0
VERTEX
  5
760
 100
AcDbEntity
  8
SILKSCREEN_TOP
 100
AcDbVertex
 100
AcDb2dVertex
 10
0.500
 20
23.350
 40
0.100
 41
0.100
 42
1.00000
  0
VERTEX
  5
761
 100
AcDbEntity
  8
SILKSCREEN_TOP
 100
AcDbVertex
 100
AcDb2dVertex
 10
0.500
 20
23.450
  0
SEQEND
  5
762
 100
AcDbEntity
  8
SILKSCREEN_TOP
  0
POLYLINE
  5
763
 100
AcDbEntity
  8
SILKSCREEN_TOP
 100
AcDb2dPolyline
 66
     1
 10
0.000
 20
0.000
 40
0.000
 41
0.000
  0
VERTEX
  5
764
 100
AcDbEntity
  8
SILKSCREEN_TOP
 100
AcDbVertex
 100
AcDb2dVertex
 10
-0.500
 20
23.650
 40
0.100
 41
0.100
 42
1.00000
  0
VERTEX
  5
765
 100
AcDbEntity
  8
SILKSCREEN_TOP
 100
AcDbVertex
 100
AcDb2dVertex
 10
-0.500
 20
23.550
  0
VERTEX
  5
766
 100
AcDbEntity
  8
SILKSCREEN_TOP
 100
AcDbVertex
 100
AcDb2dVertex
 10
-0.500
 20
23.600
  0
VERTEX
  5
767
 100
AcDbEntity
  8
SILKSCREEN_TOP
 100
AcDbVertex
 100
AcDb2dVertex
 10
-0.500
 20
23.600
 40
0.200
 41
0.200
  0
VERTEX
  5
768
 100
AcDbEntity
  8
SILKSCREEN_TOP
 100
AcDbVertex
 100
AcDb2dVertex
 10
0.500
 20
23.600
 40
0.200
 41
0.200
  0
VERTEX
  5
769
 100
AcDbEntity
  8
SILKSCREEN_TOP
 100
AcDbVertex
 100
AcDb2dVertex
 10
0.500
 20
23.600
  0
VERTEX
  5
76A
 100
AcDbEntity
  8
SILKSCREEN_TOP
 100
AcDbVertex
 100
AcDb2dVertex
 10
0.500
 20
23.600
 40
0.100
 41
0.100
  0
VERTEX
  5
76B
 100
AcDbEntity
  8
SILKSCREEN_TOP
 100
AcDbVertex
 100
AcDb2dVertex
 10
0.500
 20
23.550
 40
0.100
 41
0.100
 42
1.00000
  0
VERTEX
  5
76C
 100
AcDbEntity
  8
SILKSCREEN_TOP
 100
AcDbVertex
 100
AcDb2dVertex
 10
0.500
 20
23.650
  0
SEQEND
  5
76D
 100
AcDbEntity
  8
SILKSCREEN_TOP
  0
POLYLINE
  5
76E
 100
AcDbEntity
  8
SILKSCREEN_TOP
 100
AcDb2dPolyline
 66
     1
 10
0.000
 20
0.000
 40
0.000
 41
0.000
  0
VERTEX
  5
76F
 100
AcDbEntity
  8
SILKSCREEN_TOP
 100
AcDbVertex
 100
AcDb2dVertex
 10
-0.500
 20
23.850
 40
0.100
 41
0.100
 42
1.00000
  0
VERTEX
  5
770
 100
AcDbEntity
  8
SILKSCREEN_TOP
 100
AcDbVertex
 100
AcDb2dVertex
 10
-0.500
 20
23.750
  0
VERTEX
  5
771
 100
AcDbEntity
  8
SILKSCREEN_TOP
 100
AcDbVertex
 100
AcDb2dVertex
 10
-0.500
 20
23.800
  0
VERTEX
  5
772
 100
AcDbEntity
  8
SILKSCREEN_TOP
 100
AcDbVertex
 100
AcDb2dVertex
 10
-0.500
 20
23.800
 40
0.200
 41
0.200
  0
VERTEX
  5
773
 100
AcDbEntity
  8
SILKSCREEN_TOP
 100
AcDbVertex
 100
AcDb2dVertex
 10
0.500
 20
23.800
 40
0.200
 41
0.200
  0
VERTEX
  5
774
 100
AcDbEntity
  8
SILKSCREEN_TOP
 100
AcDbVertex
 100
AcDb2dVertex
 10
0.500
 20
23.800
  0
VERTEX
  5
775
 100
AcDbEntity
  8
SILKSCREEN_TOP
 100
AcDbVertex
 100
AcDb2dVertex
 10
0.500
 20
23.800
 40
0.100
 41
0.100
  0
VERTEX
  5
776
 100
AcDbEntity
  8
SILKSCREEN_TOP
 100
AcDbVertex
 100
AcDb2dVertex
 10
0.500
 20
23.750
 40
0.100
 41
0.100
 42
1.00000
  0
VERTEX
  5
777
 100
AcDbEntity
  8
SILKSCREEN_TOP
 100
AcDbVertex
 100
AcDb2dVertex
 10
0.500
 20
23.850
  0
SEQEND
  5
778
 100
AcDbEntity
  8
SILKSCREEN_TOP
  0
POLYLINE
  5
779
 100
AcDbEntity
  8
SILKSCREEN_TOP
 100
AcDb2dPolyline
 66
     1
 10
0.000
 20
0.000
 40
0.000
 41
0.000
  0
VERTEX
  5
77A
 100
AcDbEntity
  8
SILKSCREEN_TOP
 100
AcDbVertex
 100
AcDb2dVertex
 10
-0.500
 20
24.050
 40
0.100
 41
0.100
 42
1.00000
  0
VERTEX
  5
77B
 100
AcDbEntity
  8
SILKSCREEN_TOP
 100
AcDbVertex
 100
AcDb2dVertex
 10
-0.500
 20
23.950
  0
VERTEX
  5
77C
 100
AcDbEntity
  8
SILKSCREEN_TOP
 100
AcDbVertex
 100
AcDb2dVertex
 10
-0.500
 20
24.000
  0
VERTEX
  5
77D
 100
AcDbEntity
  8
SILKSCREEN_TOP
 100
AcDbVertex
 100
AcDb2dVertex
 10
-0.500
 20
24.000
 40
0.200
 41
0.200
  0
VERTEX
  5
77E
 100
AcDbEntity
  8
SILKSCREEN_TOP
 100
AcDbVertex
 100
AcDb2dVertex
 10
0.500
 20
24.000
 40
0.200
 41
0.200
  0
VERTEX
  5
77F
 100
AcDbEntity
  8
SILKSCREEN_TOP
 100
AcDbVertex
 100
AcDb2dVertex
 10
0.500
 20
24.000
  0
VERTEX
  5
780
 100
AcDbEntity
  8
SILKSCREEN_TOP
 100
AcDbVertex
 100
AcDb2dVertex
 10
0.500
 20
24.000
 40
0.100
 41
0.100
  0
VERTEX
  5
781
 100
AcDbEntity
  8
SILKSCREEN_TOP
 100
AcDbVertex
 100
AcDb2dVertex
 10
0.500
 20
23.950
 40
0.100
 41
0.100
 42
1.00000
  0
VERTEX
  5
782
 100
AcDbEntity
  8
SILKSCREEN_TOP
 100
AcDbVertex
 100
AcDb2dVertex
 10
0.500
 20
24.050
  0
SEQEND
  5
783
 100
AcDbEntity
  8
SILKSCREEN_TOP
  0
POLYLINE
  5
784
 100
AcDbEntity
  8
SILKSCREEN_TOP
 100
AcDb2dPolyline
 66
     1
 10
0.000
 20
0.000
 40
0.000
 41
0.000
  0
VERTEX
  5
785
 100
AcDbEntity
  8
SILKSCREEN_TOP
 100
AcDbVertex
 100
AcDb2dVertex
 10
-0.500
 20
24.250
 40
0.100
 41
0.100
 42
1.00000
  0
VERTEX
  5
786
 100
AcDbEntity
  8
SILKSCREEN_TOP
 100
AcDbVertex
 100
AcDb2dVertex
 10
-0.500
 20
24.150
  0
VERTEX
  5
787
 100
AcDbEntity
  8
SILKSCREEN_TOP
 100
AcDbVertex
 100
AcDb2dVertex
 10
-0.500
 20
24.200
  0
VERTEX
  5
788
 100
AcDbEntity
  8
SILKSCREEN_TOP
 100
AcDbVertex
 100
AcDb2dVertex
 10
-0.500
 20
24.200
 40
0.200
 41
0.200
  0
VERTEX
  5
789
 100
AcDbEntity
  8
SILKSCREEN_TOP
 100
AcDbVertex
 100
AcDb2dVertex
 10
0.500
 20
24.200
 40
0.200
 41
0.200
  0
VERTEX
  5
78A
 100
AcDbEntity
  8
SILKSCREEN_TOP
 100
AcDbVertex
 100
AcDb2dVertex
 10
0.500
 20
24.200
  0
VERTEX
  5
78B
 100
AcDbEntity
  8
SILKSCREEN_TOP
 100
AcDbVertex
 100
AcDb2dVertex
 10
0.500
 20
24.200
 40
0.100
 41
0.100
  0
VERTEX
  5
78C
 100
AcDbEntity
  8
SILKSCREEN_TOP
 100
AcDbVertex
 100
AcDb2dVertex
 10
0.500
 20
24.150
 40
0.100
 41
0.100
 42
1.00000
  0
VERTEX
  5
78D
 100
AcDbEntity
  8
SILKSCREEN_TOP
 100
AcDbVertex
 100
AcDb2dVertex
 10
0.500
 20
24.250
  0
SEQEND
  5
78E
 100
AcDbEntity
  8
SILKSCREEN_TOP
  0
POLYLINE
  5
78F
 100
AcDbEntity
  8
SILKSCREEN_TOP
 100
AcDb2dPolyline
 66
     1
 10
0.000
 20
0.000
 40
0.000
 41
0.000
  0
VERTEX
  5
790
 100
AcDbEntity
  8
SILKSCREEN_TOP
 100
AcDbVertex
 100
AcDb2dVertex
 10
-0.500
 20
24.450
 40
0.100
 41
0.100
 42
1.00000
  0
VERTEX
  5
791
 100
AcDbEntity
  8
SILKSCREEN_TOP
 100
AcDbVertex
 100
AcDb2dVertex
 10
-0.500
 20
24.350
  0
VERTEX
  5
792
 100
AcDbEntity
  8
SILKSCREEN_TOP
 100
AcDbVertex
 100
AcDb2dVertex
 10
-0.500
 20
24.400
  0
VERTEX
  5
793
 100
AcDbEntity
  8
SILKSCREEN_TOP
 100
AcDbVertex
 100
AcDb2dVertex
 10
-0.500
 20
24.400
 40
0.200
 41
0.200
  0
VERTEX
  5
794
 100
AcDbEntity
  8
SILKSCREEN_TOP
 100
AcDbVertex
 100
AcDb2dVertex
 10
0.500
 20
24.400
 40
0.200
 41
0.200
  0
VERTEX
  5
795
 100
AcDbEntity
  8
SILKSCREEN_TOP
 100
AcDbVertex
 100
AcDb2dVertex
 10
0.500
 20
24.400
  0
VERTEX
  5
796
 100
AcDbEntity
  8
SILKSCREEN_TOP
 100
AcDbVertex
 100
AcDb2dVertex
 10
0.500
 20
24.400
 40
0.100
 41
0.100
  0
VERTEX
  5
797
 100
AcDbEntity
  8
SILKSCREEN_TOP
 100
AcDbVertex
 100
AcDb2dVertex
 10
0.500
 20
24.350
 40
0.100
 41
0.100
 42
1.00000
  0
VERTEX
  5
798
 100
AcDbEntity
  8
SILKSCREEN_TOP
 100
AcDbVertex
 100
AcDb2dVertex
 10
0.500
 20
24.450
  0
SEQEND
  5
799
 100
AcDbEntity
  8
SILKSCREEN_TOP
  0
POLYLINE
  5
79A
 100
AcDbEntity
  8
SILKSCREEN_TOP
 100
AcDb2dPolyline
 66
     1
 10
0.000
 20
0.000
 40
0.000
 41
0.000
  0
VERTEX
  5
79B
 100
AcDbEntity
  8
SILKSCREEN_TOP
 100
AcDbVertex
 100
AcDb2dVertex
 10
-0.400
 20
24.650
 40
0.100
 41
0.100
 42
1.00000
  0
VERTEX
  5
79C
 100
AcDbEntity
  8
SILKSCREEN_TOP
 100
AcDbVertex
 100
AcDb2dVertex
 10
-0.400
 20
24.550
  0
VERTEX
  5
79D
 100
AcDbEntity
  8
SILKSCREEN_TOP
 100
AcDbVertex
 100
AcDb2dVertex
 10
-0.400
 20
24.600
  0
VERTEX
  5
79E
 100
AcDbEntity
  8
SILKSCREEN_TOP
 100
AcDbVertex
 100
AcDb2dVertex
 10
-0.400
 20
24.600
 40
0.200
 41
0.200
  0
VERTEX
  5
79F
 100
AcDbEntity
  8
SILKSCREEN_TOP
 100
AcDbVertex
 100
AcDb2dVertex
 10
0.500
 20
24.600
 40
0.200
 41
0.200
  0
VERTEX
  5
7A0
 100
AcDbEntity
  8
SILKSCREEN_TOP
 100
AcDbVertex
 100
AcDb2dVertex
 10
0.500
 20
24.600
  0
VERTEX
  5
7A1
 100
AcDbEntity
  8
SILKSCREEN_TOP
 100
AcDbVertex
 100
AcDb2dVertex
 10
0.500
 20
24.600
 40
0.100
 41
0.100
  0
VERTEX
  5
7A2
 100
AcDbEntity
  8
SILKSCREEN_TOP
 100
AcDbVertex
 100
AcDb2dVertex
 10
0.500
 20
24.550
 40
0.100
 41
0.100
 42
1.00000
  0
VERTEX
  5
7A3
 100
AcDbEntity
  8
SILKSCREEN_TOP
 100
AcDbVertex
 100
AcDb2dVertex
 10
0.500
 20
24.650
  0
SEQEND
  5
7A4
 100
AcDbEntity
  8
SILKSCREEN_TOP
  0
POLYLINE
  5
7A5
 100
AcDbEntity
  8
SILKSCREEN_TOP
 100
AcDb2dPolyline
 66
     1
 10
0.000
 20
0.000
 40
0.000
 41
0.000
  0
VERTEX
  5
7A6
 100
AcDbEntity
  8
SILKSCREEN_TOP
 100
AcDbVertex
 100
AcDb2dVertex
 10
-0.200
 20
24.850
 40
0.100
 41
0.100
 42
1.00000
  0
VERTEX
  5
7A7
 100
AcDbEntity
  8
SILKSCREEN_TOP
 100
AcDbVertex
 100
AcDb2dVertex
 10
-0.200
 20
24.750
  0
VERTEX
  5
7A8
 100
AcDbEntity
  8
SILKSCREEN_TOP
 100
AcDbVertex
 100
AcDb2dVertex
 10
-0.200
 20
24.800
  0
VERTEX
  5
7A9
 100
AcDbEntity
  8
SILKSCREEN_TOP
 100
AcDbVertex
 100
AcDb2dVertex
 10
-0.200
 20
24.800
 40
0.200
 41
0.200
  0
VERTEX
  5
7AA
 100
AcDbEntity
  8
SILKSCREEN_TOP
 100
AcDbVertex
 100
AcDb2dVertex
 10
0.500
 20
24.800
 40
0.200
 41
0.200
  0
VERTEX
  5
7AB
 100
AcDbEntity
  8
SILKSCREEN_TOP
 100
AcDbVertex
 100
AcDb2dVertex
 10
0.500
 20
24.800
  0
VERTEX
  5
7AC
 100
AcDbEntity
  8
SILKSCREEN_TOP
 100
AcDbVertex
 100
AcDb2dVertex
 10
0.500
 20
24.800
 40
0.100
 41
0.100
  0
VERTEX
  5
7AD
 100
AcDbEntity
  8
SILKSCREEN_TOP
 100
AcDbVertex
 100
AcDb2dVertex
 10
0.500
 20
24.750
 40
0.100
 41
0.100
 42
1.00000
  0
VERTEX
  5
7AE
 100
AcDbEntity
  8
SILKSCREEN_TOP
 100
AcDbVertex
 100
AcDb2dVertex
 10
0.500
 20
24.850
  0
SEQEND
  5
7AF
 100
AcDbEntity
  8
SILKSCREEN_TOP
  0
POLYLINE
  5
7B0
 100
AcDbEntity
  8
_TOP_SIDE_
 100
AcDb2dPolyline
 66
     1
 10
0.000
 20
0.000
 70
     1
 40
0.000
 41
0.000
  0
VERTEX
  5
7B1
 100
AcDbEntity
  8
_TOP_SIDE_
 100
AcDbVertex
 100
AcDb2dVertex
 10
-0.881
 20
22.100
 40
0.013
 41
0.013
 42
1.00000
  0
VERTEX
  5
7B2
 100
AcDbEntity
  8
_TOP_SIDE_
 100
AcDbVertex
 100
AcDb2dVertex
 10
-0.869
 20
22.100
  0
VERTEX
  5
7B3
 100
AcDbEntity
  8
_TOP_SIDE_
 100
AcDbVertex
 100
AcDb2dVertex
 10
-0.875
 20
22.100
  0
VERTEX
  5
7B4
 100
AcDbEntity
  8
_TOP_SIDE_
 100
AcDbVertex
 100
AcDb2dVertex
 10
-0.875
 20
22.100
 40
0.025
 41
0.025
  0
VERTEX
  5
7B5
 100
AcDbEntity
  8
_TOP_SIDE_
 100
AcDbVertex
 100
AcDb2dVertex
 10
-0.875
 20
25.000
 40
0.013
 41
0.013
  0
VERTEX
  5
7B6
 100
AcDbEntity
  8
_TOP_SIDE_
 100
AcDbVertex
 100
AcDb2dVertex
 10
-0.869
 20
25.000
 40
0.013
 41
0.013
 42
1.00000
  0
VERTEX
  5
7B7
 100
AcDbEntity
  8
_TOP_SIDE_
 100
AcDbVertex
 100
AcDb2dVertex
 10
-0.881
 20
25.000
  0
VERTEX
  5
7B8
 100
AcDbEntity
  8
_TOP_SIDE_
 100
AcDbVertex
 100
AcDb2dVertex
 10
-0.875
 20
25.006
 40
0.013
 41
0.013
 42
1.00000
  0
VERTEX
  5
7B9
 100
AcDbEntity
  8
_TOP_SIDE_
 100
AcDbVertex
 100
AcDb2dVertex
 10
-0.875
 20
24.994
  0
VERTEX
  5
7BA
 100
AcDbEntity
  8
_TOP_SIDE_
 100
AcDbVertex
 100
AcDb2dVertex
 10
-0.875
 20
25.000
  0
VERTEX
  5
7BB
 100
AcDbEntity
  8
_TOP_SIDE_
 100
AcDbVertex
 100
AcDb2dVertex
 10
-0.875
 20
25.000
 40
0.025
 41
0.025
  0
VERTEX
  5
7BC
 100
AcDbEntity
  8
_TOP_SIDE_
 100
AcDbVertex
 100
AcDb2dVertex
 10
0.875
 20
25.000
 40
0.013
 41
0.013
  0
VERTEX
  5
7BD
 100
AcDbEntity
  8
_TOP_SIDE_
 100
AcDbVertex
 100
AcDb2dVertex
 10
0.875
 20
24.994
 40
0.013
 41
0.013
 42
1.00000
  0
VERTEX
  5
7BE
 100
AcDbEntity
  8
_TOP_SIDE_
 100
AcDbVertex
 100
AcDb2dVertex
 10
0.875
 20
25.006
  0
VERTEX
  5
7BF
 100
AcDbEntity
  8
_TOP_SIDE_
 100
AcDbVertex
 100
AcDb2dVertex
 10
0.881
 20
25.000
 40
0.013
 41
0.013
 42
1.00000
  0
VERTEX
  5
7C0
 100
AcDbEntity
  8
_TOP_SIDE_
 100
AcDbVertex
 100
AcDb2dVertex
 10
0.869
 20
25.000
  0
VERTEX
  5
7C1
 100
AcDbEntity
  8
_TOP_SIDE_
 100
AcDbVertex
 100
AcDb2dVertex
 10
0.875
 20
25.000
  0
VERTEX
  5
7C2
 100
AcDbEntity
  8
_TOP_SIDE_
 100
AcDbVertex
 100
AcDb2dVertex
 10
0.875
 20
25.000
 40
0.025
 41
0.025
  0
VERTEX
  5
7C3
 100
AcDbEntity
  8
_TOP_SIDE_
 100
AcDbVertex
 100
AcDb2dVertex
 10
0.875
 20
22.100
 40
0.013
 41
0.013
  0
VERTEX
  5
7C4
 100
AcDbEntity
  8
_TOP_SIDE_
 100
AcDbVertex
 100
AcDb2dVertex
 10
0.869
 20
22.100
 40
0.013
 41
0.013
 42
1.00000
  0
VERTEX
  5
7C5
 100
AcDbEntity
  8
_TOP_SIDE_
 100
AcDbVertex
 100
AcDb2dVertex
 10
0.881
 20
22.100
  0
VERTEX
  5
7C6
 100
AcDbEntity
  8
_TOP_SIDE_
 100
AcDbVertex
 100
AcDb2dVertex
 10
0.875
 20
22.094
 40
0.013
 41
0.013
 42
1.00000
  0
VERTEX
  5
7C7
 100
AcDbEntity
  8
_TOP_SIDE_
 100
AcDbVertex
 100
AcDb2dVertex
 10
0.875
 20
22.106
  0
VERTEX
  5
7C8
 100
AcDbEntity
  8
_TOP_SIDE_
 100
AcDbVertex
 100
AcDb2dVertex
 10
0.875
 20
22.100
  0
VERTEX
  5
7C9
 100
AcDbEntity
  8
_TOP_SIDE_
 100
AcDbVertex
 100
AcDb2dVertex
 10
0.875
 20
22.100
 40
0.025
 41
0.025
  0
VERTEX
  5
7CA
 100
AcDbEntity
  8
_TOP_SIDE_
 100
AcDbVertex
 100
AcDb2dVertex
 10
-0.875
 20
22.100
 40
0.025
 41
0.025
  0
VERTEX
  5
7CB
 100
AcDbEntity
  8
_TOP_SIDE_
 100
AcDbVertex
 100
AcDb2dVertex
 10
-0.875
 20
22.100
  0
VERTEX
  5
7CC
 100
AcDbEntity
  8
_TOP_SIDE_
 100
AcDbVertex
 100
AcDb2dVertex
 10
-0.875
 20
22.100
 40
0.013
 41
0.013
  0
VERTEX
  5
7CD
 100
AcDbEntity
  8
_TOP_SIDE_
 100
AcDbVertex
 100
AcDb2dVertex
 10
-0.875
 20
22.106
 40
0.013
 41
0.013
 42
1.00000
  0
VERTEX
  5
7CE
 100
AcDbEntity
  8
_TOP_SIDE_
 100
AcDbVertex
 100
AcDb2dVertex
 10
-0.875
 20
22.094
  0
SEQEND
  5
7CF
 100
AcDbEntity
  8
_TOP_SIDE_
  0
POLYLINE
  5
7D0
 100
AcDbEntity
  8
SILKSCREEN_TOP
 100
AcDb2dPolyline
 66
     1
 10
0.000
 20
0.000
 70
     1
 40
0.000
 41
0.000
  0
VERTEX
  5
7D1
 100
AcDbEntity
  8
SILKSCREEN_TOP
 100
AcDbVertex
 100
AcDb2dVertex
 10
58.885
 20
-18.580
 40
0.100
 41
0.100
 42
1.00000
  0
VERTEX
  5
7D2
 100
AcDbEntity
  8
SILKSCREEN_TOP
 100
AcDbVertex
 100
AcDb2dVertex
 10
58.985
 20
-18.580
  0
VERTEX
  5
7D3
 100
AcDbEntity
  8
SILKSCREEN_TOP
 100
AcDbVertex
 100
AcDb2dVertex
 10
58.935
 20
-18.580
  0
VERTEX
  5
7D4
 100
AcDbEntity
  8
SILKSCREEN_TOP
 100
AcDbVertex
 100
AcDb2dVertex
 10
58.935
 20
-18.580
 40
0.200
 41
0.200
  0
VERTEX
  5
7D5
 100
AcDbEntity
  8
SILKSCREEN_TOP
 100
AcDbVertex
 100
AcDb2dVertex
 10
58.935
 20
-1.080
 40
0.100
 41
0.100
  0
VERTEX
  5
7D6
 100
AcDbEntity
  8
SILKSCREEN_TOP
 100
AcDbVertex
 100
AcDb2dVertex
 10
58.985
 20
-1.080
 40
0.100
 41
0.100
 42
1.00000
  0
VERTEX
  5
7D7
 100
AcDbEntity
  8
SILKSCREEN_TOP
 100
AcDbVertex
 100
AcDb2dVertex
 10
58.885
 20
-1.080
  0
VERTEX
  5
7D8
 100
AcDbEntity
  8
SILKSCREEN_TOP
 100
AcDbVertex
 100
AcDb2dVertex
 10
58.935
 20
-1.130
 40
0.100
 41
0.100
 42
1.00000
  0
VERTEX
  5
7D9
 100
AcDbEntity
  8
SILKSCREEN_TOP
 100
AcDbVertex
 100
AcDb2dVertex
 10
58.935
 20
-1.030
  0
VERTEX
  5
7DA
 100
AcDbEntity
  8
SILKSCREEN_TOP
 100
AcDbVertex
 100
AcDb2dVertex
 10
58.935
 20
-1.080
  0
VERTEX
  5
7DB
 100
AcDbEntity
  8
SILKSCREEN_TOP
 100
AcDbVertex
 100
AcDb2dVertex
 10
58.935
 20
-1.080
 40
0.200
 41
0.200
  0
VERTEX
  5
7DC
 100
AcDbEntity
  8
SILKSCREEN_TOP
 100
AcDbVertex
 100
AcDb2dVertex
 10
53.125
 20
-1.080
 40
0.100
 41
0.100
  0
VERTEX
  5
7DD
 100
AcDbEntity
  8
SILKSCREEN_TOP
 100
AcDbVertex
 100
AcDb2dVertex
 10
53.125
 20
-1.030
 40
0.100
 41
0.100
 42
1.00000
  0
VERTEX
  5
7DE
 100
AcDbEntity
  8
SILKSCREEN_TOP
 100
AcDbVertex
 100
AcDb2dVertex
 10
53.125
 20
-1.130
  0
VERTEX
  5
7DF
 100
AcDbEntity
  8
SILKSCREEN_TOP
 100
AcDbVertex
 100
AcDb2dVertex
 10
53.175
 20
-1.080
 40
0.100
 41
0.100
 42
1.00000
  0
VERTEX
  5
7E0
 100
AcDbEntity
  8
SILKSCREEN_TOP
 100
AcDbVertex
 100
AcDb2dVertex
 10
53.075
 20
-1.080
  0
VERTEX
  5
7E1
 100
AcDbEntity
  8
SILKSCREEN_TOP
 100
AcDbVertex
 100
AcDb2dVertex
 10
53.125
 20
-1.080
  0
VERTEX
  5
7E2
 100
AcDbEntity
  8
SILKSCREEN_TOP
 100
AcDbVertex
 100
AcDb2dVertex
 10
53.125
 20
-1.080
 40
0.200
 41
0.200
  0
VERTEX
  5
7E3
 100
AcDbEntity
  8
SILKSCREEN_TOP
 100
AcDbVertex
 100
AcDb2dVertex
 10
53.125
 20
-3.350
 40
0.100
 41
0.100
  0
VERTEX
  5
7E4
 100
AcDbEntity
  8
SILKSCREEN_TOP
 100
AcDbVertex
 100
AcDb2dVertex
 10
53.075
 20
-3.350
 40
0.100
 41
0.100
 42
1.00000
  0
VERTEX
  5
7E5
 100
AcDbEntity
  8
SILKSCREEN_TOP
 100
AcDbVertex
 100
AcDb2dVertex
 10
53.175
 20
-3.350
  0
VERTEX
  5
7E6
 100
AcDbEntity
  8
SILKSCREEN_TOP
 100
AcDbVertex
 100
AcDb2dVertex
 10
53.125
 20
-3.400
 40
0.100
 41
0.100
 42
1.00000
  0
VERTEX
  5
7E7
 100
AcDbEntity
  8
SILKSCREEN_TOP
 100
AcDbVertex
 100
AcDb2dVertex
 10
53.125
 20
-3.300
  0
VERTEX
  5
7E8
 100
AcDbEntity
  8
SILKSCREEN_TOP
 100
AcDbVertex
 100
AcDb2dVertex
 10
53.125
 20
-3.350
  0
VERTEX
  5
7E9
 100
AcDbEntity
  8
SILKSCREEN_TOP
 100
AcDbVertex
 100
AcDb2dVertex
 10
53.125
 20
-3.350
 40
0.200
 41
0.200
  0
VERTEX
  5
7EA
 100
AcDbEntity
  8
SILKSCREEN_TOP
 100
AcDbVertex
 100
AcDb2dVertex
 10
42.965
 20
-3.350
 40
0.100
 41
0.100
  0
VERTEX
  5
7EB
 100
AcDbEntity
  8
SILKSCREEN_TOP
 100
AcDbVertex
 100
AcDb2dVertex
 10
42.965
 20
-3.300
 40
0.100
 41
0.100
 42
1.00000
  0
VERTEX
  5
7EC
 100
AcDbEntity
  8
SILKSCREEN_TOP
 100
AcDbVertex
 100
AcDb2dVertex
 10
42.965
 20
-3.400
  0
VERTEX
  5
7ED
 100
AcDbEntity
  8
SILKSCREEN_TOP
 100
AcDbVertex
 100
AcDb2dVertex
 10
42.915
 20
-3.350
 40
0.100
 41
0.100
 42
1.00000
  0
VERTEX
  5
7EE
 100
AcDbEntity
  8
SILKSCREEN_TOP
 100
AcDbVertex
 100
AcDb2dVertex
 10
43.015
 20
-3.350
  0
VERTEX
  5
7EF
 100
AcDbEntity
  8
SILKSCREEN_TOP
 100
AcDbVertex
 100
AcDb2dVertex
 10
42.965
 20
-3.350
  0
VERTEX
  5
7F0
 100
AcDbEntity
  8
SILKSCREEN_TOP
 100
AcDbVertex
 100
AcDb2dVertex
 10
42.965
 20
-3.350
 40
0.200
 41
0.200
  0
VERTEX
  5
7F1
 100
AcDbEntity
  8
SILKSCREEN_TOP
 100
AcDbVertex
 100
AcDb2dVertex
 10
42.965
 20
-1.080
 40
0.100
 41
0.100
  0
VERTEX
  5
7F2
 100
AcDbEntity
  8
SILKSCREEN_TOP
 100
AcDbVertex
 100
AcDb2dVertex
 10
43.015
 20
-1.080
 40
0.100
 41
0.100
 42
1.00000
  0
VERTEX
  5
7F3
 100
AcDbEntity
  8
SILKSCREEN_TOP
 100
AcDbVertex
 100
AcDb2dVertex
 10
42.915
 20
-1.080
  0
VERTEX
  5
7F4
 100
AcDbEntity
  8
SILKSCREEN_TOP
 100
AcDbVertex
 100
AcDb2dVertex
 10
42.965
 20
-1.130
 40
0.100
 41
0.100
 42
1.00000
  0
VERTEX
  5
7F5
 100
AcDbEntity
  8
SILKSCREEN_TOP
 100
AcDbVertex
 100
AcDb2dVertex
 10
42.965
 20
-1.030
  0
VERTEX
  5
7F6
 100
AcDbEntity
  8
SILKSCREEN_TOP
 100
AcDbVertex
 100
AcDb2dVertex
 10
42.965
 20
-1.080
  0
VERTEX
  5
7F7
 100
AcDbEntity
  8
SILKSCREEN_TOP
 100
AcDbVertex
 100
AcDb2dVertex
 10
42.965
 20
-1.080
 40
0.200
 41
0.200
  0
VERTEX
  5
7F8
 100
AcDbEntity
  8
SILKSCREEN_TOP
 100
AcDbVertex
 100
AcDb2dVertex
 10
33.935
 20
-1.080
 40
0.100
 41
0.100
  0
VERTEX
  5
7F9
 100
AcDbEntity
  8
SILKSCREEN_TOP
 100
AcDbVertex
 100
AcDb2dVertex
 10
33.935
 20
-1.030
 40
0.100
 41
0.100
 42
1.00000
  0
VERTEX
  5
7FA
 100
AcDbEntity
  8
SILKSCREEN_TOP
 100
AcDbVertex
 100
AcDb2dVertex
 10
33.935
 20
-1.130
  0
VERTEX
  5
7FB
 100
AcDbEntity
  8
SILKSCREEN_TOP
 100
AcDbVertex
 100
AcDb2dVertex
 10
33.985
 20
-1.080
 40
0.100
 41
0.100
 42
1.00000
  0
VERTEX
  5
7FC
 100
AcDbEntity
  8
SILKSCREEN_TOP
 100
AcDbVertex
 100
AcDb2dVertex
 10
33.885
 20
-1.080
  0
VERTEX
  5
7FD
 100
AcDbEntity
  8
SILKSCREEN_TOP
 100
AcDbVertex
 100
AcDb2dVertex
 10
33.935
 20
-1.080
  0
VERTEX
  5
7FE
 100
AcDbEntity
  8
SILKSCREEN_TOP
 100
AcDbVertex
 100
AcDb2dVertex
 10
33.935
 20
-1.080
 40
0.200
 41
0.200
  0
VERTEX
  5
7FF
 100
AcDbEntity
  8
SILKSCREEN_TOP
 100
AcDbVertex
 100
AcDb2dVertex
 10
33.935
 20
-18.580
 40
0.100
 41
0.100
  0
VERTEX
  5
800
 100
AcDbEntity
  8
SILKSCREEN_TOP
 100
AcDbVertex
 100
AcDb2dVertex
 10
33.885
 20
-18.580
 40
0.100
 41
0.100
 42
1.00000
  0
VERTEX
  5
801
 100
AcDbEntity
  8
SILKSCREEN_TOP
 100
AcDbVertex
 100
AcDb2dVertex
 10
33.985
 20
-18.580
  0
VERTEX
  5
802
 100
AcDbEntity
  8
SILKSCREEN_TOP
 100
AcDbVertex
 100
AcDb2dVertex
 10
33.935
 20
-18.530
 40
0.100
 41
0.100
 42
1.00000
  0
VERTEX
  5
803
 100
AcDbEntity
  8
SILKSCREEN_TOP
 100
AcDbVertex
 100
AcDb2dVertex
 10
33.935
 20
-18.630
  0
VERTEX
  5
804
 100
AcDbEntity
  8
SILKSCREEN_TOP
 100
AcDbVertex
 100
AcDb2dVertex
 10
33.935
 20
-18.580
  0
VERTEX
  5
805
 100
AcDbEntity
  8
SILKSCREEN_TOP
 100
AcDbVertex
 100
AcDb2dVertex
 10
33.935
 20
-18.580
 40
0.200
 41
0.200
  0
VERTEX
  5
806
 100
AcDbEntity
  8
SILKSCREEN_TOP
 100
AcDbVertex
 100
AcDb2dVertex
 10
58.935
 20
-18.580
 40
0.200
 41
0.200
  0
VERTEX
  5
807
 100
AcDbEntity
  8
SILKSCREEN_TOP
 100
AcDbVertex
 100
AcDb2dVertex
 10
58.935
 20
-18.580
  0
VERTEX
  5
808
 100
AcDbEntity
  8
SILKSCREEN_TOP
 100
AcDbVertex
 100
AcDb2dVertex
 10
58.935
 20
-18.580
 40
0.100
 41
0.100
  0
VERTEX
  5
809
 100
AcDbEntity
  8
SILKSCREEN_TOP
 100
AcDbVertex
 100
AcDb2dVertex
 10
58.935
 20
-18.630
 40
0.100
 41
0.100
 42
1.00000
  0
VERTEX
  5
80A
 100
AcDbEntity
  8
SILKSCREEN_TOP
 100
AcDbVertex
 100
AcDb2dVertex
 10
58.935
 20
-18.530
  0
SEQEND
  5
80B
 100
AcDbEntity
  8
SILKSCREEN_TOP
  0
POLYLINE
  5
80C
 100
AcDbEntity
  8
_TOP_SIDE_
 100
AcDb2dPolyline
 66
     1
 10
0.000
 20
0.000
 70
     1
 40
0.000
 41
0.000
  0
VERTEX
  5
80D
 100
AcDbEntity
  8
_TOP_SIDE_
 100
AcDbVertex
 100
AcDb2dVertex
 10
58.935
 20
-18.593
 40
0.025
 41
0.025
 42
1.00000
  0
VERTEX
  5
80E
 100
AcDbEntity
  8
_TOP_SIDE_
 100
AcDbVertex
 100
AcDb2dVertex
 10
58.935
 20
-18.568
  0
VERTEX
  5
80F
 100
AcDbEntity
  8
_TOP_SIDE_
 100
AcDbVertex
 100
AcDb2dVertex
 10
58.935
 20
-18.580
  0
VERTEX
  5
810
 100
AcDbEntity
  8
_TOP_SIDE_
 100
AcDbVertex
 100
AcDb2dVertex
 10
58.935
 20
-18.580
 40
0.050
 41
0.050
  0
VERTEX
  5
811
 100
AcDbEntity
  8
_TOP_SIDE_
 100
AcDbVertex
 100
AcDb2dVertex
 10
33.935
 20
-18.580
 40
0.025
 41
0.025
  0
VERTEX
  5
812
 100
AcDbEntity
  8
_TOP_SIDE_
 100
AcDbVertex
 100
AcDb2dVertex
 10
33.935
 20
-18.568
 40
0.025
 41
0.025
 42
1.00000
  0
VERTEX
  5
813
 100
AcDbEntity
  8
_TOP_SIDE_
 100
AcDbVertex
 100
AcDb2dVertex
 10
33.935
 20
-18.593
  0
VERTEX
  5
814
 100
AcDbEntity
  8
_TOP_SIDE_
 100
AcDbVertex
 100
AcDb2dVertex
 10
33.923
 20
-18.580
 40
0.025
 41
0.025
 42
1.00000
  0
VERTEX
  5
815
 100
AcDbEntity
  8
_TOP_SIDE_
 100
AcDbVertex
 100
AcDb2dVertex
 10
33.948
 20
-18.580
  0
VERTEX
  5
816
 100
AcDbEntity
  8
_TOP_SIDE_
 100
AcDbVertex
 100
AcDb2dVertex
 10
33.935
 20
-18.580
  0
VERTEX
  5
817
 100
AcDbEntity
  8
_TOP_SIDE_
 100
AcDbVertex
 100
AcDb2dVertex
 10
33.935
 20
-18.580
 40
0.050
 41
0.050
  0
VERTEX
  5
818
 100
AcDbEntity
  8
_TOP_SIDE_
 100
AcDbVertex
 100
AcDb2dVertex
 10
33.935
 20
-1.080
 40
0.025
 41
0.025
  0
VERTEX
  5
819
 100
AcDbEntity
  8
_TOP_SIDE_
 100
AcDbVertex
 100
AcDb2dVertex
 10
33.948
 20
-1.080
 40
0.025
 41
0.025
 42
1.00000
  0
VERTEX
  5
81A
 100
AcDbEntity
  8
_TOP_SIDE_
 100
AcDbVertex
 100
AcDb2dVertex
 10
33.923
 20
-1.080
  0
VERTEX
  5
81B
 100
AcDbEntity
  8
_TOP_SIDE_
 100
AcDbVertex
 100
AcDb2dVertex
 10
33.935
 20
-1.068
 40
0.025
 41
0.025
 42
1.00000
  0
VERTEX
  5
81C
 100
AcDbEntity
  8
_TOP_SIDE_
 100
AcDbVertex
 100
AcDb2dVertex
 10
33.935
 20
-1.093
  0
VERTEX
  5
81D
 100
AcDbEntity
  8
_TOP_SIDE_
 100
AcDbVertex
 100
AcDb2dVertex
 10
33.935
 20
-1.080
  0
VERTEX
  5
81E
 100
AcDbEntity
  8
_TOP_SIDE_
 100
AcDbVertex
 100
AcDb2dVertex
 10
33.935
 20
-1.080
 40
0.050
 41
0.050
  0
VERTEX
  5
81F
 100
AcDbEntity
  8
_TOP_SIDE_
 100
AcDbVertex
 100
AcDb2dVertex
 10
58.935
 20
-1.080
 40
0.025
 41
0.025
  0
VERTEX
  5
820
 100
AcDbEntity
  8
_TOP_SIDE_
 100
AcDbVertex
 100
AcDb2dVertex
 10
58.935
 20
-1.093
 40
0.025
 41
0.025
 42
1.00000
  0
VERTEX
  5
821
 100
AcDbEntity
  8
_TOP_SIDE_
 100
AcDbVertex
 100
AcDb2dVertex
 10
58.935
 20
-1.068
  0
VERTEX
  5
822
 100
AcDbEntity
  8
_TOP_SIDE_
 100
AcDbVertex
 100
AcDb2dVertex
 10
58.948
 20
-1.080
 40
0.025
 41
0.025
 42
1.00000
  0
VERTEX
  5
823
 100
AcDbEntity
  8
_TOP_SIDE_
 100
AcDbVertex
 100
AcDb2dVertex
 10
58.923
 20
-1.080
  0
VERTEX
  5
824
 100
AcDbEntity
  8
_TOP_SIDE_
 100
AcDbVertex
 100
AcDb2dVertex
 10
58.935
 20
-1.080
  0
VERTEX
  5
825
 100
AcDbEntity
  8
_TOP_SIDE_
 100
AcDbVertex
 100
AcDb2dVertex
 10
58.935
 20
-1.080
 40
0.050
 41
0.050
  0
VERTEX
  5
826
 100
AcDbEntity
  8
_TOP_SIDE_
 100
AcDbVertex
 100
AcDb2dVertex
 10
58.935
 20
-18.580
 40
0.050
 41
0.050
  0
VERTEX
  5
827
 100
AcDbEntity
  8
_TOP_SIDE_
 100
AcDbVertex
 100
AcDb2dVertex
 10
58.935
 20
-18.580
  0
VERTEX
  5
828
 100
AcDbEntity
  8
_TOP_SIDE_
 100
AcDbVertex
 100
AcDb2dVertex
 10
58.935
 20
-18.580
 40
0.025
 41
0.025
  0
VERTEX
  5
829
 100
AcDbEntity
  8
_TOP_SIDE_
 100
AcDbVertex
 100
AcDb2dVertex
 10
58.923
 20
-18.580
 40
0.025
 41
0.025
 42
1.00000
  0
VERTEX
  5
82A
 100
AcDbEntity
  8
_TOP_SIDE_
 100
AcDbVertex
 100
AcDb2dVertex
 10
58.948
 20
-18.580
  0
SEQEND
  5
82B
 100
AcDbEntity
  8
_TOP_SIDE_
  0
POLYLINE
  5
82C
 100
AcDbEntity
  8
SILKSCREEN_TOP
 100
AcDb2dPolyline
 66
     1
 10
0.000
 20
0.000
 70
     1
 40
0.000
 41
0.000
  0
VERTEX
  5
82D
 100
AcDbEntity
  8
SILKSCREEN_TOP
 100
AcDbVertex
 100
AcDb2dVertex
 10
4.625
 20
-28.546
 40
0.102
 41
0.102
 42
1.00000
  0
VERTEX
  5
82E
 100
AcDbEntity
  8
SILKSCREEN_TOP
 100
AcDbVertex
 100
AcDb2dVertex
 10
4.625
 20
-28.444
  0
VERTEX
  5
82F
 100
AcDbEntity
  8
SILKSCREEN_TOP
 100
AcDbVertex
 100
AcDb2dVertex
 10
4.625
 20
-28.495
  0
VERTEX
  5
830
 100
AcDbEntity
  8
SILKSCREEN_TOP
 100
AcDbVertex
 100
AcDb2dVertex
 10
4.625
 20
-28.495
 40
0.203
 41
0.203
  0
VERTEX
  5
831
 100
AcDbEntity
  8
SILKSCREEN_TOP
 100
AcDbVertex
 100
AcDb2dVertex
 10
-3.475
 20
-28.495
 40
0.102
 41
0.102
  0
VERTEX
  5
832
 100
AcDbEntity
  8
SILKSCREEN_TOP
 100
AcDbVertex
 100
AcDb2dVertex
 10
-3.475
 20
-28.444
 40
0.102
 41
0.102
 42
1.00000
  0
VERTEX
  5
833
 100
AcDbEntity
  8
SILKSCREEN_TOP
 100
AcDbVertex
 100
AcDb2dVertex
 10
-3.475
 20
-28.546
  0
VERTEX
  5
834
 100
AcDbEntity
  8
SILKSCREEN_TOP
 100
AcDbVertex
 100
AcDb2dVertex
 10
-3.526
 20
-28.495
 40
0.102
 41
0.102
 42
1.00000
  0
VERTEX
  5
835
 100
AcDbEntity
  8
SILKSCREEN_TOP
 100
AcDbVertex
 100
AcDb2dVertex
 10
-3.424
 20
-28.495
  0
VERTEX
  5
836
 100
AcDbEntity
  8
SILKSCREEN_TOP
 100
AcDbVertex
 100
AcDb2dVertex
 10
-3.475
 20
-28.495
  0
VERTEX
  5
837
 100
AcDbEntity
  8
SILKSCREEN_TOP
 100
AcDbVertex
 100
AcDb2dVertex
 10
-3.475
 20
-28.495
 40
0.203
 41
0.203
  0
VERTEX
  5
838
 100
AcDbEntity
  8
SILKSCREEN_TOP
 100
AcDbVertex
 100
AcDb2dVertex
 10
-3.475
 20
-19.295
 40
0.102
 41
0.102
  0
VERTEX
  5
839
 100
AcDbEntity
  8
SILKSCREEN_TOP
 100
AcDbVertex
 100
AcDb2dVertex
 10
-3.424
 20
-19.295
 40
0.102
 41
0.102
 42
1.00000
  0
VERTEX
  5
83A
 100
AcDbEntity
  8
SILKSCREEN_TOP
 100
AcDbVertex
 100
AcDb2dVertex
 10
-3.526
 20
-19.295
  0
VERTEX
  5
83B
 100
AcDbEntity
  8
SILKSCREEN_TOP
 100
AcDbVertex
 100
AcDb2dVertex
 10
-3.475
 20
-19.244
 40
0.102
 41
0.102
 42
1.00000
  0
VERTEX
  5
83C
 100
AcDbEntity
  8
SILKSCREEN_TOP
 100
AcDbVertex
 100
AcDb2dVertex
 10
-3.475
 20
-19.346
  0
VERTEX
  5
83D
 100
AcDbEntity
  8
SILKSCREEN_TOP
 100
AcDbVertex
 100
AcDb2dVertex
 10
-3.475
 20
-19.295
  0
VERTEX
  5
83E
 100
AcDbEntity
  8
SILKSCREEN_TOP
 100
AcDbVertex
 100
AcDb2dVertex
 10
-3.475
 20
-19.295
 40
0.203
 41
0.203
  0
VERTEX
  5
83F
 100
AcDbEntity
  8
SILKSCREEN_TOP
 100
AcDbVertex
 100
AcDb2dVertex
 10
4.625
 20
-19.295
 40
0.102
 41
0.102
  0
VERTEX
  5
840
 100
AcDbEntity
  8
SILKSCREEN_TOP
 100
AcDbVertex
 100
AcDb2dVertex
 10
4.625
 20
-19.346
 40
0.102
 41
0.102
 42
1.00000
  0
VERTEX
  5
841
 100
AcDbEntity
  8
SILKSCREEN_TOP
 100
AcDbVertex
 100
AcDb2dVertex
 10
4.625
 20
-19.244
  0
VERTEX
  5
842
 100
AcDbEntity
  8
SILKSCREEN_TOP
 100
AcDbVertex
 100
AcDb2dVertex
 10
4.676
 20
-19.295
 40
0.102
 41
0.102
 42
1.00000
  0
VERTEX
  5
843
 100
AcDbEntity
  8
SILKSCREEN_TOP
 100
AcDbVertex
 100
AcDb2dVertex
 10
4.574
 20
-19.295
  0
VERTEX
  5
844
 100
AcDbEntity
  8
SILKSCREEN_TOP
 100
AcDbVertex
 100
AcDb2dVertex
 10
4.625
 20
-19.295
  0
VERTEX
  5
845
 100
AcDbEntity
  8
SILKSCREEN_TOP
 100
AcDbVertex
 100
AcDb2dVertex
 10
4.625
 20
-19.295
 40
0.203
 41
0.203
  0
VERTEX
  5
846
 100
AcDbEntity
  8
SILKSCREEN_TOP
 100
AcDbVertex
 100
AcDb2dVertex
 10
4.625
 20
-28.495
 40
0.203
 41
0.203
  0
VERTEX
  5
847
 100
AcDbEntity
  8
SILKSCREEN_TOP
 100
AcDbVertex
 100
AcDb2dVertex
 10
4.625
 20
-28.495
  0
VERTEX
  5
848
 100
AcDbEntity
  8
SILKSCREEN_TOP
 100
AcDbVertex
 100
AcDb2dVertex
 10
4.625
 20
-28.495
 40
0.102
 41
0.102
  0
VERTEX
  5
849
 100
AcDbEntity
  8
SILKSCREEN_TOP
 100
AcDbVertex
 100
AcDb2dVertex
 10
4.574
 20
-28.495
 40
0.102
 41
0.102
 42
1.00000
  0
VERTEX
  5
84A
 100
AcDbEntity
  8
SILKSCREEN_TOP
 100
AcDbVertex
 100
AcDb2dVertex
 10
4.676
 20
-28.495
  0
SEQEND
  5
84B
 100
AcDbEntity
  8
SILKSCREEN_TOP
  0
POLYLINE
  5
84C
 100
AcDbEntity
  8
_TOP_SIDE_
 100
AcDb2dPolyline
 66
     1
 10
0.000
 20
0.000
 70
     1
 40
0.000
 41
0.000
  0
VERTEX
  5
84D
 100
AcDbEntity
  8
_TOP_SIDE_
 100
AcDbVertex
 100
AcDb2dVertex
 10
4.625
 20
-28.508
 40
0.025
 41
0.025
 42
1.00000
  0
VERTEX
  5
84E
 100
AcDbEntity
  8
_TOP_SIDE_
 100
AcDbVertex
 100
AcDb2dVertex
 10
4.625
 20
-28.482
  0
VERTEX
  5
84F
 100
AcDbEntity
  8
_TOP_SIDE_
 100
AcDbVertex
 100
AcDb2dVertex
 10
4.625
 20
-28.495
  0
VERTEX
  5
850
 100
AcDbEntity
  8
_TOP_SIDE_
 100
AcDbVertex
 100
AcDb2dVertex
 10
4.625
 20
-28.495
 40
0.051
 41
0.051
  0
VERTEX
  5
851
 100
AcDbEntity
  8
_TOP_SIDE_
 100
AcDbVertex
 100
AcDb2dVertex
 10
-3.475
 20
-28.495
 40
0.025
 41
0.025
  0
VERTEX
  5
852
 100
AcDbEntity
  8
_TOP_SIDE_
 100
AcDbVertex
 100
AcDb2dVertex
 10
-3.475
 20
-28.482
 40
0.025
 41
0.025
 42
1.00000
  0
VERTEX
  5
853
 100
AcDbEntity
  8
_TOP_SIDE_
 100
AcDbVertex
 100
AcDb2dVertex
 10
-3.475
 20
-28.508
  0
VERTEX
  5
854
 100
AcDbEntity
  8
_TOP_SIDE_
 100
AcDbVertex
 100
AcDb2dVertex
 10
-3.488
 20
-28.495
 40
0.025
 41
0.025
 42
1.00000
  0
VERTEX
  5
855
 100
AcDbEntity
  8
_TOP_SIDE_
 100
AcDbVertex
 100
AcDb2dVertex
 10
-3.462
 20
-28.495
  0
VERTEX
  5
856
 100
AcDbEntity
  8
_TOP_SIDE_
 100
AcDbVertex
 100
AcDb2dVertex
 10
-3.475
 20
-28.495
  0
VERTEX
  5
857
 100
AcDbEntity
  8
_TOP_SIDE_
 100
AcDbVertex
 100
AcDb2dVertex
 10
-3.475
 20
-28.495
 40
0.051
 41
0.051
  0
VERTEX
  5
858
 100
AcDbEntity
  8
_TOP_SIDE_
 100
AcDbVertex
 100
AcDb2dVertex
 10
-3.475
 20
-19.295
 40
0.025
 41
0.025
  0
VERTEX
  5
859
 100
AcDbEntity
  8
_TOP_SIDE_
 100
AcDbVertex
 100
AcDb2dVertex
 10
-3.462
 20
-19.295
 40
0.025
 41
0.025
 42
1.00000
  0
VERTEX
  5
85A
 100
AcDbEntity
  8
_TOP_SIDE_
 100
AcDbVertex
 100
AcDb2dVertex
 10
-3.488
 20
-19.295
  0
VERTEX
  5
85B
 100
AcDbEntity
  8
_TOP_SIDE_
 100
AcDbVertex
 100
AcDb2dVertex
 10
-3.475
 20
-19.282
 40
0.025
 41
0.025
 42
1.00000
  0
VERTEX
  5
85C
 100
AcDbEntity
  8
_TOP_SIDE_
 100
AcDbVertex
 100
AcDb2dVertex
 10
-3.475
 20
-19.308
  0
VERTEX
  5
85D
 100
AcDbEntity
  8
_TOP_SIDE_
 100
AcDbVertex
 100
AcDb2dVertex
 10
-3.475
 20
-19.295
  0
VERTEX
  5
85E
 100
AcDbEntity
  8
_TOP_SIDE_
 100
AcDbVertex
 100
AcDb2dVertex
 10
-3.475
 20
-19.295
 40
0.051
 41
0.051
  0
VERTEX
  5
85F
 100
AcDbEntity
  8
_TOP_SIDE_
 100
AcDbVertex
 100
AcDb2dVertex
 10
4.625
 20
-19.295
 40
0.025
 41
0.025
  0
VERTEX
  5
860
 100
AcDbEntity
  8
_TOP_SIDE_
 100
AcDbVertex
 100
AcDb2dVertex
 10
4.625
 20
-19.308
 40
0.025
 41
0.025
 42
1.00000
  0
VERTEX
  5
861
 100
AcDbEntity
  8
_TOP_SIDE_
 100
AcDbVertex
 100
AcDb2dVertex
 10
4.625
 20
-19.282
  0
VERTEX
  5
862
 100
AcDbEntity
  8
_TOP_SIDE_
 100
AcDbVertex
 100
AcDb2dVertex
 10
4.638
 20
-19.295
 40
0.025
 41
0.025
 42
1.00000
  0
VERTEX
  5
863
 100
AcDbEntity
  8
_TOP_SIDE_
 100
AcDbVertex
 100
AcDb2dVertex
 10
4.612
 20
-19.295
  0
VERTEX
  5
864
 100
AcDbEntity
  8
_TOP_SIDE_
 100
AcDbVertex
 100
AcDb2dVertex
 10
4.625
 20
-19.295
  0
VERTEX
  5
865
 100
AcDbEntity
  8
_TOP_SIDE_
 100
AcDbVertex
 100
AcDb2dVertex
 10
4.625
 20
-19.295
 40
0.051
 41
0.051
  0
VERTEX
  5
866
 100
AcDbEntity
  8
_TOP_SIDE_
 100
AcDbVertex
 100
AcDb2dVertex
 10
4.625
 20
-28.495
 40
0.051
 41
0.051
  0
VERTEX
  5
867
 100
AcDbEntity
  8
_TOP_SIDE_
 100
AcDbVertex
 100
AcDb2dVertex
 10
4.625
 20
-28.495
  0
VERTEX
  5
868
 100
AcDbEntity
  8
_TOP_SIDE_
 100
AcDbVertex
 100
AcDb2dVertex
 10
4.625
 20
-28.495
 40
0.025
 41
0.025
  0
VERTEX
  5
869
 100
AcDbEntity
  8
_TOP_SIDE_
 100
AcDbVertex
 100
AcDb2dVertex
 10
4.612
 20
-28.495
 40
0.025
 41
0.025
 42
1.00000
  0
VERTEX
  5
86A
 100
AcDbEntity
  8
_TOP_SIDE_
 100
AcDbVertex
 100
AcDb2dVertex
 10
4.638
 20
-28.495
  0
SEQEND
  5
86B
 100
AcDbEntity
  8
_TOP_SIDE_
  0
POLYLINE
  5
86C
 100
AcDbEntity
  8
_TOP_SIDE_
 100
AcDb2dPolyline
 66
     1
 10
0.000
 20
0.000
 70
     1
 40
0.000
 41
0.000
  0
VERTEX
  5
86D
 100
AcDbEntity
  8
_TOP_SIDE_
 100
AcDbVertex
 100
AcDb2dVertex
 10
0.000
 20
38.788
 40
0.025
 41
0.025
 42
1.00000
  0
VERTEX
  5
86E
 100
AcDbEntity
  8
_TOP_SIDE_
 100
AcDbVertex
 100
AcDb2dVertex
 10
0.000
 20
38.813
  0
VERTEX
  5
86F
 100
AcDbEntity
  8
_TOP_SIDE_
 100
AcDbVertex
 100
AcDb2dVertex
 10
0.000
 20
38.800
  0
VERTEX
  5
870
 100
AcDbEntity
  8
_TOP_SIDE_
 100
AcDbVertex
 100
AcDb2dVertex
 10
0.000
 20
38.800
 40
0.050
 41
0.050
 42
1.00000
  0
VERTEX
  5
871
 100
AcDbEntity
  8
_TOP_SIDE_
 100
AcDbVertex
 100
AcDb2dVertex
 10
0.000
 20
8.300
 40
0.025
 41
0.025
  0
VERTEX
  5
872
 100
AcDbEntity
  8
_TOP_SIDE_
 100
AcDbVertex
 100
AcDb2dVertex
 10
0.000
 20
8.288
 40
0.025
 41
0.025
 42
1.00000
  0
VERTEX
  5
873
 100
AcDbEntity
  8
_TOP_SIDE_
 100
AcDbVertex
 100
AcDb2dVertex
 10
0.000
 20
8.313
  0
VERTEX
  5
874
 100
AcDbEntity
  8
_TOP_SIDE_
 100
AcDbVertex
 100
AcDb2dVertex
 10
0.000
 20
8.313
 40
0.025
 41
0.025
 42
1.00000
  0
VERTEX
  5
875
 100
AcDbEntity
  8
_TOP_SIDE_
 100
AcDbVertex
 100
AcDb2dVertex
 10
0.000
 20
8.288
  0
VERTEX
  5
876
 100
AcDbEntity
  8
_TOP_SIDE_
 100
AcDbVertex
 100
AcDb2dVertex
 10
0.000
 20
8.300
  0
VERTEX
  5
877
 100
AcDbEntity
  8
_TOP_SIDE_
 100
AcDbVertex
 100
AcDb2dVertex
 10
0.000
 20
8.300
 40
0.050
 41
0.050
 42
1.00000
  0
VERTEX
  5
878
 100
AcDbEntity
  8
_TOP_SIDE_
 100
AcDbVertex
 100
AcDb2dVertex
 10
0.000
 20
38.800
 40
0.050
 41
0.050
  0
VERTEX
  5
879
 100
AcDbEntity
  8
_TOP_SIDE_
 100
AcDbVertex
 100
AcDb2dVertex
 10
0.000
 20
38.800
  0
VERTEX
  5
87A
 100
AcDbEntity
  8
_TOP_SIDE_
 100
AcDbVertex
 100
AcDb2dVertex
 10
0.000
 20
38.800
 40
0.025
 41
0.025
  0
VERTEX
  5
87B
 100
AcDbEntity
  8
_TOP_SIDE_
 100
AcDbVertex
 100
AcDb2dVertex
 10
0.000
 20
38.813
 40
0.025
 41
0.025
 42
1.00000
  0
VERTEX
  5
87C
 100
AcDbEntity
  8
_TOP_SIDE_
 100
AcDbVertex
 100
AcDb2dVertex
 10
0.000
 20
38.788
  0
SEQEND
  5
87D
 100
AcDbEntity
  8
_TOP_SIDE_
  0
POLYLINE
  5
87E
 100
AcDbEntity
  8
_TOP_SIDE_
 100
AcDb2dPolyline
 66
     1
 10
0.000
 20
0.000
 70
     1
 40
0.000
 41
0.000
  0
VERTEX
  5
87F
 100
AcDbEntity
  8
_TOP_SIDE_
 100
AcDbVertex
 100
AcDb2dVertex
 10
-19.750
 20
2.132
 40
0.025
 41
0.025
 42
1.00000
  0
VERTEX
  5
880
 100
AcDbEntity
  8
_TOP_SIDE_
 100
AcDbVertex
 100
AcDb2dVertex
 10
-19.750
 20
2.107
  0
VERTEX
  5
881
 100
AcDbEntity
  8
_TOP_SIDE_
 100
AcDbVertex
 100
AcDb2dVertex
 10
-19.750
 20
2.120
  0
VERTEX
  5
882
 100
AcDbEntity
  8
_TOP_SIDE_
 100
AcDbVertex
 100
AcDb2dVertex
 10
-19.750
 20
2.120
 40
0.050
 41
0.050
  0
VERTEX
  5
883
 100
AcDbEntity
  8
_TOP_SIDE_
 100
AcDbVertex
 100
AcDb2dVertex
 10
19.750
 20
2.120
 40
0.025
 41
0.025
  0
VERTEX
  5
884
 100
AcDbEntity
  8
_TOP_SIDE_
 100
AcDbVertex
 100
AcDb2dVertex
 10
19.750
 20
2.107
 40
0.025
 41
0.025
 42
1.00000
  0
VERTEX
  5
885
 100
AcDbEntity
  8
_TOP_SIDE_
 100
AcDbVertex
 100
AcDb2dVertex
 10
19.750
 20
2.132
  0
VERTEX
  5
886
 100
AcDbEntity
  8
_TOP_SIDE_
 100
AcDbVertex
 100
AcDb2dVertex
 10
19.763
 20
2.120
 40
0.025
 41
0.025
 42
1.00000
  0
VERTEX
  5
887
 100
AcDbEntity
  8
_TOP_SIDE_
 100
AcDbVertex
 100
AcDb2dVertex
 10
19.738
 20
2.120
  0
VERTEX
  5
888
 100
AcDbEntity
  8
_TOP_SIDE_
 100
AcDbVertex
 100
AcDb2dVertex
 10
19.750
 20
2.120
  0
VERTEX
  5
889
 100
AcDbEntity
  8
_TOP_SIDE_
 100
AcDbVertex
 100
AcDb2dVertex
 10
19.750
 20
2.120
 40
0.050
 41
0.050
  0
VERTEX
  5
88A
 100
AcDbEntity
  8
_TOP_SIDE_
 100
AcDbVertex
 100
AcDb2dVertex
 10
19.750
 20
0.000
 40
0.025
 41
0.025
  0
VERTEX
  5
88B
 100
AcDbEntity
  8
_TOP_SIDE_
 100
AcDbVertex
 100
AcDb2dVertex
 10
19.738
 20
0.000
 40
0.025
 41
0.025
 42
1.00000
  0
VERTEX
  5
88C
 100
AcDbEntity
  8
_TOP_SIDE_
 100
AcDbVertex
 100
AcDb2dVertex
 10
19.763
 20
0.000
  0
VERTEX
  5
88D
 100
AcDbEntity
  8
_TOP_SIDE_
 100
AcDbVertex
 100
AcDb2dVertex
 10
19.750
 20
-0.013
 40
0.025
 41
0.025
 42
1.00000
  0
VERTEX
  5
88E
 100
AcDbEntity
  8
_TOP_SIDE_
 100
AcDbVertex
 100
AcDb2dVertex
 10
19.750
 20
0.013
  0
VERTEX
  5
88F
 100
AcDbEntity
  8
_TOP_SIDE_
 100
AcDbVertex
 100
AcDb2dVertex
 10
19.750
 20
0.000
  0
VERTEX
  5
890
 100
AcDbEntity
  8
_TOP_SIDE_
 100
AcDbVertex
 100
AcDb2dVertex
 10
19.750
 20
0.000
 40
0.050
 41
0.050
  0
VERTEX
  5
891
 100
AcDbEntity
  8
_TOP_SIDE_
 100
AcDbVertex
 100
AcDb2dVertex
 10
-19.750
 20
0.000
 40
0.025
 41
0.025
  0
VERTEX
  5
892
 100
AcDbEntity
  8
_TOP_SIDE_
 100
AcDbVertex
 100
AcDb2dVertex
 10
-19.750
 20
0.013
 40
0.025
 41
0.025
 42
1.00000
  0
VERTEX
  5
893
 100
AcDbEntity
  8
_TOP_SIDE_
 100
AcDbVertex
 100
AcDb2dVertex
 10
-19.750
 20
-0.013
  0
VERTEX
  5
894
 100
AcDbEntity
  8
_TOP_SIDE_
 100
AcDbVertex
 100
AcDb2dVertex
 10
-19.763
 20
0.000
 40
0.025
 41
0.025
 42
1.00000
  0
VERTEX
  5
895
 100
AcDbEntity
  8
_TOP_SIDE_
 100
AcDbVertex
 100
AcDb2dVertex
 10
-19.738
 20
0.000
  0
VERTEX
  5
896
 100
AcDbEntity
  8
_TOP_SIDE_
 100
AcDbVertex
 100
AcDb2dVertex
 10
-19.750
 20
0.000
  0
VERTEX
  5
897
 100
AcDbEntity
  8
_TOP_SIDE_
 100
AcDbVertex
 100
AcDb2dVertex
 10
-19.750
 20
0.000
 40
0.050
 41
0.050
  0
VERTEX
  5
898
 100
AcDbEntity
  8
_TOP_SIDE_
 100
AcDbVertex
 100
AcDb2dVertex
 10
-19.750
 20
2.120
 40
0.050
 41
0.050
  0
VERTEX
  5
899
 100
AcDbEntity
  8
_TOP_SIDE_
 100
AcDbVertex
 100
AcDb2dVertex
 10
-19.750
 20
2.120
  0
VERTEX
  5
89A
 100
AcDbEntity
  8
_TOP_SIDE_
 100
AcDbVertex
 100
AcDb2dVertex
 10
-19.750
 20
2.120
 40
0.025
 41
0.025
  0
VERTEX
  5
89B
 100
AcDbEntity
  8
_TOP_SIDE_
 100
AcDbVertex
 100
AcDb2dVertex
 10
-19.738
 20
2.120
 40
0.025
 41
0.025
 42
1.00000
  0
VERTEX
  5
89C
 100
AcDbEntity
  8
_TOP_SIDE_
 100
AcDbVertex
 100
AcDb2dVertex
 10
-19.763
 20
2.120
  0
SEQEND
  5
89D
 100
AcDbEntity
  8
_TOP_SIDE_
  0
TEXT
  5
89E
 100
AcDbEntity
  8
SILKSCREEN_TOP
 100
AcDbText
 10
55.030
 20
-21.130
 40
0.867
  1
Rx
 72
     1
 11
55.030
 21
-21.130
 100
AcDbText
 73
     1
  0
TEXT
  5
89F
 100
AcDbEntity
  8
SILKSCREEN_TOP
 100
AcDbText
 10
57.570
 20
-21.130
 40
0.867
  1
Tx
 72
     1
 11
57.570
 21
-21.130
 100
AcDbText
 73
     1
  0
TEXT
  5
8A0
 100
AcDbEntity
  8
SILKSCREEN_TOP
 100
AcDbText
 10
6.135
 20
-21.130
 40
0.867
  1
Top Bit: jimmy_joker21
 72
     0
 11
6.135
 21
-21.130
 100
AcDbText
 73
     1
  0
TEXT
  5
8A1
 100
AcDbEntity
  8
SILKSCREEN_TOP
 100
AcDbText
 10
6.135
 20
-19.860
 40
0.867
  1
Top Sub: MacBlume
 72
     0
 11
6.135
 21
-19.860
 100
AcDbText
 73
     1
  0
TEXT
  5
8A2
 100
AcDbEntity
  8
SILKSCREEN_TOP
 100
AcDbText
 10
7.405
 20
-27.480
 40
4.000
  1
e
  7
EHAJO
 50
90.00000
 72
     0
 11
7.405
 21
-27.480
 100
AcDbText
 73
     1
  0
TEXT
  5
8A3
 100
AcDbEntity
  8
SILKSCREEN_TOP
 100
AcDbText
 10
26.455
 20
-27.480
 40
0.867
  1
Fallblattanzeige FlapFlap Ansteuerung v1.0
 72
     1
 11
26.455
 21
-27.480
 100
AcDbText
 73
     1
  0
TEXT
  5
8A4
 100
AcDbEntity
  8
SILKSCREEN_TOP
 100
AcDbText
 10
-6.565
 20
-18.590
 40
0.867
  1
gr
 72
     1
 11
-6.565
 21
-18.590
 100
AcDbText
 73
     1
  0
TEXT
  5
8A5
 100
AcDbEntity
  8
SILKSCREEN_TOP
 100
AcDbText
 10
-9.105
 20
-18.590
 40
0.867
  1
gr
 72
     1
 11
-9.105
 21
-18.590
 100
AcDbText
 73
     1
  0
TEXT
  5
8A6
 100
AcDbEntity
  8
SILKSCREEN_TOP
 100
AcDbText
 10
-11.645
 20
-18.590
 40
0.867
  1
rt
 72
     1
 11
-11.645
 21
-18.590
 100
AcDbText
 73
     1
  0
TEXT
  5
8A7
 100
AcDbEntity
  8
SILKSCREEN_TOP
 100
AcDbText
 10
-14.185
 20
-18.590
 40
0.867
  1
bl
 72
     1
 11
-14.185
 21
-18.590
 100
AcDbText
 73
     1
  0
TEXT
  5
8A8
 100
AcDbEntity
  8
SILKSCREEN_TOP
 100
AcDbText
 10
0.420
 20
-19.225
 40
0.867
  1
48V AC
 72
     1
 11
0.420
 21
-19.225
 100
AcDbText
 73
     1
  0
TEXT
  5
8A9
 100
AcDbEntity
  8
SILKSCREEN_TOP
 100
AcDbText
 10
1.690
 20
16.970
 40
0.867
  1
R6
 72
     1
 11
1.690
 21
16.970
 100
AcDbText
 73
     3
  0
TEXT
  5
8AA
 100
AcDbEntity
  8
SILKSCREEN_TOP
 100
AcDbText
 10
-2.120
 20
15.700
 40
0.867
  1
R5
 72
     1
 11
-2.120
 21
15.700
 100
AcDbText
 73
     1
  0
TEXT
  5
8AB
 100
AcDbEntity
  8
SILKSCREEN_TOP
 100
AcDbText
 10
25.820
 20
-17.790
 40
0.867
  1
SJ1
 72
     1
 11
25.820
 21
-17.790
 100
AcDbText
 73
     1
  0
TEXT
  5
8AC
 100
AcDbEntity
  8
SILKSCREEN_TOP
 100
AcDbText
 10
6.770
 20
-7.795
 40
0.867
  1
C2
 72
     1
 11
6.770
 21
-7.795
 100
AcDbText
 73
     3
  0
TEXT
  5
8AD
 100
AcDbEntity
  8
SILKSCREEN_TOP
 100
AcDbText
 10
31.662
 20
-12.240
 40
0.867
  1
ZERO
 50
90.00000
 72
     1
 11
31.662
 21
-12.240
 100
AcDbText
 73
     3
  0
TEXT
  5
8AE
 100
AcDbEntity
  8
SILKSCREEN_TOP
 100
AcDbText
 10
51.220
 20
-27.480
 40
0.867
  1
UART
 72
     1
 11
51.220
 21
-27.480
 100
AcDbText
 73
     1
  0
TEXT
  5
8AF
 100
AcDbEntity
  8
SILKSCREEN_TOP
 100
AcDbText
 10
20.740
 20
-11.605
 40
0.867
  1
R4
 50
90.00000
 72
     1
 11
20.740
 21
-11.605
 100
AcDbText
 73
     3
  0
TEXT
  5
8B0
 100
AcDbEntity
  8
SILKSCREEN_TOP
 100
AcDbText
 10
22.645
 20
-10.335
 40
0.867
  1
LED1
 50
90.00000
 72
     1
 11
22.645
 21
-10.335
 100
AcDbText
 73
     3
  0
TEXT
  5
8B1
 100
AcDbEntity
  8
SILKSCREEN_TOP
 100
AcDbText
 10
25.185
 20
-1.445
 40
0.867
  1
RTC
 72
     2
 11
25.185
 21
-1.445
 100
AcDbText
 73
     3
  0
TEXT
  5
8B2
 100
AcDbEntity
  8
SILKSCREEN_TOP
 100
AcDbText
 10
-11.010
 20
-24.305
 40
0.867
  1
X2
 72
     0
 11
-11.010
 21
-24.305
 100
AcDbText
 73
     1
  0
TEXT
  5
8B3
 100
AcDbEntity
  8
SILKSCREEN_TOP
 100
AcDbText
 10
-12.915
 20
-12.875
 40
0.867
  1
R3
 72
     1
 11
-12.915
 21
-12.875
 100
AcDbText
 73
     3
  0
TEXT
  5
8B4
 100
AcDbEntity
  8
SILKSCREEN_TOP
 100
AcDbText
 10
-7.835
 20
-12.875
 40
0.867
  1
T1
 72
     1
 11
-7.835
 21
-12.875
 100
AcDbText
 73
     1
  0
TEXT
  5
8B5
 100
AcDbEntity
  8
SILKSCREEN_TOP
 100
AcDbText
 10
18.835
 20
-11.605
 40
0.867
  1
R1
 50
90.00000
 72
     1
 11
18.835
 21
-11.605
 100
AcDbText
 73
     3
  0
TEXT
  5
8B6
 100
AcDbEntity
  8
SILKSCREEN_TOP
 100
AcDbText
 10
11.850
 20
-9.065
 40
0.867
  1
IC4
 72
     1
 11
11.850
 21
-9.065
 100
AcDbText
 73
     1
  0
TEXT
  5
8B7
 100
AcDbEntity
  8
SILKSCREEN_TOP
 100
AcDbText
 10
2.960
 20
20.780
 40
0.867
  1
C1
 72
     1
 11
2.960
 21
20.780
 100
AcDbText
 73
     3
  0
TEXT
  5
8B8
 100
AcDbEntity
  8
SILKSCREEN_TOP
 100
AcDbText
 10
-2.755
 20
23.320
 40
0.867
  1
IC3
 50
90.00000
 72
     1
 11
-2.755
 21
23.320
 100
AcDbText
 73
     1
  0
TEXT
  5
8B9
 100
AcDbEntity
  8
SILKSCREEN_TOP
 100
AcDbText
 10
39.155
 20
-1.445
 40
0.867
  1
IC2
 72
     1
 11
39.155
 21
-1.445
 100
AcDbText
 73
     3
  0
TEXT
  5
8BA
 100
AcDbEntity
  8
SILKSCREEN_TOP
 100
AcDbText
 10
35.765
 20
-2.890
 40
0.867
  1
4
 72
     2
 11
35.765
 21
-2.890
 100
AcDbText
 73
     3
  0
TEXT
  5
8BB
 100
AcDbEntity
  8
SILKSCREEN_TOP
 100
AcDbText
 10
40.845
 20
-2.890
 40
0.867
  1
3
 72
     2
 11
40.845
 21
-2.890
 100
AcDbText
 73
     3
  0
TEXT
  5
8BC
 100
AcDbEntity
  8
SILKSCREEN_TOP
 100
AcDbText
 10
53.545
 20
-2.890
 40
0.867
  1
2
 72
     2
 11
53.545
 21
-2.890
 100
AcDbText
 73
     3
  0
TEXT
  5
8BD
 100
AcDbEntity
  8
SILKSCREEN_TOP
 100
AcDbText
 10
56.085
 20
-2.890
 40
0.867
  1
1
 72
     2
 11
56.085
 21
-2.890
 100
AcDbText
 73
     3
  0
TEXT
  5
8BE
 100
AcDbEntity
  8
SILKSCREEN_TOP
 100
AcDbText
 10
0.420
 20
-23.035
 40
0.867
  1
X1
 72
     1
 11
0.420
 21
-23.035
 100
AcDbText
 73
     3
  0
INSERT
  5
8BF
 100
AcDbEntity
  8
_DRILL
 100
AcDbBlockReference
  2
_HOLE
 10
57.570
 20
-5.255
 41
1.000
 42
1.000
 43
1.000
  0
INSERT
  5
8C0
 100
AcDbEntity
  8
_DRILL
 100
AcDbBlockReference
  2
_HOLE
 10
55.030
 20
-5.255
 41
1.000
 42
1.000
 43
1.000
  0
INSERT
  5
8C1
 100
AcDbEntity
  8
_DRILL
 100
AcDbBlockReference
  2
_HOLE
 10
52.490
 20
-5.255
 41
1.000
 42
1.000
 43
1.000
  0
INSERT
  5
8C2
 100
AcDbEntity
  8
_DRILL
 100
AcDbBlockReference
  2
_HOLE
 10
49.950
 20
-5.255
 41
1.000
 42
1.000
 43
1.000
  0
INSERT
  5
8C3
 100
AcDbEntity
  8
_DRILL
 100
AcDbBlockReference
  2
_HOLE
 10
47.410
 20
-5.255
 41
1.000
 42
1.000
 43
1.000
  0
INSERT
  5
8C4
 100
AcDbEntity
  8
_DRILL
 100
AcDbBlockReference
  2
_HOLE
 10
44.870
 20
-5.255
 41
1.000
 42
1.000
 43
1.000
  0
INSERT
  5
8C5
 100
AcDbEntity
  8
_DRILL
 100
AcDbBlockReference
  2
_HOLE
 10
32.170
 20
-5.255
 41
1.000
 42
1.000
 43
1.000
  0
INSERT
  5
8C6
 100
AcDbEntity
  8
_DRILL
 100
AcDbBlockReference
  2
_HOLE
 10
29.630
 20
-5.255
 41
1.000
 42
1.000
 43
1.000
  0
INSERT
  5
8C7
 100
AcDbEntity
  8
_DRILL
 100
AcDbBlockReference
  2
_HOLE
 10
27.090
 20
-5.255
 41
1.000
 42
1.000
 43
1.000
  0
INSERT
  5
8C8
 100
AcDbEntity
  8
_DRILL
 100
AcDbBlockReference
  2
_HOLE
 10
24.550
 20
-5.255
 41
1.000
 42
1.000
 43
1.000
  0
INSERT
  5
8C9
 100
AcDbEntity
  8
_DRILL
 100
AcDbBlockReference
  2
_HOLE
 10
22.010
 20
-5.255
 41
1.000
 42
1.000
 43
1.000
  0
INSERT
  5
8CA
 100
AcDbEntity
  8
_DRILL
 100
AcDbBlockReference
  2
_HOLE
 10
19.470
 20
-5.255
 41
1.000
 42
1.000
 43
1.000
  0
INSERT
  5
8CB
 100
AcDbEntity
  8
_DRILL
 100
AcDbBlockReference
  2
_HOLE
 10
16.930
 20
-5.255
 41
1.000
 42
1.000
 43
1.000
  0
INSERT
  5
8CC
 100
AcDbEntity
  8
_DRILL
 100
AcDbBlockReference
  2
_HOLE
 10
14.390
 20
-5.255
 41
1.000
 42
1.000
 43
1.000
  0
INSERT
  5
8CD
 100
AcDbEntity
  8
_DRILL
 100
AcDbBlockReference
  2
_HOLE
 10
11.850
 20
-5.255
 41
1.000
 42
1.000
 43
1.000
  0
INSERT
  5
8CE
 100
AcDbEntity
  8
_DRILL
 100
AcDbBlockReference
  2
_HOLE
 10
9.310
 20
-5.255
 41
1.000
 42
1.000
 43
1.000
  0
INSERT
  5
8CF
 100
AcDbEntity
  8
_DRILL
 100
AcDbBlockReference
  2
_HOLE
 10
9.310
 20
-23.035
 41
1.000
 42
1.000
 43
1.000
  0
INSERT
  5
8D0
 100
AcDbEntity
  8
_DRILL
 100
AcDbBlockReference
  2
_HOLE
 10
11.850
 20
-23.035
 41
1.000
 42
1.000
 43
1.000
  0
INSERT
  5
8D1
 100
AcDbEntity
  8
_DRILL
 100
AcDbBlockReference
  2
_HOLE
 10
14.390
 20
-23.035
 41
1.000
 42
1.000
 43
1.000
  0
INSERT
  5
8D2
 100
AcDbEntity
  8
_DRILL
 100
AcDbBlockReference
  2
_HOLE
 10
16.930
 20
-23.035
 41
1.000
 42
1.000
 43
1.000
  0
INSERT
  5
8D3
 100
AcDbEntity
  8
_DRILL
 100
AcDbBlockReference
  2
_HOLE
 10
19.470
 20
-23.035
 41
1.000
 42
1.000
 43
1.000
  0
INSERT
  5
8D4
 100
AcDbEntity
  8
_DRILL
 100
AcDbBlockReference
  2
_HOLE
 10
22.010
 20
-23.035
 41
1.000
 42
1.000
 43
1.000
  0
INSERT
  5
8D5
 100
AcDbEntity
  8
_DRILL
 100
AcDbBlockReference
  2
_HOLE
 10
24.550
 20
-23.035
 41
1.000
 42
1.000
 43
1.000
  0
INSERT
  5
8D6
 100
AcDbEntity
  8
_DRILL
 100
AcDbBlockReference
  2
_HOLE
 10
27.090
 20
-23.035
 41
1.000
 42
1.000
 43
1.000
  0
INSERT
  5
8D7
 100
AcDbEntity
  8
_DRILL
 100
AcDbBlockReference
  2
_HOLE
 10
29.630
 20
-23.035
 41
1.000
 42
1.000
 43
1.000
  0
INSERT
  5
8D8
 100
AcDbEntity
  8
_DRILL
 100
AcDbBlockReference
  2
_HOLE
 10
32.170
 20
-23.035
 41
1.000
 42
1.000
 43
1.000
  0
INSERT
  5
8D9
 100
AcDbEntity
  8
_DRILL
 100
AcDbBlockReference
  2
_HOLE
 10
34.710
 20
-23.035
 41
1.000
 42
1.000
 43
1.000
  0
INSERT
  5
8DA
 100
AcDbEntity
  8
_DRILL
 100
AcDbBlockReference
  2
_HOLE
 10
37.250
 20
-23.035
 41
1.000
 42
1.000
 43
1.000
  0
INSERT
  5
8DB
 100
AcDbEntity
  8
_DRILL
 100
AcDbBlockReference
  2
_HOLE
 10
39.790
 20
-23.035
 41
1.000
 42
1.000
 43
1.000
  0
INSERT
  5
8DC
 100
AcDbEntity
  8
_DRILL
 100
AcDbBlockReference
  2
_HOLE
 10
42.330
 20
-23.035
 41
1.000
 42
1.000
 43
1.000
  0
INSERT
  5
8DD
 100
AcDbEntity
  8
_DRILL
 100
AcDbBlockReference
  2
_HOLE
 10
44.870
 20
-23.035
 41
1.000
 42
1.000
 43
1.000
  0
INSERT
  5
8DE
 100
AcDbEntity
  8
_DRILL
 100
AcDbBlockReference
  2
_HOLE
 10
47.410
 20
-23.035
 41
1.000
 42
1.000
 43
1.000
  0
INSERT
  5
8DF
 100
AcDbEntity
  8
_DRILL
 100
AcDbBlockReference
  2
_HOLE
 10
49.950
 20
-23.035
 41
1.000
 42
1.000
 43
1.000
  0
INSERT
  5
8E0
 100
AcDbEntity
  8
_DRILL
 100
AcDbBlockReference
  2
_HOLE
 10
52.490
 20
-23.035
 41
1.000
 42
1.000
 43
1.000
  0
INSERT
  5
8E1
 100
AcDbEntity
  8
_DRILL
 100
AcDbBlockReference
  2
_HOLE
 10
55.030
 20
-23.035
 41
1.000
 42
1.000
 43
1.000
  0
INSERT
  5
8E2
 100
AcDbEntity
  8
_DRILL
 100
AcDbBlockReference
  2
_HOLE
 10
57.570
 20
-23.035
 41
1.000
 42
1.000
 43
1.000
  0
INSERT
  5
8E3
 100
AcDbEntity
  8
_DRILL
 100
AcDbBlockReference
  2
_HOLE
 10
-15.930
 20
-12.240
 41
1.100
 42
1.100
 43
1.100
  0
INSERT
  5
8E4
 100
AcDbEntity
  8
_DRILL
 100
AcDbBlockReference
  2
_HOLE
 10
4.070
 20
-12.240
 41
1.100
 42
1.100
 43
1.100
  0
INSERT
  5
8E5
 100
AcDbEntity
  8
_DRILL
 100
AcDbBlockReference
  2
_HOLE
 10
-16.545
 20
-3.985
 41
1.100
 42
1.100
 43
1.100
  0
INSERT
  5
8E6
 100
AcDbEntity
  8
_DRILL
 100
AcDbBlockReference
  2
_HOLE
 10
5.955
 20
-3.985
 41
1.100
 42
1.100
 43
1.100
  0
INSERT
  5
8E7
 100
AcDbEntity
  8
_DRILL
 100
AcDbBlockReference
  2
_HOLE
 10
57.570
 20
-26.210
 41
1.100
 42
1.100
 43
1.100
  0
INSERT
  5
8E8
 100
AcDbEntity
  8
_DRILL
 100
AcDbBlockReference
  2
_HOLE
 10
55.030
 20
-26.210
 41
1.100
 42
1.100
 43
1.100
  0
INSERT
  5
8E9
 100
AcDbEntity
  8
_DRILL
 100
AcDbBlockReference
  2
_HOLE
 10
9.945
 20
-2.080
 41
1.100
 42
1.100
 43
1.100
  0
INSERT
  5
8EA
 100
AcDbEntity
  8
_DRILL
 100
AcDbBlockReference
  2
_HOLE
 10
12.485
 20
-2.080
 41
1.100
 42
1.100
 43
1.100
  0
INSERT
  5
8EB
 100
AcDbEntity
  8
_DRILL
 100
AcDbBlockReference
  2
_HOLE
 10
15.025
 20
-2.080
 41
1.100
 42
1.100
 43
1.100
  0
INSERT
  5
8EC
 100
AcDbEntity
  8
_DRILL
 100
AcDbBlockReference
  2
_HOLE
 10
17.565
 20
-2.080
 41
1.100
 42
1.100
 43
1.100
  0
INSERT
  5
8ED
 100
AcDbEntity
  8
_DRILL
 100
AcDbBlockReference
  2
_HOLE
 10
20.105
 20
-2.080
 41
1.100
 42
1.100
 43
1.100
  0
INSERT
  5
8EE
 100
AcDbEntity
  8
_DRILL
 100
AcDbBlockReference
  2
_HOLE
 10
-6.685
 20
-19.860
 41
1.400
 42
1.400
 43
1.400
  0
INSERT
  5
8EF
 100
AcDbEntity
  8
_DRILL
 100
AcDbBlockReference
  2
_HOLE
 10
-9.185
 20
-19.860
 41
1.400
 42
1.400
 43
1.400
  0
INSERT
  5
8F0
 100
AcDbEntity
  8
_DRILL
 100
AcDbBlockReference
  2
_HOLE
 10
-11.685
 20
-19.860
 41
1.400
 42
1.400
 43
1.400
  0
INSERT
  5
8F1
 100
AcDbEntity
  8
_DRILL
 100
AcDbBlockReference
  2
_HOLE
 10
-14.185
 20
-19.860
 41
1.400
 42
1.400
 43
1.400
  0
INSERT
  5
8F2
 100
AcDbEntity
  8
_DRILL
 100
AcDbBlockReference
  2
_HOLE
 10
-17.915
 20
-15.415
 41
0.800
 42
0.800
 43
0.800
  0
INSERT
  5
8F3
 100
AcDbEntity
  8
_DRILL
 100
AcDbBlockReference
  2
_HOLE
 10
-7.915
 20
-15.415
 41
0.800
 42
0.800
 43
0.800
  0
INSERT
  5
8F4
 100
AcDbEntity
  8
_DRILL
 100
AcDbBlockReference
  2
_HOLE
 10
36.615
 20
-2.080
 41
1.000
 42
1.000
 43
1.000
  0
INSERT
  5
8F5
 100
AcDbEntity
  8
_DRILL
 100
AcDbBlockReference
  2
_HOLE
 10
41.695
 20
-2.080
 41
1.000
 42
1.000
 43
1.000
  0
INSERT
  5
8F6
 100
AcDbEntity
  8
_DRILL
 100
AcDbBlockReference
  2
_HOLE
 10
54.395
 20
-2.080
 41
1.000
 42
1.000
 43
1.000
  0
INSERT
  5
8F7
 100
AcDbEntity
  8
_DRILL
 100
AcDbBlockReference
  2
_HOLE
 10
56.935
 20
-2.080
 41
1.000
 42
1.000
 43
1.000
  0
INSERT
  5
8F8
 100
AcDbEntity
  8
_DRILL
 100
AcDbBlockReference
  2
_HOLE
 10
-1.175
 20
-20.495
 41
1.400
 42
1.400
 43
1.400
  0
INSERT
  5
8F9
 100
AcDbEntity
  8
_DRILL
 100
AcDbBlockReference
  2
_HOLE
 10
2.325
 20
-20.495
 41
1.400
 42
1.400
 43
1.400
  0
INSERT
  5
8FA
 100
AcDbEntity
  8
_DRILL
 100
AcDbBlockReference
  2
_HOLE
 10
16.000
 20
5.000
 41
3.100
 42
3.100
 43
3.100
  0
INSERT
  5
8FB
 100
AcDbEntity
  8
_DRILL
 100
AcDbBlockReference
  2
_HOLE
 10
-16.000
 20
5.000
 41
3.100
 42
3.100
 43
3.100
  0
ENDSEC
  0
SECTION
  2
OBJECTS
  0
DICTIONARY
  5
8FC
 100
AcDbDictionary
  3
ACAD_GROUP
 350
8FD
  3
ACAD_MLINESTYLE
 350
8FE
  0
DICTIONARY
  5
8FD
 102
{ACAD_REACTORS
 330
8FC
 102
}
 100
AcDbDictionary
  0
DICTIONARY
  5
8FE
 102
{ACAD_REACTORS
 330
8FC
 102
}
 100
AcDbDictionary
  3
STANDARD
 350
8FF
  0
MLINESTYLE
  5
8FF
 102
{ACAD_REACTORS
 330
8FE
 102
}
 100
AcDbMlineStyle
  2
STANDARD
 70
     0
  3

 62
    256
 51
90.00000
 52
90.00000
 71
     2
 49
0.50000
 62
    256
  6
BYLAYER
 49
-0.50000
 62
    256
  6
BYLAYER
  0
ENDSEC
  0
EOF
